experiment,target_project,seed,model,selected_candidate,selection_mode,threshold,selection_score,avg_precision,roc_auc,mcc,f1,balanced_accuracy,precision,recall,brier,precision_at_10pct,recall_at_10pct,lift_at_10pct,precision_at_20pct,recall_at_20pct,lift_at_20pct
within_project,CM1,7,LR_std_C0.1,LR_std_C0.1,single_candidate_balanced_threshold,0.73183699999999996,0.39998118297477703,0.32996704939511368,0.70166666666666666,0.24459979523511427,0.31578947368421051,0.6166666666666667,0.33333333333333331,0.29999999999999999,0.16063454214168382,0.29999999999999999,0.29999999999999999,2.9999999999999996,0.29999999999999999,0.59999999999999998,2.9999999999999996
within_project,CM1,7,LR_std_C1,LR_std_C1,single_candidate_balanced_threshold,0.77341599999999999,0.39867594658647626,0.40516356446112445,0.70166666666666666,0.30048035730668787,0.35294117647058826,0.62777777777777777,0.42857142857142855,0.29999999999999999,0.1507920478307733,0.29999999999999999,0.29999999999999999,2.9999999999999996,0.25,0.5,2.5
within_project,CM1,7,DT_leaf5,DT_leaf5,single_candidate_balanced_threshold,0.218,0.20807139311938952,0.13638655462184873,0.61444444444444446,0.15370411138779599,0.25,0.58888888888888891,0.21428571428571427,0.29999999999999999,0.11417779097304942,0.10000000000000001,0.10000000000000001,1,0.20000000000000001,0.40000000000000002,2
within_project,CM1,7,ET_leaf5,ET_leaf5,single_candidate_balanced_threshold,0.64100000000000001,0.42969275585444539,0.15905222244675243,0.64277777777777778,-0.06804138174397717,0,0.4777777777777778,0,0,0.15252812607781427,0.20000000000000001,0.20000000000000001,2,0.14999999999999999,0.29999999999999999,1.4999999999999998
within_project,CM1,7,AQRPE_v2_balanced,ET_leaf5,balanced_objective,0.64100000000000001,0.42969275585444539,0.15905222244675243,0.64277777777777778,-0.06804138174397717,0,0.4777777777777778,0,0,0.15252812607781427,0.20000000000000001,0.20000000000000001,2,0.14999999999999999,0.29999999999999999,1.4999999999999998
within_project,CM1,7,AQRPE_v2_rank,LR_std_C0.1,rank_objective_fixed_threshold,0.5,0.34337659286423111,0.32996704939511368,0.70166666666666666,0.33333333333333331,0.40000000000000002,0.72222222222222221,0.29999999999999999,0.59999999999999998,0.16063454214168382,0.29999999999999999,0.29999999999999999,2.9999999999999996,0.29999999999999999,0.59999999999999998,2.9999999999999996
within_project,CM1,7,AQRPE_v2_mcc,ET_leaf5,mcc_objective,0.64100000000000001,0.36673230396086576,0.15905222244675243,0.64277777777777778,-0.06804138174397717,0,0.4777777777777778,0,0,0.15252812607781427,0.20000000000000001,0.20000000000000001,2,0.14999999999999999,0.29999999999999999,1.4999999999999998
within_project,CM1,7,AQRPE_v2_soft_top3,ET_leaf5|LR_std_C0.1|LR_std_C1,soft_top3_balanced_objective,0.71150000000000002,0.41431599634224003,0.3275803406215777,0.69166666666666665,0.16983672369508443,0.23529411764705882,0.57222222222222219,0.2857142857142857,0.20000000000000001,0.14949392792167088,0.29999999999999999,0.29999999999999999,2.9999999999999996,0.25,0.5,2.5
within_project,JM1,7,LR_std_C0.1,LR_std_C0.1,single_candidate_balanced_threshold,0.5,0.38015008074271234,0.38311643817635144,0.71278220025250905,0.24392345230582235,0.38652766639935848,0.65446652115298198,0.29176755447941888,0.57244655581947745,0.20644587161348799,0.49056603773584906,0.30878859857482183,3.0773988257966209,0.36483931947069942,0.45843230403800472,2.2886951133541973
within_project,JM1,7,LR_std_C1,LR_std_C1,single_candidate_balanced_threshold,0.51626000000000005,0.37993375539358959,0.37908112256560222,0.71051817851105259,0.24322412259043047,0.38539898132427841,0.65022683015557126,0.29986789960369881,0.53919239904988125,0.20616768443963743,0.48679245283018868,0.30641330166270786,3.0537265271366469,0.35916824196597352,0.45130641330166271,2.2531195416440286
within_project,JM1,7,DT_leaf5,DT_leaf5,single_candidate_balanced_threshold,0.124,0.35063415333025238,0.26818569172222012,0.63501048554492734,0.19445342763688384,0.3515625,0.62442810982003383,0.26193247962747379,0.53444180522565321,0.16624729763278845,0.39245283018867927,0.24703087885985747,2.4619190606372969,0.31190926275992437,0.39192399049881232,1.956656444059288
within_project,JM1,7,ET_leaf5,ET_leaf5,single_candidate_balanced_threshold,0.47649999999999998,0.4183490088504131,0.42496996479258664,0.75474524405640797,0.30166156887171558,0.42881646655231559,0.68542562752776526,0.33557046979865773,0.59382422802850354,0.1676259723372398,0.51698113207547169,0.32541567695961993,3.2431049164164389,0.38752362948960301,0.48693586698337293,2.4309974001948729
within_project,JM1,7,AQRPE_v2_balanced,ET_leaf5,balanced_objective,0.47649999999999998,0.4183490088504131,0.42496996479258664,0.75474524405640797,0.30166156887171558,0.42881646655231559,0.68542562752776526,0.33557046979865773,0.59382422802850354,0.1676259723372398,0.51698113207547169,0.32541567695961993,3.2431049164164389,0.38752362948960301,0.48693586698337293,2.4309974001948729
within_project,JM1,7,AQRPE_v2_rank,ET_leaf5,rank_objective_fixed_threshold,0.5,0.36568041740291862,0.42496996479258664,0.75474524405640797,0.30505757816974277,0.43082636954503251,0.68003894630973005,0.35365853658536583,0.55106888361045125,0.1676259723372398,0.51698113207547169,0.32541567695961993,3.2431049164164389,0.38752362948960301,0.48693586698337293,2.4309974001948729
within_project,JM1,7,AQRPE_v2_mcc,ET_leaf5,mcc_objective,0.47649999999999998,0.30028604364563927,0.42496996479258664,0.75474524405640797,0.30166156887171558,0.42881646655231559,0.68542562752776526,0.33557046979865773,0.59382422802850354,0.1676259723372398,0.51698113207547169,0.32541567695961993,3.2431049164164389,0.38752362948960301,0.48693586698337293,2.4309974001948729
within_project,JM1,7,AQRPE_v2_soft_top3,ET_leaf5|LR_std_C0.1|LR_std_C1,soft_top3_balanced_objective,0.49186099999999999,0.39948286501441144,0.40260042753674097,0.73855203184181806,0.27658933912226424,0.4101694915254237,0.67096948492435438,0.3188405797101449,0.57482185273159148,0.18972258561109173,0.50188679245283019,0.31591448931116389,3.1484157217765429,0.37429111531190928,0.47030878859857483,2.3479877328711458
within_project,KC1,7,LR_std_C0.1,LR_std_C0.1,single_candidate_balanced_threshold,0.73085199999999995,0.51041730734517377,0.38287723744751229,0.73466925231631119,0.28403455228917884,0.3669724770642202,0.6202327084680026,0.45454545454545453,0.30769230769230771,0.19234960935531592,0.46511627906976744,0.30769230769230771,3.0196779964221823,0.35294117647058826,0.46153846153846156,2.2914027149321265
within_project,KC1,7,LR_std_C1,LR_std_C1,single_candidate_balanced_threshold,0.71150000000000002,0.49131449022689599,0.37767005197968417,0.7311355311355312,0.29390149791472264,0.38983050847457629,0.63490627020038781,0.43396226415094341,0.35384615384615387,0.19079049560190681,0.48837209302325579,0.32307692307692309,3.1706618962432911,0.32941176470588235,0.43076923076923079,2.1386425339366513
within_project,KC1,7,DT_leaf5,DT_leaf5,single_candidate_balanced_threshold,0.64100000000000001,0.49348853444065466,0.26207749223778304,0.63053221288515415,0.26858107433283118,0.35185185185185186,0.61254040077569494,0.44186046511627908,0.29230769230769232,0.17003829506061491,0.44186046511627908,0.29230769230769232,2.8686940966010734,0.30588235294117649,0.40000000000000002,1.9858823529411764
within_project,KC1,7,ET_leaf5,ET_leaf5,single_candidate_balanced_threshold,0.52349999999999997,0.51883633756720438,0.39399467171936986,0.74473173884938593,0.25950655765587077,0.3902439024390244,0.65231631113984057,0.32323232323232326,0.49230769230769234,0.1676918246396866,0.46511627906976744,0.30769230769230771,3.0196779964221823,0.32941176470588235,0.43076923076923079,2.1386425339366513
within_project,KC1,7,AQRPE_v2_balanced,ET_leaf5,balanced_objective,0.52349999999999997,0.51883633756720438,0.39399467171936986,0.74473173884938593,0.25950655765587077,0.3902439024390244,0.65231631113984057,0.32323232323232326,0.49230769230769234,0.1676918246396866,0.46511627906976744,0.30769230769230771,3.0196779964221823,0.32941176470588235,0.43076923076923079,2.1386425339366513
within_project,KC1,7,AQRPE_v2_rank,ET_leaf5,rank_objective_fixed_threshold,0.5,0.49974786778042007,0.39399467171936986,0.74473173884938593,0.28184291488238405,0.40909090909090912,0.67188106011635429,0.32432432432432434,0.55384615384615388,0.1676918246396866,0.46511627906976744,0.30769230769230771,3.0196779964221823,0.32941176470588235,0.43076923076923079,2.1386425339366513
within_project,KC1,7,AQRPE_v2_mcc,LR_std_C0.1,mcc_objective,0.73085199999999995,0.42913052772074445,0.38287723744751229,0.73466925231631119,0.28403455228917884,0.3669724770642202,0.6202327084680026,0.45454545454545453,0.30769230769230771,0.19234960935531592,0.46511627906976744,0.30769230769230771,3.0196779964221823,0.35294117647058826,0.46153846153846156,2.2914027149321265
within_project,KC1,7,AQRPE_v2_soft_top3,ET_leaf5|LR_std_C0.1|DT_leaf5,soft_top3_balanced_objective,0.59399999999999997,0.5323639895188701,0.38393830271801477,0.73415212238741656,0.24428913242741551,0.34999999999999998,0.61391941391941396,0.38181818181818183,0.32307692307692309,0.15231949767685446,0.39534883720930231,0.26153846153846155,2.5667262969588549,0.35294117647058826,0.46153846153846156,2.2914027149321265
within_project,KC2,7,LR_std_C0.1,LR_std_C0.1,single_candidate_balanced_threshold,0.60977700000000001,0.67908676852414651,0.65524465015784816,0.77327491785323121,0.4249726177437021,0.54545454545454541,0.71248630887185094,0.54545454545454541,0.54545454545454541,0.16573372198202119,0.81818181818181823,0.40909090909090912,3.9049586776859506,0.52380952380952384,0.5,2.5
within_project,KC2,7,LR_std_C1,LR_std_C1,single_candidate_balanced_threshold,0.50394700000000003,0.6881746654225529,0.63623508225709835,0.7732749178532311,0.3708873012228987,0.51851851851851849,0.70974808324205907,0.4375,0.63636363636363635,0.16557869144687506,0.81818181818181823,0.40909090909090912,3.9049586776859506,0.5714285714285714,0.54545454545454541,2.7272727272727271
within_project,KC2,7,DT_leaf5,DT_leaf5,single_candidate_balanced_threshold,0.218,0.37639593262201954,0.43930845478480751,0.58378970427163202,0.23656107737687027,0.40000000000000002,0.62020810514786417,0.39130434782608697,0.40909090909090912,0.1817061422581521,0.63636363636363635,0.31818181818181818,3.0371900826446279,0.42857142857142855,0.40909090909090912,2.0454545454545454
within_project,KC2,7,ET_leaf5,ET_leaf5,single_candidate_balanced_threshold,0.55895499999999998,0.72229753141638164,0.6702496264214215,0.77601314348302308,0.39316496246641541,0.53061224489795922,0.71111719605695511,0.48148148148148145,0.59090909090909094,0.16105818408130426,0.90909090909090906,0.45454545454545453,4.3388429752066111,0.5714285714285714,0.54545454545454541,2.7272727272727271
within_project,KC2,7,AQRPE_v2_balanced,ET_leaf5,balanced_objective,0.55895499999999998,0.72229753141638164,0.6702496264214215,0.77601314348302308,0.39316496246641541,0.53061224489795922,0.71111719605695511,0.48148148148148145,0.59090909090909094,0.16105818408130426,0.90909090909090906,0.45454545454545453,4.3388429752066111,0.5714285714285714,0.54545454545454541,2.7272727272727271
within_project,KC2,7,AQRPE_v2_rank,LR_std_C0.1,rank_objective_fixed_threshold,0.5,0.56867273863407708,0.65524465015784816,0.77327491785323121,0.3708873012228987,0.51851851851851849,0.70974808324205907,0.4375,0.63636363636363635,0.16573372198202119,0.81818181818181823,0.40909090909090912,3.9049586776859506,0.52380952380952384,0.5,2.5
within_project,KC2,7,AQRPE_v2_mcc,ET_leaf5,mcc_objective,0.55895499999999998,0.70346500531201273,0.6702496264214215,0.77601314348302308,0.39316496246641541,0.53061224489795922,0.71111719605695511,0.48148148148148145,0.59090909090909094,0.16105818408130426,0.90909090909090906,0.45454545454545453,4.3388429752066111,0.5714285714285714,0.54545454545454541,2.7272727272727271
within_project,KC2,7,AQRPE_v2_soft_top3,ET_leaf5|LR_std_C1|LR_std_C0.1,soft_top3_balanced_objective,0.59399999999999997,0.69592971138668114,0.6679986610333668,0.77875136911281495,0.3715292101542077,0.51063829787234039,0.69441401971522454,0.47999999999999998,0.54545454545454541,0.16169471266129329,0.81818181818181823,0.40909090909090912,3.9049586776859506,0.5714285714285714,0.54545454545454541,2.7272727272727271
within_project,PC1,7,LR_std_C0.1,LR_std_C0.1,single_candidate_balanced_threshold,0.42949999999999999,0.43877869176028977,0.32895658094402258,0.8318840579710145,0.33169740763693839,0.30434782608695654,0.8144927536231884,0.18181818181818182,0.93333333333333335,0.17718393655235262,0.2608695652173913,0.40000000000000002,3.8608695652173908,0.15555555555555556,0.46666666666666667,2.3022222222222219
within_project,PC1,7,LR_std_C1,LR_std_C1,single_candidate_balanced_threshold,0.63020900000000002,0.44949201855100956,0.30768373225690304,0.84541062801932365,0.21669453555438456,0.26923076923076922,0.66086956521739126,0.1891891891891892,0.46666666666666667,0.1684012233639133,0.2608695652173913,0.40000000000000002,3.8608695652173908,0.17777777777777778,0.53333333333333333,2.6311111111111112
within_project,PC1,7,DT_leaf5,DT_leaf5,single_candidate_balanced_threshold,0.24149999999999999,0.53224349506226198,0.31850089437808732,0.78099838969404178,0.36669585460143395,0.41176470588235292,0.70434782608695645,0.36842105263157893,0.46666666666666667,0.05408313191991005,0.30434782608695654,0.46666666666666667,4.5043478260869563,0.22222222222222221,0.66666666666666663,3.2888888888888883
within_project,PC1,7,ET_leaf5,ET_leaf5,single_candidate_balanced_threshold,0.68799999999999994,0.50901381114367117,0.45006491920097597,0.82125603864734298,0.52567816405905166,0.52173913043478259,0.6951690821256038,0.75,0.40000000000000002,0.10848190654586419,0.34782608695652173,0.53333333333333333,5.1478260869565213,0.22222222222222221,0.66666666666666663,3.2888888888888883
within_project,PC1,7,AQRPE_v2_balanced,DT_leaf5,balanced_objective,0.24149999999999999,0.53224349506226198,0.31850089437808732,0.78099838969404178,0.36669585460143395,0.41176470588235292,0.70434782608695645,0.36842105263157893,0.46666666666666667,0.05408313191991005,0.30434782608695654,0.46666666666666667,4.5043478260869563,0.22222222222222221,0.66666666666666663,3.2888888888888883
within_project,PC1,7,AQRPE_v2_rank,ET_leaf5,rank_objective_fixed_threshold,0.5,0.46445435036276783,0.45006491920097597,0.82125603864734298,0.36115755925730758,0.38461538461538464,0.76811594202898548,0.27027027027027029,0.66666666666666663,0.10848190654586419,0.34782608695652173,0.53333333333333333,5.1478260869565213,0.22222222222222221,0.66666666666666663,3.2888888888888883
within_project,PC1,7,AQRPE_v2_mcc,DT_leaf5,mcc_objective,0.24149999999999999,0.47125033487402262,0.31850089437808732,0.78099838969404178,0.36669585460143395,0.41176470588235292,0.70434782608695645,0.36842105263157893,0.46666666666666667,0.05408313191991005,0.30434782608695654,0.46666666666666667,4.5043478260869563,0.22222222222222221,0.66666666666666663,3.2888888888888883
within_project,PC1,7,AQRPE_v2_soft_top3,DT_leaf5|ET_leaf5|LR_std_C1,soft_top3_balanced_objective,0.59399999999999997,0.57540565158883505,0.47189287573989075,0.88405797101449279,0.60010489314091486,0.61538461538461542,0.75942028985507248,0.72727272727272729,0.53333333333333333,0.081358065623821418,0.39130434782608697,0.59999999999999998,5.7913043478260873,0.24444444444444444,0.73333333333333328,3.6177777777777775
within_project,CM1,13,LR_std_C0.1,LR_std_C0.1,single_candidate_balanced_threshold,0.61750000000000005,0.42376571573768435,0.59045647716128258,0.92333333333333334,0.44189932023991352,0.5,0.75555555555555554,0.42857142857142855,0.59999999999999998,0.16561012171683692,0.29999999999999999,0.29999999999999999,2.9999999999999996,0.40000000000000002,0.80000000000000004,4
within_project,CM1,13,LR_std_C1,LR_std_C1,single_candidate_balanced_threshold,0.42949999999999999,0.38850856207571471,0.55533063377465652,0.85888888888888881,0.38437110679803671,0.40000000000000002,0.80555555555555558,0.25714285714285712,0.90000000000000002,0.16198895880991537,0.40000000000000002,0.40000000000000002,4,0.40000000000000002,0.80000000000000004,4
within_project,CM1,13,DT_leaf5,DT_leaf5,single_candidate_balanced_threshold,0.029999999999999999,0.35426899837998371,0.15058574879227055,0.63222222222222224,0.19245008972987526,0.2857142857142857,0.63888888888888884,0.20000000000000001,0.5,0.11699284714286468,0.20000000000000001,0.20000000000000001,2,0.20000000000000001,0.40000000000000002,2
within_project,CM1,13,ET_leaf5,ET_leaf5,single_candidate_balanced_threshold,0.504355,0.44455034756041439,0.24289754191881852,0.7911111111111111,0.25,0.33333333333333331,0.66666666666666674,0.25,0.5,0.14495502324977497,0.20000000000000001,0.20000000000000001,2,0.25,0.5,2.5
within_project,CM1,13,AQRPE_v2_balanced,ET_leaf5,balanced_objective,0.504355,0.44455034756041439,0.24289754191881852,0.7911111111111111,0.25,0.33333333333333331,0.66666666666666674,0.25,0.5,0.14495502324977497,0.20000000000000001,0.20000000000000001,2,0.25,0.5,2.5
within_project,CM1,13,AQRPE_v2_rank,LR_std_C0.1,rank_objective_fixed_threshold,0.5,0.34208153638814021,0.59045647716128258,0.92333333333333334,0.54809809581291635,0.54054054054054057,0.90555555555555556,0.37037037037037035,1,0.16561012171683692,0.29999999999999999,0.29999999999999999,2.9999999999999996,0.40000000000000002,0.80000000000000004,4
within_project,CM1,13,AQRPE_v2_mcc,ET_leaf5,mcc_objective,0.504355,0.37227795760871002,0.24289754191881852,0.7911111111111111,0.25,0.33333333333333331,0.66666666666666674,0.25,0.5,0.14495502324977497,0.20000000000000001,0.20000000000000001,2,0.25,0.5,2.5
within_project,CM1,13,AQRPE_v2_soft_top3,ET_leaf5|LR_std_C0.1|LR_std_C1,soft_top3_balanced_objective,0.60092800000000002,0.42855626948174086,0.46735387800605194,0.90666666666666673,0.36673230396086576,0.43478260869565216,0.70555555555555549,0.38461538461538464,0.5,0.14888917644402189,0.40000000000000002,0.40000000000000002,4,0.40000000000000002,0.80000000000000004,4
within_project,JM1,13,LR_std_C0.1,LR_std_C0.1,single_candidate_balanced_threshold,0.54907499999999998,0.39518336978587543,0.34443492301864231,0.71534527401510772,0.27185925316419235,0.40419447092469019,0.65808777899039184,0.33757961783439489,0.50356294536817103,0.21367422891444188,0.4188679245283019,0.26365795724465557,2.6276251512571149,0.35727788279773159,0.44893111638954869,2.2412610177406393
within_project,JM1,13,LR_std_C1,LR_std_C1,single_candidate_balanced_threshold,0.57050000000000001,0.39715848146512223,0.34058249790932443,0.7149108728681175,0.26240680641114572,0.3925619834710744,0.64524780124542591,0.34734917733089582,0.45130641330166271,0.21238946551922552,0.4188679245283019,0.26365795724465557,2.6276251512571149,0.35349716446124763,0.44418052256532065,2.2175439699338599
within_project,JM1,13,DT_leaf5,DT_leaf5,single_candidate_balanced_threshold,0.40600000000000003,0.34858718756025148,0.2654927000594306,0.6413328411546938,0.19844493892726942,0.32320777642770354,0.59737165906999634,0.3308457711442786,0.31591448931116389,0.15911998443020905,0.33962264150943394,0.21377672209026127,2.1305068793976605,0.31758034026465026,0.39904988123515439,1.9922320157694569
within_project,JM1,13,ET_leaf5,ET_leaf5,single_candidate_balanced_threshold,0.54057100000000002,0.44324926873415421,0.41218164428976167,0.77045055744580693,0.31772192045288078,0.43651626442812175,0.67405790588688452,0.39097744360902253,0.49406175771971494,0.16941013759605375,0.4679245283018868,0.29453681710213775,2.9353650338367769,0.39130434782608697,0.49168646080760092,2.4547144480016523
within_project,JM1,13,AQRPE_v2_balanced,ET_leaf5,balanced_objective,0.54057100000000002,0.44324926873415421,0.41218164428976167,0.77045055744580693,0.31772192045288078,0.43651626442812175,0.67405790588688452,0.39097744360902253,0.49406175771971494,0.16941013759605375,0.4679245283018868,0.29453681710213775,2.9353650338367769,0.39130434782608697,0.49168646080760092,2.4547144480016523
within_project,JM1,13,AQRPE_v2_rank,ET_leaf5,rank_objective_fixed_threshold,0.5,0.40795221379252361,0.41218164428976167,0.77045055744580693,0.32895929265297913,0.4494995450409463,0.6962770965740086,0.36430678466076694,0.58669833729216148,0.16941013759605375,0.4679245283018868,0.29453681710213775,2.9353650338367769,0.39130434782608697,0.49168646080760092,2.4547144480016523
within_project,JM1,13,AQRPE_v2_mcc,ET_leaf5,mcc_objective,0.54057100000000002,0.33686272073294743,0.41218164428976167,0.77045055744580693,0.31772192045288078,0.43651626442812175,0.67405790588688452,0.39097744360902253,0.49406175771971494,0.16941013759605375,0.4679245283018868,0.29453681710213775,2.9353650338367769,0.39130434782608697,0.49168646080760092,2.4547144480016523
within_project,JM1,13,AQRPE_v2_soft_top3,ET_leaf5|LR_std_C1|LR_std_C0.1,soft_top3_balanced_objective,0.48496,0.41463840829453086,0.36977292397241779,0.74341015599922966,0.28096591034637713,0.41292356185973206,0.67918191350495394,0.30896226415094341,0.6223277909738717,0.19503383444571867,0.44905660377358492,0.28266033254156769,2.8170035405369069,0.37618147448015121,0.47268408551068886,2.3598462567745351
within_project,KC1,13,LR_std_C0.1,LR_std_C0.1,single_candidate_balanced_threshold,0.76000299999999998,0.48463690397709425,0.36378400178955939,0.7745959922430512,0.21930214103443493,0.31858407079646017,0.59644473173884938,0.375,0.27692307692307694,0.19376715226445709,0.41860465116279072,0.27692307692307694,2.7177101967799642,0.31764705882352939,0.41538461538461541,2.0622624434389136
within_project,KC1,13,LR_std_C1,LR_std_C1,single_candidate_balanced_threshold,0.64100000000000001,0.49389610726193789,0.37804670290519082,0.77946563240680888,0.26955080463778436,0.39751552795031053,0.65651799181210946,0.33333333333333331,0.49230769230769234,0.19353309427203114,0.41860465116279072,0.27692307692307694,2.7177101967799642,0.3411764705882353,0.44615384615384618,2.2150226244343889
within_project,KC1,13,DT_leaf5,DT_leaf5,single_candidate_balanced_threshold,0.52349999999999997,0.53524388224907615,0.29377382006500691,0.65037707390648558,0.26019422739550452,0.37956204379562042,0.63557422969187671,0.3611111111111111,0.40000000000000002,0.16016057254150187,0.44186046511627908,0.29230769230769232,2.8686940966010734,0.31764705882352939,0.41538461538461541,2.0622624434389136
within_project,KC1,13,ET_leaf5,ET_leaf5,single_candidate_balanced_threshold,0.58847799999999995,0.50909829737618584,0.35641976926306851,0.7659771600948071,0.25313432466690866,0.38157894736842107,0.64184443007972425,0.33333333333333331,0.44615384615384618,0.17314735132840237,0.37209302325581395,0.24615384615384617,2.4157423971377456,0.3411764705882353,0.44615384615384618,2.2150226244343889
within_project,KC1,13,AQRPE_v2_balanced,DT_leaf5,balanced_objective,0.52349999999999997,0.53524388224907615,0.29377382006500691,0.65037707390648558,0.26019422739550452,0.37956204379562042,0.63557422969187671,0.3611111111111111,0.40000000000000002,0.16016057254150187,0.44186046511627908,0.29230769230769232,2.8686940966010734,0.31764705882352939,0.41538461538461541,2.0622624434389136
within_project,KC1,13,AQRPE_v2_rank,ET_leaf5,rank_objective_fixed_threshold,0.5,0.47477615049462585,0.35641976926306851,0.7659771600948071,0.25834422050485789,0.39175257731958762,0.66485671191553553,0.29457364341085274,0.58461538461538465,0.17314735132840237,0.37209302325581395,0.24615384615384617,2.4157423971377456,0.3411764705882353,0.44615384615384618,2.2150226244343889
within_project,KC1,13,AQRPE_v2_mcc,DT_leaf5,mcc_objective,0.52349999999999997,0.46597176110456179,0.29377382006500691,0.65037707390648558,0.26019422739550452,0.37956204379562042,0.63557422969187671,0.3611111111111111,0.40000000000000002,0.16016057254150187,0.44186046511627908,0.29230769230769232,2.8686940966010734,0.31764705882352939,0.41538461538461541,2.0622624434389136
within_project,KC1,13,AQRPE_v2_soft_top3,DT_leaf5|ET_leaf5|LR_std_C1,soft_top3_balanced_objective,0.59399999999999997,0.51723653375054834,0.37547948301725786,0.77571644042232279,0.26809368244740128,0.38167938931297712,0.6348847231200172,0.37878787878787878,0.38461538461538464,0.15174249797451592,0.41860465116279072,0.27692307692307694,2.7177101967799642,0.36470588235294116,0.47692307692307695,2.3677828054298642
within_project,KC2,13,LR_std_C0.1,LR_std_C0.1,single_candidate_balanced_threshold,0.63627199999999995,0.68294456570704265,0.58386678758137722,0.78176341730558596,0.44884408927790498,0.55000000000000004,0.70783132530120474,0.61111111111111116,0.5,0.17469908087538727,0.63636363636363635,0.31818181818181818,3.0371900826446279,0.5714285714285714,0.54545454545454541,2.7272727272727271
within_project,KC2,13,LR_std_C1,LR_std_C1,single_candidate_balanced_threshold,0.64100000000000001,0.69635750912981675,0.55796090437953882,0.77464403066812704,0.44463455834086357,0.55813953488372092,0.71851040525739318,0.5714285714285714,0.54545454545454541,0.1763258033695955,0.63636363636363635,0.31818181818181818,3.0371900826446279,0.5714285714285714,0.54545454545454541,2.7272727272727271
within_project,KC2,13,DT_leaf5,DT_leaf5,single_candidate_balanced_threshold,0.28849999999999998,0.62811855173782583,0.51780528898537059,0.75547645125958385,0.42647367081081589,0.55319148936170215,0.72316538882803938,0.52000000000000002,0.59090909090909094,0.1489736366204813,0.72727272727272729,0.36363636363636365,3.4710743801652892,0.5714285714285714,0.54545454545454541,2.7272727272727271
within_project,KC2,13,ET_leaf5,ET_leaf5,single_candidate_balanced_threshold,0.70632600000000001,0.69122692620981963,0.58432837569406426,0.76341730558598042,0.34880004452273433,0.44444444444444442,0.64567360350492886,0.5714285714285714,0.36363636363636365,0.17134448678947034,0.63636363636363635,0.31818181818181818,3.0371900826446279,0.52380952380952384,0.5,2.5
within_project,KC2,13,AQRPE_v2_balanced,LR_std_C1,balanced_objective,0.64100000000000001,0.69635750912981675,0.55796090437953882,0.77464403066812704,0.44463455834086357,0.55813953488372092,0.71851040525739318,0.5714285714285714,0.54545454545454541,0.1763258033695955,0.63636363636363635,0.31818181818181818,3.0371900826446279,0.5714285714285714,0.54545454545454541,2.7272727272727271
within_project,KC2,13,AQRPE_v2_rank,ET_leaf5,rank_objective_fixed_threshold,0.5,0.6724045375842147,0.58432837569406426,0.76341730558598042,0.45800979924269086,0.58181818181818179,0.76122672508214673,0.48484848484848486,0.72727272727272729,0.17134448678947034,0.63636363636363635,0.31818181818181818,3.0371900826446279,0.52380952380952384,0.5,2.5
within_project,KC2,13,AQRPE_v2_mcc,LR_std_C1,mcc_objective,0.64100000000000001,0.65625710115836822,0.55796090437953882,0.77464403066812704,0.44463455834086357,0.55813953488372092,0.71851040525739318,0.5714285714285714,0.54545454545454541,0.1763258033695955,0.63636363636363635,0.31818181818181818,3.0371900826446279,0.5714285714285714,0.54545454545454541,2.7272727272727271
within_project,KC2,13,AQRPE_v2_soft_top3,LR_std_C1|ET_leaf5|LR_std_C0.1,soft_top3_balanced_objective,0.66449999999999998,0.71800138482882769,0.57856308179016369,0.77354874041621036,0.42666898545205639,0.53658536585365857,0.70180722891566272,0.57894736842105265,0.5,0.17246395820639801,0.63636363636363635,0.31818181818181818,3.0371900826446279,0.5714285714285714,0.54545454545454541,2.7272727272727271
within_project,PC1,13,LR_std_C0.1,LR_std_C0.1,single_candidate_balanced_threshold,0.42949999999999999,0.40359225596800552,0.43171043818049259,0.88228663446054756,0.31942658660502976,0.30588235294117649,0.79565217391304355,0.18571428571428572,0.8666666666666667,0.15684873988349957,0.30434782608695654,0.46666666666666667,4.5043478260869563,0.24444444444444444,0.73333333333333328,3.6177777777777775
within_project,PC1,13,LR_std_C1,LR_std_C1,single_candidate_balanced_threshold,0.52349999999999997,0.45548870806065028,0.39808094389310361,0.88421900161030598,0.3222694345775966,0.33333333333333331,0.77004830917874401,0.21568627450980393,0.73333333333333328,0.155402136543594,0.2608695652173913,0.40000000000000002,3.8608695652173908,0.24444444444444444,0.73333333333333328,3.6177777777777775
within_project,PC1,13,DT_leaf5,DT_leaf5,single_candidate_balanced_threshold,0.17100000000000001,0.452379217251143,0.3917684287703263,0.78743961352656999,0.35412161170380518,0.37735849056603776,0.7657004830917874,0.26315789473684209,0.66666666666666663,0.058121240840849166,0.39130434782608697,0.59999999999999998,5.7913043478260873,0.22222222222222221,0.66666666666666663,3.2888888888888883
within_project,PC1,13,ET_leaf5,ET_leaf5,single_candidate_balanced_threshold,0.61750000000000005,0.50850980843460092,0.46020659464346692,0.89355877616747192,0.54953387260042375,0.58064516129032262,0.7830917874396135,0.5625,0.59999999999999998,0.10661879843071433,0.43478260869565216,0.66666666666666663,6.4347826086956514,0.28888888888888886,0.8666666666666667,4.2755555555555551
within_project,PC1,13,AQRPE_v2_balanced,ET_leaf5,balanced_objective,0.61750000000000005,0.50850980843460092,0.46020659464346692,0.89355877616747192,0.54953387260042375,0.58064516129032262,0.7830917874396135,0.5625,0.59999999999999998,0.10661879843071433,0.43478260869565216,0.66666666666666663,6.4347826086956514,0.28888888888888886,0.8666666666666667,4.2755555555555551
within_project,PC1,13,AQRPE_v2_rank,ET_leaf5,rank_objective_fixed_threshold,0.5,0.43870528221652594,0.46020659464346692,0.89355877616747192,0.40046692808292789,0.42553191489361702,0.78019323671497576,0.3125,0.66666666666666663,0.10661879843071433,0.43478260869565216,0.66666666666666663,6.4347826086956514,0.28888888888888886,0.8666666666666667,4.2755555555555551
within_project,PC1,13,AQRPE_v2_mcc,ET_leaf5,mcc_objective,0.61750000000000005,0.44376479291476101,0.46020659464346692,0.89355877616747192,0.54953387260042375,0.58064516129032262,0.7830917874396135,0.5625,0.59999999999999998,0.10661879843071433,0.43478260869565216,0.66666666666666663,6.4347826086956514,0.28888888888888886,0.8666666666666667,4.2755555555555551
within_project,PC1,13,AQRPE_v2_soft_top3,ET_leaf5|LR_std_C1|DT_leaf5,soft_top3_balanced_objective,0.38250000000000001,0.49401015054569219,0.53280642093616137,0.9164251207729468,0.40931190049161525,0.42307692307692307,0.80386473429951688,0.29729729729729731,0.73333333333333328,0.07852043586504881,0.43478260869565216,0.66666666666666663,6.4347826086956514,0.28888888888888886,0.8666666666666667,4.2755555555555551
within_project,CM1,29,LR_std_C0.1,LR_std_C0.1,single_candidate_balanced_threshold,0.52349999999999997,0.3922487349289292,0.36059206184917758,0.80888888888888899,0.26761546505252365,0.34782608695652173,0.65000000000000002,0.30769230769230771,0.40000000000000002,0.1354222138168851,0.40000000000000002,0.40000000000000002,4,0.29999999999999999,0.59999999999999998,2.9999999999999996
within_project,CM1,29,LR_std_C1,LR_std_C1,single_candidate_balanced_threshold,0.19450000000000001,0.40659828239052487,0.42098586598586596,0.81444444444444442,0.2161175729261621,0.26470588235294118,0.67777777777777781,0.15517241379310345,0.90000000000000002,0.11534659142621241,0.40000000000000002,0.40000000000000002,4,0.29999999999999999,0.59999999999999998,2.9999999999999996
within_project,CM1,29,DT_leaf5,DT_leaf5,single_candidate_balanced_threshold,0.029999999999999999,0.41203967029586047,0.23060606060606059,0.58611111111111114,0.11536088808075046,0.22222222222222221,0.57222222222222219,0.17647058823529413,0.29999999999999999,0.098989958285218713,0.29999999999999999,0.29999999999999999,2.9999999999999996,0.14999999999999999,0.29999999999999999,1.4999999999999998
within_project,CM1,29,ET_leaf5,ET_leaf5,single_candidate_balanced_threshold,0.45300000000000001,0.32931782771890755,0.17982252835269102,0.71666666666666667,0.17268844114653528,0.27027027027027029,0.62777777777777777,0.18518518518518517,0.5,0.15225669688569246,0.10000000000000001,0.10000000000000001,1,0.20000000000000001,0.40000000000000002,2
within_project,CM1,29,AQRPE_v2_balanced,DT_leaf5,balanced_objective,0.029999999999999999,0.41203967029586047,0.23060606060606059,0.58611111111111114,0.11536088808075046,0.22222222222222221,0.57222222222222219,0.17647058823529413,0.29999999999999999,0.098989958285218713,0.29999999999999999,0.29999999999999999,2.9999999999999996,0.14999999999999999,0.29999999999999999,1.4999999999999998
within_project,CM1,29,AQRPE_v2_rank,LR_std_C1,rank_objective_fixed_threshold,0.5,0.32387084112641923,0.42098586598586596,0.81444444444444442,0.44189932023991352,0.5,0.75555555555555554,0.42857142857142855,0.59999999999999998,0.11534659142621241,0.40000000000000002,0.40000000000000002,4,0.29999999999999999,0.59999999999999998,2.9999999999999996
within_project,CM1,29,AQRPE_v2_mcc,DT_leaf5,mcc_objective,0.029999999999999999,0.33333333333333331,0.23060606060606059,0.58611111111111114,0.11536088808075046,0.22222222222222221,0.57222222222222219,0.17647058823529413,0.29999999999999999,0.098989958285218713,0.29999999999999999,0.29999999999999999,2.9999999999999996,0.14999999999999999,0.29999999999999999,1.4999999999999998
within_project,CM1,29,AQRPE_v2_soft_top3,DT_leaf5|LR_std_C1|LR_std_C0.1,soft_top3_balanced_objective,0.22092899999999999,0.44119548220688454,0.41194124085231165,0.85555555555555551,0.34020690871988585,0.35999999999999999,0.77777777777777779,0.22500000000000001,0.90000000000000002,0.092032976232359717,0.29999999999999999,0.29999999999999999,2.9999999999999996,0.40000000000000002,0.80000000000000004,4
within_project,JM1,29,LR_std_C0.1,LR_std_C0.1,single_candidate_balanced_threshold,0.55437800000000004,0.40970304684008685,0.34113961334407167,0.69581915644861025,0.25294578812854518,0.38571428571428573,0.64113222486144106,0.33810375670840787,0.44893111638954869,0.20946628045453514,0.41132075471698115,0.25890736342042753,2.5802805539371669,0.34404536862003782,0.43230403800475059,2.1582513504169119
within_project,JM1,29,LR_std_C1,LR_std_C1,single_candidate_balanced_threshold,0.57050000000000001,0.41433138231555838,0.34218627927371364,0.69685594145214091,0.25620644822996702,0.38607594936708861,0.6398621899809549,0.34724857685009486,0.43467933491686461,0.20868858399220383,0.40754716981132078,0.25653206650831356,2.5566082552771929,0.34782608695652173,0.43705463182897863,2.1819683982236908
within_project,JM1,29,DT_leaf5,DT_leaf5,single_candidate_balanced_threshold,0.26500000000000001,0.35080702563910943,0.28394123825647938,0.63559949498191781,0.22073338205152274,0.36220472440944884,0.6259597483469217,0.30924369747899161,0.43705463182897863,0.15594586093843835,0.39622641509433965,0.24940617577197149,2.4855913592972709,0.32514177693761814,0.40855106888361042,2.0396661113830152
within_project,JM1,29,ET_leaf5,ET_leaf5,single_candidate_balanced_threshold,0.58321400000000001,0.43230754889867168,0.37842567876643673,0.74334863366929871,0.27216574966572277,0.38318912237330038,0.63160803321135861,0.39948453608247425,0.36817102137767221,0.16952543580135057,0.44905660377358492,0.28266033254156769,2.8170035405369069,0.34593572778827975,0.43467933491686461,2.1701098743203011
within_project,JM1,29,AQRPE_v2_balanced,ET_leaf5,balanced_objective,0.58321400000000001,0.43230754889867168,0.37842567876643673,0.74334863366929871,0.27216574966572277,0.38318912237330038,0.63160803321135861,0.39948453608247425,0.36817102137767221,0.16952543580135057,0.44905660377358492,0.28266033254156769,2.8170035405369069,0.34593572778827975,0.43467933491686461,2.1701098743203011
within_project,JM1,29,AQRPE_v2_rank,ET_leaf5,rank_objective_fixed_threshold,0.5,0.40027905798632357,0.37842567876643673,0.74334863366929871,0.27229446169394089,0.40613718411552346,0.6631668485587725,0.32751091703056767,0.53444180522565321,0.16952543580135057,0.44905660377358492,0.28266033254156769,2.8170035405369069,0.34593572778827975,0.43467933491686461,2.1701098743203011
within_project,JM1,29,AQRPE_v2_mcc,ET_leaf5,mcc_objective,0.58321400000000001,0.33188601476102592,0.37842567876643673,0.74334863366929871,0.27216574966572277,0.38318912237330038,0.63160803321135861,0.39948453608247425,0.36817102137767221,0.16952543580135057,0.44905660377358492,0.28266033254156769,2.8170035405369069,0.34593572778827975,0.43467933491686461,2.1701098743203011
within_project,JM1,29,AQRPE_v2_soft_top3,ET_leaf5|LR_std_C1|LR_std_C0.1,soft_top3_balanced_objective,0.53623900000000002,0.42673277301527685,0.36248477594384565,0.72571151912007015,0.26147087496247234,0.39402985074626867,0.64821745736235048,0.33904109589041098,0.47030878859857483,0.19180484309214443,0.42641509433962266,0.26840855106888362,2.6749697485770629,0.35916824196597352,0.45130641330166271,2.2531195416440286
within_project,KC1,29,LR_std_C0.1,LR_std_C0.1,single_candidate_balanced_threshold,0.57420700000000002,0.38819804997309981,0.46558837089556687,0.79463477698771823,0.34979956035171117,0.4606741573033708,0.71454427925016162,0.36283185840707965,0.63076923076923075,0.17829170495465987,0.53488372093023251,0.35384615384615387,3.4726296958855092,0.38823529411764707,0.50769230769230766,2.5205429864253395
within_project,KC1,29,LR_std_C1,LR_std_C1,single_candidate_balanced_threshold,0.26500000000000001,0.38904469123521351,0.450034711101579,0.79252316311139837,0.32394660858410657,0.40677966101694918,0.72344322344322354,0.2608695652173913,0.92307692307692313,0.17670726714021773,0.53488372093023251,0.35384615384615387,3.4726296958855092,0.40000000000000002,0.52307692307692311,2.5969230769230771
within_project,KC1,29,DT_leaf5,DT_leaf5,single_candidate_balanced_threshold,0.124,0.35678558549820288,0.32215610623450441,0.67231200172376648,0.26662107007878155,0.39779005524861877,0.66487825899590614,0.31034482758620691,0.55384615384615388,0.14673366477540714,0.48837209302325579,0.32307692307692309,3.1706618962432911,0.3411764705882353,0.44615384615384618,2.2150226244343889
within_project,KC1,29,ET_leaf5,ET_leaf5,single_candidate_balanced_threshold,0.5,0.42241723098364897,0.49690328053089866,0.81650506356388708,0.35054966400120013,0.45989304812834225,0.72012497306614953,0.35245901639344263,0.66153846153846152,0.15273157648244684,0.55813953488372092,0.36923076923076925,3.6236135957066189,0.44705882352941179,0.58461538461538465,2.9024434389140272
within_project,KC1,29,AQRPE_v2_balanced,ET_leaf5,balanced_objective,0.5,0.42241723098364897,0.49690328053089866,0.81650506356388708,0.35054966400120013,0.45989304812834225,0.72012497306614953,0.35245901639344263,0.66153846153846152,0.15273157648244684,0.55813953488372092,0.36923076923076925,3.6236135957066189,0.44705882352941179,0.58461538461538465,2.9024434389140272
within_project,KC1,29,AQRPE_v2_rank,ET_leaf5,rank_objective_fixed_threshold,0.5,0.37926984393765911,0.49690328053089866,0.81650506356388708,0.35054966400120013,0.45989304812834225,0.72012497306614953,0.35245901639344263,0.66153846153846152,0.15273157648244684,0.55813953488372092,0.36923076923076925,3.6236135957066189,0.44705882352941179,0.58461538461538465,2.9024434389140272
within_project,KC1,29,AQRPE_v2_mcc,ET_leaf5,mcc_objective,0.66449999999999998,0.30423922046427138,0.49690328053089866,0.81650506356388708,0.35554981261723106,0.4462809917355372,0.66707606119370821,0.48214285714285715,0.41538461538461541,0.15273157648244684,0.55813953488372092,0.36923076923076925,3.6236135957066189,0.44705882352941179,0.58461538461538465,2.9024434389140272
within_project,KC1,29,AQRPE_v2_soft_top3,ET_leaf5|LR_std_C1|LR_std_C0.1,soft_top3_balanced_objective,0.39429500000000001,0.40894555757094264,0.48703460258363079,0.80540831717302297,0.32197402416806309,0.42231075697211157,0.72141779788838611,0.28494623655913981,0.81538461538461537,0.16602262116322755,0.53488372093023251,0.35384615384615387,3.4726296958855092,0.40000000000000002,0.52307692307692311,2.5969230769230771
within_project,KC2,29,LR_std_C0.1,LR_std_C0.1,single_candidate_balanced_threshold,0.85250000000000004,0.51826991330036487,0.69779450075605887,0.8168127053669223,0.55046006531558189,0.5625,0.69852135815991234,0.90000000000000002,0.40909090909090912,0.14124058550355043,0.81818181818181823,0.40909090909090912,3.9049586776859506,0.5714285714285714,0.54545454545454541,2.7272727272727271
within_project,KC2,29,LR_std_C1,LR_std_C1,single_candidate_balanced_threshold,0.62807199999999996,0.51197557151980666,0.64138099860142506,0.76533406352683453,0.38851927009658077,0.52173913043478259,0.70043811610076667,0.5,0.54545454545454541,0.15970995069779836,0.90909090909090906,0.45454545454545453,4.3388429752066111,0.47619047619047616,0.45454545454545453,2.2727272727272725
within_project,KC2,29,DT_leaf5,DT_leaf5,single_candidate_balanced_threshold,0.42949999999999999,0.60265022590213879,0.45018319047357158,0.71111719605695511,0.32762546404063631,0.46511627906976744,0.66100766703176339,0.47619047619047616,0.45454545454545453,0.17274891030243067,0.54545454545454541,0.27272727272727271,2.6033057851239665,0.47619047619047616,0.45454545454545453,2.2727272727272725
within_project,KC2,29,ET_leaf5,ET_leaf5,single_candidate_balanced_threshold,0.82899999999999996,0.54708564440349172,0.6917882950766604,0.80284775465498348,0.46960267341894124,0.46666666666666667,0.65306681270536693,0.875,0.31818181818181818,0.14502936087794599,0.90909090909090906,0.45454545454545453,4.3388429752066111,0.5714285714285714,0.54545454545454541,2.7272727272727271
within_project,KC2,29,AQRPE_v2_balanced,DT_leaf5,balanced_objective,0.42949999999999999,0.60265022590213879,0.45018319047357158,0.71111719605695511,0.32762546404063631,0.46511627906976744,0.66100766703176339,0.47619047619047616,0.45454545454545453,0.17274891030243067,0.54545454545454541,0.27272727272727271,2.6033057851239665,0.47619047619047616,0.45454545454545453,2.2727272727272725
within_project,KC2,29,AQRPE_v2_rank,ET_leaf5,rank_objective_fixed_threshold,0.5,0.53407004061804375,0.6917882950766604,0.80284775465498348,0.5084196828071379,0.61818181818181817,0.78997809419496168,0.51515151515151514,0.77272727272727271,0.14502936087794599,0.90909090909090906,0.45454545454545453,4.3388429752066111,0.5714285714285714,0.54545454545454541,2.7272727272727271
within_project,KC2,29,AQRPE_v2_mcc,DT_leaf5,mcc_objective,0.42949999999999999,0.54112427639374217,0.45018319047357158,0.71111719605695511,0.32762546404063631,0.46511627906976744,0.66100766703176339,0.47619047619047616,0.45454545454545453,0.17274891030243067,0.54545454545454541,0.27272727272727271,2.6033057851239665,0.47619047619047616,0.45454545454545453,2.2727272727272725
within_project,KC2,29,AQRPE_v2_soft_top3,DT_leaf5|ET_leaf5|LR_std_C0.1,soft_top3_balanced_objective,0.75849999999999995,0.59557625862740282,0.62050063339141837,0.80093099671412937,0.41764215857327397,0.5,0.6744249726177437,0.6428571428571429,0.40909090909090912,0.13828568271741454,0.63636363636363635,0.31818181818181818,3.0371900826446279,0.5714285714285714,0.54545454545454541,2.7272727272727271
within_project,PC1,29,LR_std_C0.1,LR_std_C0.1,single_candidate_balanced_threshold,0.73499999999999999,0.4402123292352339,0.23422625610261003,0.86247987117552338,0.15164858246126126,0.20689655172413793,0.57342995169082123,0.21428571428571427,0.20000000000000001,0.17241521124916806,0.21739130434782608,0.33333333333333331,3.2173913043478257,0.24444444444444444,0.73333333333333328,3.6177777777777775
within_project,PC1,29,LR_std_C1,LR_std_C1,single_candidate_balanced_threshold,0.5,0.41027941858319672,0.2741436171682185,0.87117552334943638,0.39115152352019716,0.37681159420289856,0.83429951690821258,0.24074074074074073,0.8666666666666667,0.15850382178743358,0.21739130434782608,0.33333333333333331,3.2173913043478257,0.28888888888888886,0.8666666666666667,4.2755555555555551
within_project,PC1,29,DT_leaf5,DT_leaf5,single_candidate_balanced_threshold,0.029999999999999999,0.41965619120469305,0.2546195546195546,0.721256038647343,0.27750555557973938,0.32000000000000001,0.70144927536231882,0.22857142857142856,0.53333333333333333,0.064894273929039625,0.34782608695652173,0.53333333333333333,5.1478260869565213,0.17777777777777778,0.53333333333333333,2.6311111111111112
within_project,PC1,29,ET_leaf5,ET_leaf5,single_candidate_balanced_threshold,0.5,0.49685507225241893,0.47382749524551915,0.86312399355877623,0.29137897584084638,0.34285714285714286,0.66618357487922708,0.29999999999999999,0.40000000000000002,0.10174505361554829,0.30434782608695654,0.46666666666666667,4.5043478260869563,0.24444444444444444,0.73333333333333328,3.6177777777777775
within_project,PC1,29,AQRPE_v2_balanced,ET_leaf5,balanced_objective,0.5,0.49685507225241893,0.47382749524551915,0.86312399355877623,0.29137897584084638,0.34285714285714286,0.66618357487922708,0.29999999999999999,0.40000000000000002,0.10174505361554829,0.30434782608695654,0.46666666666666667,4.5043478260869563,0.24444444444444444,0.73333333333333328,3.6177777777777775
within_project,PC1,29,AQRPE_v2_rank,ET_leaf5,rank_objective_fixed_threshold,0.5,0.431688323619832,0.47382749524551915,0.86312399355877623,0.29137897584084638,0.34285714285714286,0.66618357487922708,0.29999999999999999,0.40000000000000002,0.10174505361554829,0.30434782608695654,0.46666666666666667,4.5043478260869563,0.24444444444444444,0.73333333333333328,3.6177777777777775
within_project,PC1,29,AQRPE_v2_mcc,ET_leaf5,mcc_objective,0.5,0.42771845897117794,0.47382749524551915,0.86312399355877623,0.29137897584084638,0.34285714285714286,0.66618357487922708,0.29999999999999999,0.40000000000000002,0.10174505361554829,0.30434782608695654,0.46666666666666667,4.5043478260869563,0.24444444444444444,0.73333333333333328,3.6177777777777775
within_project,PC1,29,AQRPE_v2_soft_top3,ET_leaf5|LR_std_C0.1|DT_leaf5,soft_top3_balanced_objective,0.42949999999999999,0.4961959850982523,0.40875384186289321,0.89822866344605468,0.42642718081261272,0.46153846153846156,0.76376811594202898,0.375,0.59999999999999998,0.084483627931286401,0.34782608695652173,0.53333333333333333,5.1478260869565213,0.26666666666666666,0.80000000000000004,3.9466666666666663
within_project,CM1,42,LR_std_C0.1,LR_std_C0.1,single_candidate_balanced_threshold,0.49255900000000002,0.41072601936556863,0.18118231481162517,0.60222222222222221,0.10639084227042907,0.22222222222222221,0.57777777777777772,0.15384615384615385,0.40000000000000002,0.19430615035625767,0.10000000000000001,0.10000000000000001,1,0.14999999999999999,0.29999999999999999,1.4999999999999998
within_project,CM1,42,LR_std_C1,LR_std_C1,single_candidate_balanced_threshold,0.42949999999999999,0.45152733511332382,0.154863213841542,0.61333333333333329,0.089087080637474808,0.21052631578947367,0.56666666666666665,0.14285714285714285,0.40000000000000002,0.1968634273730184,0.10000000000000001,0.10000000000000001,1,0.20000000000000001,0.40000000000000002,2
within_project,CM1,42,DT_leaf5,DT_leaf5,single_candidate_balanced_threshold,0.17100000000000001,0.30767408389932105,0.11888888888888891,0.47500000000000003,-0.052557351653293352,0.10810810810810811,0.46111111111111114,0.07407407407407407,0.20000000000000001,0.17244854259411213,0.20000000000000001,0.20000000000000001,2,0.10000000000000001,0.20000000000000001,1
within_project,CM1,42,ET_leaf5,ET_leaf5,single_candidate_balanced_threshold,0.35899999999999999,0.40910132282044037,0.11845404423044174,0.48777777777777775,-0.094012679136294366,0.1111111111111111,0.42222222222222217,0.068181818181818177,0.29999999999999999,0.20901025380448929,0.10000000000000001,0.10000000000000001,1,0.10000000000000001,0.20000000000000001,1
within_project,CM1,42,AQRPE_v2_balanced,LR_std_C1,balanced_objective,0.42949999999999999,0.45152733511332382,0.154863213841542,0.61333333333333329,0.089087080637474808,0.21052631578947367,0.56666666666666665,0.14285714285714285,0.40000000000000002,0.1968634273730184,0.10000000000000001,0.10000000000000001,1,0.20000000000000001,0.40000000000000002,2
within_project,CM1,42,AQRPE_v2_rank,LR_std_C1,rank_objective_fixed_threshold,0.5,0.32291295283663701,0.154863213841542,0.61333333333333329,0.14484136487558028,0.25,0.60000000000000009,0.18181818181818182,0.40000000000000002,0.1968634273730184,0.10000000000000001,0.10000000000000001,1,0.20000000000000001,0.40000000000000002,2
within_project,CM1,42,AQRPE_v2_mcc,LR_std_C1,mcc_objective,0.42949999999999999,0.37464569631307099,0.154863213841542,0.61333333333333329,0.089087080637474808,0.21052631578947367,0.56666666666666665,0.14285714285714285,0.40000000000000002,0.1968634273730184,0.10000000000000001,0.10000000000000001,1,0.20000000000000001,0.40000000000000002,2
within_project,CM1,42,AQRPE_v2_soft_top3,LR_std_C1|LR_std_C0.1|ET_leaf5,soft_top3_balanced_objective,0.49851499999999999,0.41070476474670181,0.16854359595765056,0.56333333333333335,0.097606510213259084,0.21621621621621623,0.57222222222222219,0.14814814814814814,0.40000000000000002,0.19356926891038007,0.10000000000000001,0.10000000000000001,1,0.14999999999999999,0.29999999999999999,1.4999999999999998
within_project,JM1,42,LR_std_C0.1,LR_std_C0.1,single_candidate_balanced_threshold,0.52998500000000004,0.39462082675544696,0.35714029668187586,0.72050138024009747,0.25786886598503561,0.39447004608294933,0.65280541824484817,0.32228915662650603,0.50831353919239908,0.2087137909933669,0.44905660377358492,0.28266033254156769,2.8170035405369069,0.35349716446124763,0.44418052256532065,2.2175439699338599
within_project,JM1,42,LR_std_C1,LR_std_C1,single_candidate_balanced_threshold,0.52349999999999997,0.39638123579366003,0.3585760421944737,0.71993216494404144,0.24812070976847919,0.38779174147217232,0.64909963407588112,0.31168831168831168,0.51306413301662712,0.20814700219187443,0.45283018867924529,0.28503562945368172,2.8406758391968809,0.35349716446124763,0.44418052256532065,2.2175439699338599
within_project,JM1,42,DT_leaf5,DT_leaf5,single_candidate_balanced_threshold,0.14285700000000001,0.350695382440948,0.25193209787621484,0.64078555990669994,0.22281995737080276,0.37126715092816787,0.64072671246067925,0.28117359413202936,0.54631828978622332,0.1633195246815026,0.35094339622641507,0.22090261282660331,2.2015237753775825,0.30245746691871456,0.38004750593824227,1.8973638245423399
within_project,JM1,42,ET_leaf5,ET_leaf5,single_candidate_balanced_threshold,0.42345699999999997,0.42803003778095472,0.38347247303710424,0.76062570884423619,0.27533980981494588,0.4065620542082739,0.68172305321949023,0.29051987767584098,0.6769596199524941,0.16825063117005659,0.44150943396226416,0.27790973871733965,2.7696589432169589,0.36862003780718339,0.46318289786223277,2.3124121611609771
within_project,JM1,42,AQRPE_v2_balanced,ET_leaf5,balanced_objective,0.42345699999999997,0.42803003778095472,0.38347247303710424,0.76062570884423619,0.27533980981494588,0.4065620542082739,0.68172305321949023,0.29051987767584098,0.6769596199524941,0.16825063117005659,0.44150943396226416,0.27790973871733965,2.7696589432169589,0.36862003780718339,0.46318289786223277,2.3124121611609771
within_project,JM1,42,AQRPE_v2_rank,ET_leaf5,rank_objective_fixed_threshold,0.5,0.39198213445754909,0.38347247303710424,0.76062570884423619,0.28138481077548805,0.41342756183745583,0.6704773062849072,0.32911392405063289,0.5558194774346793,0.16825063117005659,0.44150943396226416,0.27790973871733965,2.7696589432169589,0.36862003780718339,0.46318289786223277,2.3124121611609771
within_project,JM1,42,AQRPE_v2_mcc,ET_leaf5,mcc_objective,0.42345699999999997,0.30609247619013541,0.38347247303710424,0.76062570884423619,0.27533980981494588,0.4065620542082739,0.68172305321949023,0.29051987767584098,0.6769596199524941,0.16825063117005659,0.44150943396226416,0.27790973871733965,2.7696589432169589,0.36862003780718339,0.46318289786223277,2.3124121611609771
within_project,JM1,42,AQRPE_v2_soft_top3,ET_leaf5|LR_std_C1|LR_std_C0.1,soft_top3_balanced_objective,0.51656999999999997,0.41835361308701102,0.37388919399215548,0.74831803299736799,0.27880832015008222,0.41068139963167588,0.66529605615116305,0.33533834586466166,0.52969121140142517,0.1909745257273327,0.44905660377358492,0.28266033254156769,2.8170035405369069,0.3667296786389414,0.46080760095011875,2.3005536372575874
within_project,KC1,42,LR_std_C0.1,LR_std_C0.1,single_candidate_balanced_threshold,0.66449999999999998,0.47293445874911183,0.45143402317790593,0.78250377073906485,0.37386867764501841,0.46875,0.6845507433742728,0.47619047619047616,0.46153846153846156,0.17394865785847316,0.48837209302325579,0.32307692307692309,3.1706618962432911,0.44705882352941179,0.58461538461538465,2.9024434389140272
within_project,KC1,42,LR_std_C1,LR_std_C1,single_candidate_balanced_threshold,0.71150000000000002,0.47672449215760548,0.45296941428589932,0.78254686489980618,0.41275768585915285,0.49152542372881358,0.68946347769877181,0.54716981132075471,0.44615384615384618,0.17076767458774414,0.55813953488372092,0.36923076923076925,3.6236135957066189,0.42352941176470588,0.55384615384615388,2.7496832579185519
within_project,KC1,42,DT_leaf5,DT_leaf5,single_candidate_balanced_threshold,0.218,0.47350805264675416,0.39220655403994775,0.72676147382029743,0.35454638358656554,0.46258503401360546,0.69431157078215899,0.41463414634146339,0.52307692307692311,0.12026539838372644,0.48837209302325579,0.32307692307692309,3.1706618962432911,0.40000000000000002,0.52307692307692311,2.5969230769230771
within_project,KC1,42,ET_leaf5,ET_leaf5,single_candidate_balanced_threshold,0.57050000000000001,0.50098551662066126,0.4665777753475287,0.80562378797672918,0.39917779498210221,0.5,0.72368024132730024,0.43678160919540232,0.58461538461538465,0.14950731368113962,0.48837209302325579,0.32307692307692309,3.1706618962432911,0.43529411764705883,0.56923076923076921,2.8260633484162896
within_project,KC1,42,AQRPE_v2_balanced,ET_leaf5,balanced_objective,0.57050000000000001,0.50098551662066126,0.4665777753475287,0.80562378797672918,0.39917779498210221,0.5,0.72368024132730024,0.43678160919540232,0.58461538461538465,0.14950731368113962,0.48837209302325579,0.32307692307692309,3.1706618962432911,0.43529411764705883,0.56923076923076921,2.8260633484162896
within_project,KC1,42,AQRPE_v2_rank,LR_std_C0.1,rank_objective_fixed_threshold,0.5,0.42621657184989492,0.45143402317790593,0.78250377073906485,0.32941956121676036,0.44221105527638194,0.71241111829347126,0.32835820895522388,0.67692307692307696,0.17394865785847316,0.48837209302325579,0.32307692307692309,3.1706618962432911,0.44705882352941179,0.58461538461538465,2.9024434389140272
within_project,KC1,42,AQRPE_v2_mcc,ET_leaf5,mcc_objective,0.57050000000000001,0.41474690762680921,0.4665777753475287,0.80562378797672918,0.39917779498210221,0.5,0.72368024132730024,0.43678160919540232,0.58461538461538465,0.14950731368113962,0.48837209302325579,0.32307692307692309,3.1706618962432911,0.43529411764705883,0.56923076923076921,2.8260633484162896
within_project,KC1,42,AQRPE_v2_soft_top3,ET_leaf5|LR_std_C1|DT_leaf5,soft_top3_balanced_objective,0.47649999999999998,0.50120673510721747,0.48143532913952219,0.80452488687782808,0.41330317394185523,0.51034482758620692,0.72439129497953025,0.46250000000000002,0.56923076923076921,0.12397465511610664,0.53488372093023251,0.35384615384615387,3.4726296958855092,0.43529411764705883,0.56923076923076921,2.8260633484162896
within_project,KC2,42,LR_std_C0.1,LR_std_C0.1,single_candidate_balanced_threshold,0.71150000000000002,0.70398852059640815,0.54047451841786609,0.74452354874041615,0.44884408927790498,0.55000000000000004,0.70783132530120474,0.61111111111111116,0.5,0.17074265877798936,0.72727272727272729,0.36363636363636365,3.4710743801652892,0.52380952380952384,0.5,2.5
within_project,KC2,42,LR_std_C1,LR_std_C1,single_candidate_balanced_threshold,0.73499999999999999,0.69401902227205625,0.49706876019462698,0.73849945235487413,0.32482758647419041,0.43243243243243246,0.63964950711938662,0.53333333333333333,0.36363636363636365,0.17396230341471225,0.63636363636363635,0.31818181818181818,3.0371900826446279,0.52380952380952384,0.5,2.5
within_project,KC2,42,DT_leaf5,DT_leaf5,single_candidate_balanced_threshold,0.218,0.61887786110670862,0.36882096337796294,0.59665936473165382,0.23656107737687027,0.40000000000000002,0.62020810514786417,0.39130434782608697,0.40909090909090912,0.19315043438582694,0.45454545454545453,0.22727272727272727,2.1694214876033056,0.38095238095238093,0.36363636363636365,1.8181818181818181
within_project,KC2,42,ET_leaf5,ET_leaf5,single_candidate_balanced_threshold,0.75849999999999995,0.76010986291478466,0.56680802094694349,0.74151150054764503,0.32482758647419041,0.43243243243243246,0.63964950711938662,0.53333333333333333,0.36363636363636365,0.16575024554932738,0.63636363636363635,0.31818181818181818,3.0371900826446279,0.47619047619047616,0.45454545454545453,2.2727272727272725
within_project,KC2,42,AQRPE_v2_balanced,ET_leaf5,balanced_objective,0.75849999999999995,0.76010986291478466,0.56680802094694349,0.74151150054764503,0.32482758647419041,0.43243243243243246,0.63964950711938662,0.53333333333333333,0.36363636363636365,0.16575024554932738,0.63636363636363635,0.31818181818181818,3.0371900826446279,0.47619047619047616,0.45454545454545453,2.2727272727272725
within_project,KC2,42,AQRPE_v2_rank,ET_leaf5,rank_objective_fixed_threshold,0.5,0.66407290247771267,0.56680802094694349,0.74151150054764503,0.36239168904308877,0.50980392156862742,0.69906900328587085,0.44827586206896552,0.59090909090909094,0.16575024554932738,0.63636363636363635,0.31818181818181818,3.0371900826446279,0.47619047619047616,0.45454545454545453,2.2727272727272725
within_project,KC2,42,AQRPE_v2_mcc,ET_leaf5,mcc_objective,0.75849999999999995,0.74977715049277771,0.56680802094694349,0.74151150054764503,0.32482758647419041,0.43243243243243246,0.63964950711938662,0.53333333333333333,0.36363636363636365,0.16575024554932738,0.63636363636363635,0.31818181818181818,3.0371900826446279,0.47619047619047616,0.45454545454545453,2.2727272727272725
within_project,KC2,42,AQRPE_v2_soft_top3,ET_leaf5|LR_std_C0.1|LR_std_C1,soft_top3_balanced_objective,0.75849999999999995,0.72396774889259374,0.53652481518827189,0.75000000000000011,0.34880004452273433,0.44444444444444442,0.64567360350492886,0.5714285714285714,0.36363636363636365,0.16823695070932412,0.72727272727272729,0.36363636363636365,3.4710743801652892,0.52380952380952384,0.5,2.5
within_project,PC1,42,LR_std_C0.1,LR_std_C0.1,single_candidate_balanced_threshold,0.28199999999999997,0.33534456959163628,0.28276251021536858,0.82399355877616742,0.25044109181622148,0.22388059701492538,0.74879227053140096,0.12605042016806722,1,0.14837726491105899,0.2608695652173913,0.40000000000000002,3.8608695652173908,0.20000000000000001,0.59999999999999998,2.96
within_project,PC1,42,LR_std_C1,LR_std_C1,single_candidate_balanced_threshold,0.292993,0.37052599038669165,0.30759711727336353,0.83429951690821247,0.28673769569338037,0.25210084033613445,0.78502415458937191,0.14423076923076922,1,0.13983667679769135,0.2608695652173913,0.40000000000000002,3.8608695652173908,0.20000000000000001,0.59999999999999998,2.96
within_project,PC1,42,DT_leaf5,DT_leaf5,single_candidate_balanced_threshold,0.40600000000000003,0.54050772013301451,0.30953142797970379,0.81046698872785827,0.31451573532854066,0.36363636363636365,0.67101449275362324,0.33333333333333331,0.40000000000000002,0.057504677948705223,0.30434782608695654,0.46666666666666667,4.5043478260869563,0.26666666666666666,0.80000000000000004,3.9466666666666663
within_project,PC1,42,ET_leaf5,ET_leaf5,single_candidate_balanced_threshold,0.53279200000000004,0.49544375030598814,0.41870668551739015,0.87648953301127219,0.47180490414884513,0.5,0.79710144927536231,0.40000000000000002,0.66666666666666663,0.10362986695832919,0.39130434782608697,0.59999999999999998,5.7913043478260873,0.24444444444444444,0.73333333333333328,3.6177777777777775
within_project,PC1,42,AQRPE_v2_balanced,DT_leaf5,balanced_objective,0.40600000000000003,0.54050772013301451,0.30953142797970379,0.81046698872785827,0.31451573532854066,0.36363636363636365,0.67101449275362324,0.33333333333333331,0.40000000000000002,0.057504677948705223,0.30434782608695654,0.46666666666666667,4.5043478260869563,0.26666666666666666,0.80000000000000004,3.9466666666666663
within_project,PC1,42,AQRPE_v2_rank,ET_leaf5,rank_objective_fixed_threshold,0.5,0.47400455686451115,0.41870668551739015,0.87648953301127219,0.46108217859443645,0.47826086956521741,0.81835748792270535,0.35483870967741937,0.73333333333333328,0.10362986695832919,0.39130434782608697,0.59999999999999998,5.7913043478260873,0.24444444444444444,0.73333333333333328,3.6177777777777775
within_project,PC1,42,AQRPE_v2_mcc,DT_leaf5,mcc_objective,0.40600000000000003,0.50095928461672412,0.30953142797970379,0.81046698872785827,0.31451573532854066,0.36363636363636365,0.67101449275362324,0.33333333333333331,0.40000000000000002,0.057504677948705223,0.30434782608695654,0.46666666666666667,4.5043478260869563,0.26666666666666666,0.80000000000000004,3.9466666666666663
within_project,PC1,42,AQRPE_v2_soft_top3,DT_leaf5|ET_leaf5|LR_std_C1,soft_top3_balanced_objective,0.52349999999999997,0.4978948823680191,0.44490668486559515,0.90611916264090175,0.41074374777983891,0.45161290322580644,0.71159420289855069,0.4375,0.46666666666666667,0.07837461599350444,0.39130434782608697,0.59999999999999998,5.7913043478260873,0.28888888888888886,0.8666666666666667,4.2755555555555551
within_project,CM1,101,LR_std_C0.1,LR_std_C0.1,single_candidate_balanced_threshold,0.53962399999999999,0.42488805468507879,0.32881593497701567,0.81333333333333335,0.32673201960653564,0.40000000000000002,0.69444444444444442,0.33333333333333331,0.5,0.15480964603857877,0.29999999999999999,0.29999999999999999,2.9999999999999996,0.29999999999999999,0.59999999999999998,2.9999999999999996
within_project,CM1,101,LR_std_C1,LR_std_C1,single_candidate_balanced_threshold,0.68656700000000004,0.39145540758118097,0.37754365079365082,0.79222222222222227,0.2872134789517764,0.36363636363636365,0.65555555555555556,0.33333333333333331,0.40000000000000002,0.15132408775957407,0.40000000000000002,0.40000000000000002,4,0.29999999999999999,0.59999999999999998,2.9999999999999996
within_project,CM1,101,DT_leaf5,DT_leaf5,single_candidate_balanced_threshold,0.029999999999999999,0.2257773937354321,0.19357142857142859,0.62888888888888883,0.17843445967710361,0.27586206896551724,0.6166666666666667,0.21052631578947367,0.40000000000000002,0.10150656396372697,0.29999999999999999,0.29999999999999999,2.9999999999999996,0.20000000000000001,0.40000000000000002,2
within_project,CM1,101,ET_leaf5,ET_leaf5,single_candidate_balanced_threshold,0.42509000000000002,0.36257539182961379,0.25785271218714423,0.80444444444444452,0.35710377881980931,0.375,0.78888888888888897,0.23684210526315788,0.90000000000000002,0.15310282329386066,0.20000000000000001,0.20000000000000001,2,0.25,0.5,2.5
within_project,CM1,101,AQRPE_v2_balanced,LR_std_C0.1,balanced_objective,0.53962399999999999,0.42488805468507879,0.32881593497701567,0.81333333333333335,0.32673201960653564,0.40000000000000002,0.69444444444444442,0.33333333333333331,0.5,0.15480964603857877,0.29999999999999999,0.29999999999999999,2.9999999999999996,0.29999999999999999,0.59999999999999998,2.9999999999999996
within_project,CM1,101,AQRPE_v2_rank,LR_std_C1,rank_objective_fixed_threshold,0.5,0.29046279780411105,0.37754365079365082,0.79222222222222227,0.30577621473733613,0.375,0.71111111111111103,0.27272727272727271,0.59999999999999998,0.15132408775957407,0.40000000000000002,0.40000000000000002,4,0.29999999999999999,0.59999999999999998,2.9999999999999996
within_project,CM1,101,AQRPE_v2_mcc,LR_std_C0.1,mcc_objective,0.53962399999999999,0.34837204032196417,0.32881593497701567,0.81333333333333335,0.32673201960653564,0.40000000000000002,0.69444444444444442,0.33333333333333331,0.5,0.15480964603857877,0.29999999999999999,0.29999999999999999,2.9999999999999996,0.29999999999999999,0.59999999999999998,2.9999999999999996
within_project,CM1,101,AQRPE_v2_soft_top3,LR_std_C0.1|LR_std_C1|ET_leaf5,soft_top3_balanced_objective,0.52349999999999997,0.37608583923004835,0.31818372803666922,0.81555555555555559,0.36440544440674749,0.42857142857142855,0.73333333333333339,0.33333333333333331,0.59999999999999998,0.14470079901777363,0.29999999999999999,0.29999999999999999,2.9999999999999996,0.29999999999999999,0.59999999999999998,2.9999999999999996
within_project,JM1,101,LR_std_C0.1,LR_std_C0.1,single_candidate_balanced_threshold,0.61494599999999999,0.43184672086490916,0.36356369099655073,0.71265487577839126,0.26105242820064262,0.37681159420289856,0.62874162761336161,0.3832923832923833,0.37054631828978624,0.21295530326681353,0.45283018867924529,0.28503562945368172,2.8406758391968809,0.35538752362948961,0.44655581947743467,2.2294024938372496
within_project,JM1,101,LR_std_C1,LR_std_C1,single_candidate_balanced_threshold,0.61750000000000005,0.42845967198908286,0.36185524374506672,0.71322944084226736,0.26530734526773131,0.3818615751789976,0.6321408700862382,0.38369304556354916,0.38004750593824227,0.21233203017755042,0.44528301886792454,0.28028503562945367,2.7933312418769329,0.36105860113421551,0.45368171021377673,2.2649780655474183
within_project,JM1,101,DT_leaf5,DT_leaf5,single_candidate_balanced_threshold,0.124,0.34183356922378133,0.294721242090904,0.63897145363891206,0.19775041538617774,0.35350318471337577,0.62559489418159253,0.26586826347305387,0.52731591448931114,0.15848033949775389,0.43396226415094341,0.27315914489311166,2.7223143458970109,0.30812854442344045,0.38717339667458434,1.9329393962525088
within_project,JM1,101,ET_leaf5,ET_leaf5,single_candidate_balanced_threshold,0.57050000000000001,0.4626496979898897,0.40780042428900432,0.75356615522886305,0.29799742993265632,0.40909090909090912,0.64813293103079328,0.41204819277108434,0.40617577197149646,0.17489820906857376,0.4679245283018868,0.29453681710213775,2.9353650338367769,0.38185255198487711,0.47980997624703087,2.3954218284847042
within_project,JM1,101,AQRPE_v2_balanced,ET_leaf5,balanced_objective,0.57050000000000001,0.4626496979898897,0.40780042428900432,0.75356615522886305,0.29799742993265632,0.40909090909090912,0.64813293103079328,0.41204819277108434,0.40617577197149646,0.17489820906857376,0.4679245283018868,0.29453681710213775,2.9353650338367769,0.38185255198487711,0.47980997624703087,2.3954218284847042
within_project,JM1,101,AQRPE_v2_rank,ET_leaf5,rank_objective_fixed_threshold,0.5,0.41313950102594355,0.40780042428900432,0.75356615522886305,0.31585362896310376,0.43954104148278905,0.69144518627891549,0.3497191011235955,0.59144893111638952,0.17489820906857376,0.4679245283018868,0.29453681710213775,2.9353650338367769,0.38185255198487711,0.47980997624703087,2.3954218284847042
within_project,JM1,101,AQRPE_v2_mcc,ET_leaf5,mcc_objective,0.57050000000000001,0.37068838354745404,0.40780042428900432,0.75356615522886305,0.29799742993265632,0.40909090909090912,0.64813293103079328,0.41204819277108434,0.40617577197149646,0.17489820906857376,0.4679245283018868,0.29453681710213775,2.9353650338367769,0.38185255198487711,0.47980997624703087,2.3954218284847042
within_project,JM1,101,AQRPE_v2_soft_top3,ET_leaf5|LR_std_C0.1|LR_std_C1,soft_top3_balanced_objective,0.59399999999999997,0.43851510683818096,0.38464161319972212,0.73643459373863185,0.27313815716278111,0.38802395209580837,0.6356422931244784,0.39130434782608697,0.38479809976247031,0.19687880866979418,0.4679245283018868,0.29453681710213775,2.9353650338367769,0.3780718336483932,0.47505938242280282,2.3717047806779248
within_project,KC1,101,LR_std_C0.1,LR_std_C0.1,single_candidate_balanced_threshold,0.66449999999999998,0.46177203168915781,0.40914769113974025,0.75589312648136175,0.26857102899157026,0.38518518518518519,0.63837535014005597,0.37142857142857144,0.40000000000000002,0.18695384371861182,0.46511627906976744,0.30769230769230771,3.0196779964221823,0.32941176470588235,0.43076923076923079,2.1386425339366513
within_project,KC1,101,LR_std_C1,LR_std_C1,single_candidate_balanced_threshold,0.75849999999999995,0.46623809014344086,0.40953257085253747,0.76658047834518428,0.28773092189452965,0.3619047619047619,0.61674208144796383,0.47499999999999998,0.29230769230769232,0.18452337240509659,0.46511627906976744,0.30769230769230771,3.0196779964221823,0.3411764705882353,0.44615384615384618,2.2150226244343889
within_project,KC1,101,DT_leaf5,DT_leaf5,single_candidate_balanced_threshold,0.33550000000000002,0.44130050542474047,0.29924015898488876,0.65772462831286349,0.21594694721339253,0.34722222222222221,0.616677440206852,0.31645569620253167,0.38461538461538464,0.15395248675289042,0.39534883720930231,0.26153846153846155,2.5667262969588549,0.30588235294117649,0.40000000000000002,1.9858823529411764
within_project,KC1,101,ET_leaf5,ET_leaf5,single_candidate_balanced_threshold,0.59399999999999997,0.46304240844314026,0.42103647490559359,0.78420599008834302,0.31734935411345189,0.43243243243243246,0.67472527472527477,0.38554216867469882,0.49230769230769234,0.16095356254959869,0.46511627906976744,0.30769230769230771,3.0196779964221823,0.37647058823529411,0.49230769230769234,2.4441628959276018
within_project,KC1,101,AQRPE_v2_balanced,LR_std_C1,balanced_objective,0.75849999999999995,0.46623809014344086,0.40953257085253747,0.76658047834518428,0.28773092189452965,0.3619047619047619,0.61674208144796383,0.47499999999999998,0.29230769230769232,0.18452337240509659,0.46511627906976744,0.30769230769230771,3.0196779964221823,0.3411764705882353,0.44615384615384618,2.2150226244343889
within_project,KC1,101,AQRPE_v2_rank,LR_std_C1,rank_objective_fixed_threshold,0.5,0.39333588916721451,0.40953257085253747,0.76658047834518428,0.28307107386697106,0.40758293838862558,0.68651152768799828,0.29452054794520549,0.66153846153846152,0.18452337240509659,0.46511627906976744,0.30769230769230771,3.0196779964221823,0.3411764705882353,0.44615384615384618,2.2150226244343889
within_project,KC1,101,AQRPE_v2_mcc,LR_std_C1,mcc_objective,0.75849999999999995,0.384645168355089,0.40953257085253747,0.76658047834518428,0.28773092189452965,0.3619047619047619,0.61674208144796383,0.47499999999999998,0.29230769230769232,0.18452337240509659,0.46511627906976744,0.30769230769230771,3.0196779964221823,0.3411764705882353,0.44615384615384618,2.2150226244343889
within_project,KC1,101,AQRPE_v2_soft_top3,LR_std_C1|ET_leaf5|LR_std_C0.1,soft_top3_balanced_objective,0.64100000000000001,0.47732296535317054,0.4362256984370918,0.78062917474682192,0.26933547162200489,0.38848920863309355,0.64186597716009486,0.36486486486486486,0.41538461538461541,0.17406914605073304,0.44186046511627908,0.29230769230769232,2.8686940966010734,0.32941176470588235,0.43076923076923079,2.1386425339366513
within_project,KC2,101,LR_std_C0.1,LR_std_C0.1,single_candidate_balanced_threshold,0.40600000000000003,0.59227307440585708,0.63331497007334314,0.89019715224534501,0.52302849435931653,0.61538461538461542,0.81599123767798465,0.46511627906976744,0.90909090909090906,0.14699092761635141,0.81818181818181823,0.40909090909090912,3.9049586776859506,0.61904761904761907,0.59090909090909094,2.9545454545454546
within_project,KC2,101,LR_std_C1,LR_std_C1,single_candidate_balanced_threshold,0.44831199999999999,0.61491858479759931,0.61484432864822669,0.88472070098576117,0.59394664568898081,0.6785714285714286,0.84145673603504934,0.55882352941176472,0.86363636363636365,0.14151717678640233,0.81818181818181823,0.40909090909090912,3.9049586776859506,0.61904761904761907,0.59090909090909094,2.9545454545454546
within_project,KC2,101,DT_leaf5,DT_leaf5,single_candidate_balanced_threshold,0.16666700000000001,0.43204554567411596,0.46203595598332448,0.72754654983570655,0.40402867293615152,0.5423728813559322,0.73713033953997809,0.43243243243243246,0.72727272727272729,0.1614190488971663,0.45454545454545453,0.22727272727272727,2.1694214876033056,0.47619047619047616,0.45454545454545453,2.2727272727272725
within_project,KC2,101,ET_leaf5,ET_leaf5,single_candidate_balanced_threshold,0.51710199999999995,0.61582976485783358,0.65896930541751497,0.87705366922234396,0.57424587369498414,0.66666666666666663,0.82475355969331876,0.5625,0.81818181818181823,0.1888740918436225,0.72727272727272729,0.36363636363636365,3.4710743801652892,0.61904761904761907,0.59090909090909094,2.9545454545454546
within_project,KC2,101,AQRPE_v2_balanced,ET_leaf5,balanced_objective,0.51710199999999995,0.61582976485783358,0.65896930541751497,0.87705366922234396,0.57424587369498414,0.66666666666666663,0.82475355969331876,0.5625,0.81818181818181823,0.1888740918436225,0.72727272727272729,0.36363636363636365,3.4710743801652892,0.61904761904761907,0.59090909090909094,2.9545454545454546
within_project,KC2,101,AQRPE_v2_rank,LR_std_C0.1,rank_objective_fixed_threshold,0.5,0.55105596108464328,0.63331497007334314,0.89019715224534501,0.54393509974083087,0.6428571428571429,0.81270536692223438,0.52941176470588236,0.81818181818181823,0.14699092761635141,0.81818181818181823,0.40909090909090912,3.9049586776859506,0.61904761904761907,0.59090909090909094,2.9545454545454546
within_project,KC2,101,AQRPE_v2_mcc,ET_leaf5,mcc_objective,0.51710199999999995,0.5417363388859614,0.65896930541751497,0.87705366922234396,0.57424587369498414,0.66666666666666663,0.82475355969331876,0.5625,0.81818181818181823,0.1888740918436225,0.72727272727272729,0.36363636363636365,3.4710743801652892,0.61904761904761907,0.59090909090909094,2.9545454545454546
within_project,KC2,101,AQRPE_v2_soft_top3,ET_leaf5|LR_std_C1|LR_std_C0.1,soft_top3_balanced_objective,0.42949999999999999,0.59427255757913933,0.62048328565542188,0.88800657174151154,0.52302849435931653,0.61538461538461542,0.81599123767798465,0.46511627906976744,0.90909090909090906,0.15273319000243227,0.72727272727272729,0.36363636363636365,3.4710743801652892,0.61904761904761907,0.59090909090909094,2.9545454545454546
within_project,PC1,101,LR_std_C0.1,LR_std_C0.1,single_candidate_balanced_threshold,0.42056399999999999,0.39656754561047342,0.34961655671620062,0.86022544283413849,0.33892422596233085,0.31111111111111112,0.81932367149758456,0.18666666666666668,0.93333333333333335,0.16674005515998103,0.30434782608695654,0.46666666666666667,4.5043478260869563,0.17777777777777778,0.53333333333333333,2.6311111111111112
within_project,PC1,101,LR_std_C1,LR_std_C1,single_candidate_balanced_threshold,0.28849999999999998,0.36570287354387621,0.32503822770405999,0.86441223832528191,0.21675425810041976,0.21052631578947367,0.71545893719806763,0.11864406779661017,0.93333333333333335,0.16340564617198322,0.30434782608695654,0.46666666666666667,4.5043478260869563,0.24444444444444444,0.73333333333333328,3.6177777777777775
within_project,PC1,101,DT_leaf5,DT_leaf5,single_candidate_balanced_threshold,0.33550000000000002,0.39085238975868591,0.17960498313439488,0.70225442834138485,0.31354615549613907,0.35555555555555557,0.71352657004830911,0.26666666666666666,0.53333333333333333,0.082932924824833151,0.2608695652173913,0.40000000000000002,3.8608695652173908,0.17777777777777778,0.53333333333333333,2.6311111111111112
within_project,PC1,101,ET_leaf5,ET_leaf5,single_candidate_balanced_threshold,0.68799999999999994,0.49740200296405335,0.43251697431366459,0.88599033816425121,0.39963430093787089,0.41666666666666669,0.65700483091787443,0.55555555555555558,0.33333333333333331,0.1195146866522063,0.34782608695652173,0.53333333333333333,5.1478260869565213,0.24444444444444444,0.73333333333333328,3.6177777777777775
within_project,PC1,101,AQRPE_v2_balanced,ET_leaf5,balanced_objective,0.68799999999999994,0.49740200296405335,0.43251697431366459,0.88599033816425121,0.39963430093787089,0.41666666666666669,0.65700483091787443,0.55555555555555558,0.33333333333333331,0.1195146866522063,0.34782608695652173,0.53333333333333333,5.1478260869565213,0.24444444444444444,0.73333333333333328,3.6177777777777775
within_project,PC1,101,AQRPE_v2_rank,ET_leaf5,rank_objective_fixed_threshold,0.5,0.47836771283301638,0.43251697431366459,0.88599033816425121,0.33017866454997002,0.37209302325581395,0.71835748792270526,0.2857142857142857,0.53333333333333333,0.1195146866522063,0.34782608695652173,0.53333333333333333,5.1478260869565213,0.24444444444444444,0.73333333333333328,3.6177777777777775
within_project,PC1,101,AQRPE_v2_mcc,ET_leaf5,mcc_objective,0.68799999999999994,0.4433697711665131,0.43251697431366459,0.88599033816425121,0.39963430093787089,0.41666666666666669,0.65700483091787443,0.55555555555555558,0.33333333333333331,0.1195146866522063,0.34782608695652173,0.53333333333333333,5.1478260869565213,0.24444444444444444,0.73333333333333328,3.6177777777777775
within_project,PC1,101,AQRPE_v2_soft_top3,ET_leaf5|LR_std_C0.1|DT_leaf5,soft_top3_balanced_objective,0.26635300000000001,0.44481324368027497,0.37718919486584679,0.8969404186795491,0.31788332421899557,0.29166666666666669,0.8048309178743962,0.1728395061728395,0.93333333333333335,0.09444856762725308,0.30434782608695654,0.46666666666666667,4.5043478260869563,0.26666666666666666,0.80000000000000004,3.9466666666666663
cross_project,CM1,7,LR_std_C0.1,LR_std_C0.1,single_candidate_balanced_threshold,0.53192099999999998,0.40457091218979013,0.25327721812262738,0.75539748193263934,0.23310679352639038,0.30275229357798167,0.6852870324076179,0.19526627218934911,0.67346938775510201,0.24412744725934568,0.28000000000000003,0.2857142857142857,2.8457142857142861,0.26000000000000001,0.53061224489795922,2.6424489795918369
cross_project,CM1,7,LR_std_C1,LR_std_C1,single_candidate_balanced_threshold,0.52349999999999997,0.40171060469702219,0.25532599532596556,0.7646243352574883,0.20771191623129961,0.28099173553719009,0.66987864187991453,0.17616580310880828,0.69387755102040816,0.25115226936140006,0.28000000000000003,0.2857142857142857,2.8457142857142861,0.25,0.51020408163265307,2.5408163265306123
cross_project,CM1,7,DT_leaf5,DT_leaf5,single_candidate_balanced_threshold,0.17100000000000001,0.34483667705737336,0.16368711386275359,0.63310758601881734,0.094513195067509159,0.21122112211221122,0.57931457661015406,0.12598425196850394,0.65306122448979587,0.18494595783861548,0.17999999999999999,0.18367346938775511,1.8293877551020408,0.19,0.38775510204081631,1.9310204081632654
cross_project,CM1,7,ET_leaf5,ET_leaf5,single_candidate_balanced_threshold,0.45300000000000001,0.434639478202617,0.25548961118276481,0.77762374437525561,0.3086804045418241,0.36994219653179189,0.72408072360347253,0.25806451612903225,0.65306122448979587,0.15269875448032838,0.29999999999999999,0.30612244897959184,3.0489795918367344,0.26000000000000001,0.53061224489795922,2.6424489795918369
cross_project,CM1,7,AQRPE_v2_balanced,ET_leaf5,balanced_objective,0.45300000000000001,0.434639478202617,0.25548961118276481,0.77762374437525561,0.3086804045418241,0.36994219653179189,0.72408072360347253,0.25806451612903225,0.65306122448979587,0.15269875448032838,0.29999999999999999,0.30612244897959184,3.0489795918367344,0.26000000000000001,0.53061224489795922,2.6424489795918369
cross_project,CM1,7,AQRPE_v2_rank,ET_leaf5,rank_objective_fixed_threshold,0.5,0.3933435276753896,0.25548961118276481,0.77762374437525561,0.23215845905621998,0.31818181818181818,0.64524339802736241,0.25301204819277107,0.42857142857142855,0.15269875448032838,0.29999999999999999,0.30612244897959184,3.0489795918367344,0.26000000000000001,0.53061224489795922,2.6424489795918369
cross_project,CM1,7,AQRPE_v2_mcc,ET_leaf5,mcc_objective,0.57050000000000001,0.31946644366531846,0.25548961118276481,0.77762374437525561,0.22509641772433758,0.2978723404255319,0.60833598472796691,0.31111111111111112,0.2857142857142857,0.15269875448032838,0.29999999999999999,0.30612244897959184,3.0489795918367344,0.26000000000000001,0.53061224489795922,2.6424489795918369
cross_project,CM1,7,AQRPE_v2_soft_top3,ET_leaf5|LR_std_C0.1|LR_std_C1,soft_top3_balanced_objective,0.5,0.42110180800608221,0.25757712429337215,0.77862369892277616,0.24910728665480988,0.31336405529953915,0.69771828553247572,0.20238095238095238,0.69387755102040816,0.20950387549921104,0.23999999999999999,0.24489795918367346,2.4391836734693877,0.25,0.51020408163265307,2.5408163265306123
cross_project,JM1,7,LR_std_C0.1,LR_std_C0.1,single_candidate_balanced_threshold,0.57050000000000001,0.45622389058090462,0.31599610535148759,0.68070949556964155,0.22633839002299286,0.37104885057471265,0.6360618405259485,0.29812409812409812,0.49120304327151687,0.23387987812871494,0.3883421650264951,0.24393723252496433,2.4382643590156166,0.33472169632714882,0.42035187826913933,2.1016002274387415
cross_project,JM1,7,LR_std_C1,LR_std_C1,single_candidate_balanced_threshold,0.57050000000000001,0.45906116699186317,0.31859644304971435,0.68466374300756339,0.22632130785410556,0.37242090784044019,0.63903150440367207,0.29167788849986531,0.51497860199714696,0.23772043389491782,0.39364118092354278,0.24726581074655254,2.4715350227838608,0.33547898523286634,0.4213029006181645,2.1063549790845304
cross_project,JM1,7,DT_leaf5,DT_leaf5,single_candidate_balanced_threshold,0.24149999999999999,0.42145982003178456,0.2391898835435784,0.60632106029611055,0.15560316644505107,0.32159973558089572,0.59733924918751669,0.24645390070921985,0.46267237280076084,0.20006500904592112,0.34367903103709313,0.21588207322872088,2.1578401929689863,0.27603180613404016,0.34664764621968619,1.7331069748900934
cross_project,JM1,7,ET_leaf5,ET_leaf5,single_candidate_balanced_threshold,0.47649999999999998,0.48869106032336668,0.30021510916061989,0.65908755141215591,0.18273786803127393,0.34246355918628862,0.61583985078347114,0.25821256038647344,0.50832144555397052,0.19351774073239836,0.38985616956850871,0.24488825487398955,2.4477702629494007,0.30897387353275274,0.38801711840228248,1.9399386714819151
cross_project,JM1,7,AQRPE_v2_balanced,ET_leaf5,balanced_objective,0.47649999999999998,0.48869106032336668,0.30021510916061989,0.65908755141215591,0.18273786803127393,0.34246355918628862,0.61583985078347114,0.25821256038647344,0.50832144555397052,0.19351774073239836,0.38985616956850871,0.24488825487398955,2.4477702629494007,0.30897387353275274,0.38801711840228248,1.9399386714819151
cross_project,JM1,7,AQRPE_v2_rank,ET_leaf5,rank_objective_fixed_threshold,0.5,0.42462215516544866,0.30021510916061989,0.65908755141215591,0.1971859983010282,0.34995625546806647,0.62010852843277109,0.27685492801771872,0.47551117451260105,0.19351774073239836,0.38985616956850871,0.24488825487398955,2.4477702629494007,0.30897387353275274,0.38801711840228248,1.9399386714819151
cross_project,JM1,7,AQRPE_v2_mcc,ET_leaf5,mcc_objective,0.47649999999999998,0.39628748129856528,0.30021510916061989,0.65908755141215591,0.18273786803127393,0.34246355918628862,0.61583985078347114,0.25821256038647344,0.50832144555397052,0.19351774073239836,0.38985616956850871,0.24488825487398955,2.4477702629494007,0.30897387353275274,0.38801711840228248,1.9399386714819151
cross_project,JM1,7,AQRPE_v2_soft_top3,ET_leaf5|LR_std_C1|LR_std_C0.1,soft_top3_balanced_objective,0.49021900000000002,0.46650090055637311,0.31370440487667534,0.68388474596047888,0.21140675515280821,0.36363636363636365,0.63631557356281232,0.26832579185520361,0.56395625297194485,0.21647431198902317,0.38909916729750188,0.24441274369947694,2.4430173109825084,0.33169254070427867,0.4165477888730385,2.0825812208555852
cross_project,KC1,7,LR_std_C0.1,LR_std_C0.1,single_candidate_balanced_threshold,0.52349999999999997,0.40755758731455827,0.38844985444921709,0.77635834689587069,0.29491141307026453,0.40822320117474303,0.65261811450337026,0.39154929577464787,0.42638036809815949,0.15312381580566811,0.45497630331753552,0.29447852760736198,2.9433896432413573,0.38388625592417064,0.49693251533742333,2.4834850114848952
cross_project,KC1,7,LR_std_C1,LR_std_C1,single_candidate_balanced_threshold,0.52349999999999997,0.40961699340988778,0.39087177198595763,0.78003485543424778,0.29681881573404212,0.41201716738197425,0.65664128493715357,0.38605898123324395,0.44171779141104295,0.15286158132458819,0.45971563981042651,0.29754601226993865,2.9740499520251213,0.38388625592417064,0.49693251533742333,2.4834850114848952
cross_project,KC1,7,DT_leaf5,DT_leaf5,single_candidate_balanced_threshold,0.312,0.37047805525637417,0.21582386755724767,0.55159756940979732,0.14050399456143878,0.26202321724709782,0.56564124708821206,0.2851985559566787,0.24233128834355827,0.16228875124618236,0.2890995260663507,0.18711656441717792,1.8702788358096123,0.24407582938388625,0.31595092024539878,1.5790059023638532
cross_project,KC1,7,ET_leaf5,ET_leaf5,single_candidate_balanced_threshold,0.52515500000000004,0.46095898990103051,0.3415691495704507,0.731073808876609,0.25443280005974028,0.3559322033898305,0.61645517136968431,0.39772727272727271,0.32208588957055212,0.14317033801128937,0.40758293838862558,0.26380368098159507,2.6367865554037158,0.33649289099526064,0.43558282208588955,2.1768819236472536
cross_project,KC1,7,AQRPE_v2_balanced,ET_leaf5,balanced_objective,0.52515500000000004,0.46095898990103051,0.3415691495704507,0.731073808876609,0.25443280005974028,0.3559322033898305,0.61645517136968431,0.39772727272727271,0.32208588957055212,0.14317033801128937,0.40758293838862558,0.26380368098159507,2.6367865554037158,0.33649289099526064,0.43558282208588955,2.1768819236472536
cross_project,KC1,7,AQRPE_v2_rank,ET_leaf5,rank_objective_fixed_threshold,0.5,0.41327809731284904,0.3415691495704507,0.731073808876609,0.25156638218021843,0.36671802773497691,0.62530838285236512,0.36842105263157893,0.36503067484662577,0.14317033801128937,0.40758293838862558,0.26380368098159507,2.6367865554037158,0.33649289099526064,0.43558282208588955,2.1768819236472536
cross_project,KC1,7,AQRPE_v2_mcc,ET_leaf5,mcc_objective,0.52515500000000004,0.35641599429447218,0.3415691495704507,0.731073808876609,0.25443280005974028,0.3559322033898305,0.61645517136968431,0.39772727272727271,0.32208588957055212,0.14317033801128937,0.40758293838862558,0.26380368098159507,2.6367865554037158,0.33649289099526064,0.43558282208588955,2.1768819236472536
cross_project,KC1,7,AQRPE_v2_soft_top3,ET_leaf5|LR_std_C1|LR_std_C0.1,soft_top3_balanced_objective,0.46538800000000002,0.42894395569228305,0.38144967000952906,0.77155669255304882,0.31056043657134669,0.42741935483870969,0.6712346324695746,0.38038277511961721,0.48773006134969327,0.14710470528895284,0.42654028436018959,0.27607361963190186,2.7594277905387727,0.37677725118483413,0.48773006134969327,2.4374945483092492
cross_project,KC2,7,LR_std_C0.1,LR_std_C0.1,single_candidate_balanced_threshold,0.52349999999999997,0.39674513004921541,0.63613857059625611,0.84714559171264492,0.51508200072071242,0.61992619926199266,0.79613782231730656,0.51219512195121952,0.78504672897196259,0.16237420745013526,0.71698113207547165,0.35514018691588783,3.4977958032093102,0.60952380952380958,0.59813084112149528,2.9735647530040055
cross_project,KC2,7,LR_std_C1,LR_std_C1,single_candidate_balanced_threshold,0.52349999999999997,0.39793379849566163,0.62339481918980166,0.8493975903614458,0.52376721512793578,0.62545454545454549,0.8030739781556131,0.51190476190476186,0.80373831775700932,0.16343365610327459,0.67924528301886788,0.3364485981308411,3.3137012872509253,0.59999999999999998,0.58878504672897192,2.9271028037383173
cross_project,KC2,7,DT_leaf5,DT_leaf5,single_candidate_balanced_threshold,0.26500000000000001,0.33046366855825382,0.37758253566225547,0.59475284314829402,0.2562554193695305,0.4219409282700422,0.63725931764440946,0.38461538461538464,0.46728971962616822,0.17857260244808296,0.58490566037735847,0.28971962616822428,2.8534649973549637,0.46666666666666667,0.45794392523364486,2.2766355140186914
cross_project,KC2,7,ET_leaf5,ET_leaf5,single_candidate_balanced_threshold,0.51114700000000002,0.42852772684933538,0.64054100570385475,0.84270915437450744,0.50827922497248146,0.61403508771929827,0.76565702060578755,0.57851239669421484,0.65420560747663548,0.1403092281473631,0.77358490566037741,0.38317757009345793,3.7739375771468877,0.5714285714285714,0.56074766355140182,2.7877169559412547
cross_project,KC2,7,AQRPE_v2_balanced,ET_leaf5,balanced_objective,0.51114700000000002,0.42852772684933538,0.64054100570385475,0.84270915437450744,0.50827922497248146,0.61403508771929827,0.76565702060578755,0.57851239669421484,0.65420560747663548,0.1403092281473631,0.77358490566037741,0.38317757009345793,3.7739375771468877,0.5714285714285714,0.56074766355140182,2.7877169559412547
cross_project,KC2,7,AQRPE_v2_rank,ET_leaf5,rank_objective_fixed_threshold,0.5,0.39032145587766898,0.64054100570385475,0.84270915437450744,0.47703759644600424,0.59259259259259256,0.75934016439590135,0.52941176470588236,0.67289719626168221,0.1403092281473631,0.77358490566037741,0.38317757009345793,3.7739375771468877,0.5714285714285714,0.56074766355140182,2.7877169559412547
cross_project,KC2,7,AQRPE_v2_mcc,ET_leaf5,mcc_objective,0.5423,0.31957170469453344,0.64054100570385475,0.84270915437450744,0.46428075200990521,0.57004830917874394,0.72630334421799336,0.58999999999999997,0.55140186915887845,0.1403092281473631,0.77358490566037741,0.38317757009345793,3.7739375771468877,0.5714285714285714,0.56074766355140182,2.7877169559412547
cross_project,KC2,7,AQRPE_v2_soft_top3,ET_leaf5|LR_std_C1|LR_std_C0.1,soft_top3_balanced_objective,0.47649999999999998,0.41954262299489553,0.64067073108305783,0.85198738880756664,0.49839703363593452,0.60563380281690138,0.79223060466163719,0.48587570621468928,0.80373831775700932,0.15225004166076808,0.73584905660377353,0.3644859813084112,3.5898430611885024,0.5714285714285714,0.56074766355140182,2.7877169559412547
cross_project,PC1,7,LR_std_C0.1,LR_std_C0.1,single_candidate_balanced_threshold,0.51458899999999996,0.39383580330859524,0.18563283765991706,0.68347301922883319,0.15672708889615905,0.22393822393822393,0.61418378133494411,0.15934065934065933,0.37662337662337664,0.18702968035245762,0.16216216216216217,0.23376623376623376,2.3355563355563356,0.16666666666666666,0.48051948051948051,2.4004329004329001
cross_project,PC1,7,LR_std_C1,LR_std_C1,single_candidate_balanced_threshold,0.52349999999999997,0.39548719594656939,0.18734223437114991,0.68279346622369885,0.1512878827350258,0.22026431718061673,0.60177564683378637,0.16666666666666666,0.32467532467532467,0.18003405520941004,0.15315315315315314,0.22077922077922077,2.2058032058032055,0.15315315315315314,0.44155844155844154,2.2058032058032055
cross_project,PC1,7,DT_leaf5,DT_leaf5,single_candidate_balanced_threshold,0.24149999999999999,0.35727915550024936,0.097735355343003663,0.51030655391120505,0.0076593227984272146,0.11578947368421053,0.50671373200442971,0.072607260726072612,0.2857142857142857,0.14126065094879744,0.13513513513513514,0.19480519480519481,1.9462969462969462,0.090090090090090086,0.25974025974025972,1.2975312975312974
cross_project,PC1,7,ET_leaf5,ET_leaf5,single_candidate_balanced_threshold,0.47649999999999998,0.43193621430289791,0.1932717291310331,0.69878813047417698,0.20296487662471988,0.25,0.67069364743783344,0.16104868913857678,0.55844155844155841,0.16870867926878846,0.23423423423423423,0.33766233766233766,3.3735813735813731,0.17567567567567569,0.50649350649350644,2.5301860301860302
cross_project,PC1,7,AQRPE_v2_balanced,ET_leaf5,balanced_objective,0.47649999999999998,0.43193621430289791,0.1932717291310331,0.69878813047417698,0.20296487662471988,0.25,0.67069364743783344,0.16104868913857678,0.55844155844155841,0.16870867926878846,0.23423423423423423,0.33766233766233766,3.3735813735813731,0.17567567567567569,0.50649350649350644,2.5301860301860302
cross_project,PC1,7,AQRPE_v2_rank,ET_leaf5,rank_objective_fixed_threshold,0.5,0.39160364870180664,0.1932717291310331,0.69878813047417698,0.20655649576711485,0.25454545454545452,0.67049859055673,0.16600790513833993,0.54545454545454541,0.16870867926878846,0.23423423423423423,0.33766233766233766,3.3735813735813731,0.17567567567567569,0.50649350649350644,2.5301860301860302
cross_project,PC1,7,AQRPE_v2_mcc,ET_leaf5,mcc_objective,0.63372099999999998,0.31487638160423848,0.1932717291310331,0.69878813047417698,0.21111142506484437,0.27173913043478259,0.62260898016711974,0.23364485981308411,0.32467532467532467,0.16870867926878846,0.23423423423423423,0.33766233766233766,3.3735813735813731,0.17567567567567569,0.50649350649350644,2.5301860301860302
cross_project,PC1,7,AQRPE_v2_soft_top3,ET_leaf5|LR_std_C1|LR_std_C0.1,soft_top3_balanced_objective,0.46492099999999997,0.41747997263067077,0.19913433926992852,0.70604928017718716,0.1847478869054863,0.23699421965317918,0.65576864995469641,0.15241635687732341,0.53246753246753242,0.17533773043536954,0.18018018018018017,0.25974025974025972,2.5950625950625947,0.17117117117117117,0.4935064935064935,2.4653094653094652
cross_project,CM1,13,LR_std_C0.1,LR_std_C0.1,single_candidate_balanced_threshold,0.57050000000000001,0.38482474996121391,0.25557765959046885,0.75998818235534737,0.27809402718426351,0.3493975903614458,0.69792282168992315,0.24786324786324787,0.59183673469387754,0.23106695559218537,0.28000000000000003,0.2857142857142857,2.8457142857142861,0.25,0.51020408163265307,2.5408163265306123
cross_project,CM1,13,LR_std_C1,LR_std_C1,single_candidate_balanced_threshold,0.587225,0.38820888327924113,0.25822688758380918,0.76966956047452384,0.28443852568105582,0.35294117647058826,0.70478614608426893,0.24793388429752067,0.61224489795918369,0.23721336190370948,0.26000000000000001,0.26530612244897961,2.6424489795918369,0.26000000000000001,0.53061224489795922,2.6424489795918369
cross_project,CM1,13,DT_leaf5,DT_leaf5,single_candidate_balanced_threshold,0.19450000000000001,0.35289364043735272,0.1461235748370425,0.63590291350393158,0.16028386832311811,0.25570776255707761,0.62758510976773785,0.16470588235294117,0.5714285714285714,0.15189947670096457,0.16,0.16326530612244897,1.6261224489795918,0.14999999999999999,0.30612244897959184,1.5244897959183672
cross_project,CM1,13,ET_leaf5,ET_leaf5,single_candidate_balanced_threshold,0.5,0.43934117359710712,0.26608799342569128,0.77812372164901589,0.28574334811985341,0.3611111111111111,0.68846870596791054,0.27368421052631581,0.53061224489795922,0.16010925135560283,0.32000000000000001,0.32653061224489793,3.2522448979591836,0.27000000000000002,0.55102040816326525,2.7440816326530615
cross_project,CM1,13,AQRPE_v2_balanced,ET_leaf5,balanced_objective,0.5,0.43934117359710712,0.26608799342569128,0.77812372164901589,0.28574334811985341,0.3611111111111111,0.68846870596791054,0.27368421052631581,0.53061224489795922,0.16010925135560283,0.32000000000000001,0.32653061224489793,3.2522448979591836,0.27000000000000002,0.55102040816326525,2.7440816326530615
cross_project,CM1,13,AQRPE_v2_rank,ET_leaf5,rank_objective_fixed_threshold,0.5,0.3950120851626327,0.26608799342569128,0.77812372164901589,0.28574334811985341,0.3611111111111111,0.68846870596791054,0.27368421052631581,0.53061224489795922,0.16010925135560283,0.32000000000000001,0.32653061224489793,3.2522448979591836,0.27000000000000002,0.55102040816326525,2.7440816326530615
cross_project,CM1,13,AQRPE_v2_mcc,ET_leaf5,mcc_objective,0.59399999999999997,0.33157580943645748,0.26608799342569128,0.77812372164901589,0.22509641772433758,0.2978723404255319,0.60833598472796691,0.31111111111111112,0.2857142857142857,0.16010925135560283,0.32000000000000001,0.32653061224489793,3.2522448979591836,0.27000000000000002,0.55102040816326525,2.7440816326530615
cross_project,CM1,13,AQRPE_v2_soft_top3,ET_leaf5|LR_std_C1|LR_std_C0.1,soft_top3_balanced_objective,0.50856299999999999,0.40901701339593749,0.26126781447775527,0.78225989727739642,0.27001407267899413,0.33333333333333331,0.70755874732966684,0.22147651006711411,0.67346938775510201,0.20476576873379415,0.29999999999999999,0.30612244897959184,3.0489795918367344,0.25,0.51020408163265307,2.5408163265306123
cross_project,JM1,13,LR_std_C0.1,LR_std_C0.1,single_candidate_balanced_threshold,0.58247899999999997,0.45350720698817948,0.32042477112301393,0.68525692188736254,0.22922105248256497,0.37410323709536308,0.63962149207704833,0.29595791805094129,0.50832144555397052,0.23938212941455361,0.38985616956850871,0.24488825487398955,2.4477702629494007,0.33434305187429003,0.41987636709462672,2.0992228516158469
cross_project,JM1,13,LR_std_C1,LR_std_C1,single_candidate_balanced_threshold,0.58665800000000001,0.44894639814213572,0.32411404064002858,0.69290493721611912,0.23816332995200984,0.38164332714695459,0.64760619039217271,0.29576359832635984,0.53780313837375182,0.24579057789407407,0.39591218773656323,0.24869234427009035,2.4857938786845368,0.33964407421431275,0.42653352353780316,2.1325061131363698
cross_project,JM1,13,DT_leaf5,DT_leaf5,single_candidate_balanced_threshold,0.40600000000000003,0.39445201040176597,0.23893948631987133,0.60449371981284705,0.1538313514923059,0.31082900557799575,0.58905273556425652,0.26098191214470284,0.38421302900618165,0.20114253177269881,0.33610900832702501,0.21112696148359486,2.1103106733000656,0.27489587277546385,0.34522111269614836,1.7259748474214098
cross_project,JM1,13,ET_leaf5,ET_leaf5,single_candidate_balanced_threshold,0.61750000000000005,0.47513469786974027,0.30380013771863795,0.66931211253881551,0.20530379214905531,0.32639920752847945,0.5992086322090906,0.34056847545219637,0.31336186400380411,0.19991065793217513,0.37698713096139286,0.23680456490727533,2.3669700795122357,0.3070806512684589,0.38563956252971943,1.9280517923674425
cross_project,JM1,13,AQRPE_v2_balanced,ET_leaf5,balanced_objective,0.61750000000000005,0.47513469786974027,0.30380013771863795,0.66931211253881551,0.20530379214905531,0.32639920752847945,0.5992086322090906,0.34056847545219637,0.31336186400380411,0.19991065793217513,0.37698713096139286,0.23680456490727533,2.3669700795122357,0.3070806512684589,0.38563956252971943,1.9280517923674425
cross_project,JM1,13,AQRPE_v2_rank,ET_leaf5,rank_objective_fixed_threshold,0.5,0.41747228355803678,0.30380013771863795,0.66931211253881551,0.17753567431747028,0.33863453815261046,0.61240863993652195,0.25570111596312467,0.50118877793628147,0.19991065793217513,0.37698713096139286,0.23680456490727533,2.3669700795122357,0.3070806512684589,0.38563956252971943,1.9280517923674425
cross_project,JM1,13,AQRPE_v2_mcc,ET_leaf5,mcc_objective,0.61750000000000005,0.39425237861506141,0.30380013771863795,0.66931211253881551,0.20530379214905531,0.32639920752847945,0.5992086322090906,0.34056847545219637,0.31336186400380411,0.19991065793217513,0.37698713096139286,0.23680456490727533,2.3669700795122357,0.3070806512684589,0.38563956252971943,1.9280517923674425
cross_project,JM1,13,AQRPE_v2_soft_top3,ET_leaf5|LR_std_C0.1|LR_std_C1,soft_top3_balanced_objective,0.64100000000000001,0.45839591503917509,0.32019873725163273,0.69294999962091042,0.2373298105146481,0.36696035242290748,0.62580466055779804,0.34181370537546163,0.39610080836899669,0.22290484413995471,0.38455715367146104,0.24155967665240133,2.4144995991811564,0.33737220749716018,0.42368045649072755,2.1182418581990028
cross_project,KC1,13,LR_std_C0.1,LR_std_C0.1,single_candidate_balanced_threshold,0.54074800000000001,0.3919953453195601,0.39201874010852023,0.7791643297812676,0.26615790162131359,0.37440000000000001,0.62841027564351803,0.39130434782608697,0.35889570552147237,0.15158658765069971,0.45971563981042651,0.29754601226993865,2.9740499520251213,0.38151658767772512,0.49386503067484661,2.4681548570930132
cross_project,KC1,13,LR_std_C1,LR_std_C1,single_candidate_balanced_threshold,0.52349999999999997,0.38528844285405983,0.39347153968415988,0.78236600614529173,0.29754368103194373,0.41002949852507375,0.6534593932470607,0.39488636363636365,0.42638036809815949,0.15071644931989203,0.45497630331753552,0.29447852760736198,2.9433896432413573,0.38151658767772512,0.49386503067484661,2.4681548570930132
cross_project,KC1,13,DT_leaf5,DT_leaf5,single_candidate_balanced_threshold,0.24149999999999999,0.36019739287319341,0.23116831726708137,0.58542592101958169,0.17764426888146567,0.31400282885431402,0.59453031184086924,0.29133858267716534,0.34049079754601225,0.16518067986234861,0.32227488151658767,0.20858895705521471,2.0849009972959616,0.26303317535545023,0.34049079754601225,1.7016471374989097
cross_project,KC1,13,ET_leaf5,ET_leaf5,single_candidate_balanced_threshold,0.5,0.4365881143958914,0.34956395277805502,0.74666413193452819,0.27637662059611773,0.38412698412698415,0.63426481872077456,0.39802631578947367,0.37116564417177916,0.138532092607979,0.43127962085308058,0.27914110429447853,2.7900880993225368,0.36018957345971564,0.46625766871165641,2.3301834675660746
cross_project,KC1,13,AQRPE_v2_balanced,ET_leaf5,balanced_objective,0.5,0.4365881143958914,0.34956395277805502,0.74666413193452819,0.27637662059611773,0.38412698412698415,0.63426481872077456,0.39802631578947367,0.37116564417177916,0.138532092607979,0.43127962085308058,0.27914110429447853,2.7900880993225368,0.36018957345971564,0.46625766871165641,2.3301834675660746
cross_project,KC1,13,AQRPE_v2_rank,ET_leaf5,rank_objective_fixed_threshold,0.5,0.38253788932063371,0.34956395277805502,0.74666413193452819,0.27637662059611773,0.38412698412698415,0.63426481872077456,0.39802631578947367,0.37116564417177916,0.138532092607979,0.43127962085308058,0.27914110429447853,2.7900880993225368,0.36018957345971564,0.46625766871165641,2.3301834675660746
cross_project,KC1,13,AQRPE_v2_mcc,ET_leaf5,mcc_objective,0.5,0.32665364904017469,0.34956395277805502,0.74666413193452819,0.27637662059611773,0.38412698412698415,0.63426481872077456,0.39802631578947367,0.37116564417177916,0.138532092607979,0.43127962085308058,0.27914110429447853,2.7900880993225368,0.36018957345971564,0.46625766871165641,2.3301834675660746
cross_project,KC1,13,AQRPE_v2_soft_top3,ET_leaf5|LR_std_C0.1|LR_std_C1,soft_top3_balanced_objective,0.43570900000000001,0.40745018331252408,0.38171501933107144,0.77543276823716834,0.31019743305224329,0.42947903430749684,0.67731798960186351,0.36659436008676788,0.51840490797546013,0.14439026208963873,0.44075829383886256,0.28527607361963192,2.8514087168900648,0.36729857819905215,0.47546012269938648,2.3761739307417207
cross_project,KC2,13,LR_std_C0.1,LR_std_C0.1,single_candidate_balanced_threshold,0.54700000000000004,0.40137754249213409,0.63702261669153448,0.84667267199639684,0.50090681974874263,0.61111111111111116,0.77788537326877605,0.53103448275862064,0.71962616822429903,0.15921650010057611,0.73584905660377353,0.3644859813084112,3.5898430611885024,0.59047619047619049,0.57943925233644855,2.8806408544726301
cross_project,KC2,13,LR_std_C1,LR_std_C1,single_candidate_balanced_threshold,0.53265099999999999,0.40263379724921261,0.63841035907500421,0.85153698907780651,0.50633049032969291,0.61313868613138689,0.79252336448598126,0.50299401197604787,0.78504672897196259,0.15880533699718835,0.73584905660377353,0.3644859813084112,3.5898430611885024,0.59047619047619049,0.57943925233644855,2.8806408544726301
cross_project,KC2,13,DT_leaf5,DT_leaf5,single_candidate_balanced_threshold,0.14285700000000001,0.37616035130137426,0.33260853610284069,0.5591712644972413,0.15808756337120486,0.36363636363636365,0.5914761851142889,0.29761904761904762,0.46728971962616822,0.19249385548148651,0.47169811320754718,0.23364485981308411,2.3011814494798095,0.3619047619047619,0.35514018691588783,1.765554072096128
cross_project,KC2,13,ET_leaf5,ET_leaf5,single_candidate_balanced_threshold,0.52349999999999997,0.44227982830647816,0.6304362892663794,0.83795743722553762,0.45132283007663693,0.56621004566210043,0.72947866231280256,0.5535714285714286,0.57943925233644855,0.14259957747796223,0.71698113207547165,0.35514018691588783,3.4977958032093102,0.56190476190476191,0.55140186915887845,2.7412550066755674
cross_project,KC2,13,AQRPE_v2_balanced,ET_leaf5,balanced_objective,0.52349999999999997,0.44227982830647816,0.6304362892663794,0.83795743722553762,0.45132283007663693,0.56621004566210043,0.72947866231280256,0.5535714285714286,0.57943925233644855,0.14259957747796223,0.71698113207547165,0.35514018691588783,3.4977958032093102,0.56190476190476191,0.55140186915887845,2.7412550066755674
cross_project,KC2,13,AQRPE_v2_rank,ET_leaf5,rank_objective_fixed_threshold,0.5,0.41754463910642342,0.6304362892663794,0.83795743722553762,0.4722655570979522,0.58823529411764708,0.75360882783470329,0.53435114503816794,0.65420560747663548,0.14259957747796223,0.71698113207547165,0.35514018691588783,3.4977958032093102,0.56190476190476191,0.55140186915887845,2.7412550066755674
cross_project,KC2,13,AQRPE_v2_mcc,ET_leaf5,mcc_objective,0.64100000000000001,0.33469546486387641,0.6304362892663794,0.83795743722553762,0.42635983503295505,0.47499999999999998,0.65949780430131744,0.71698113207547165,0.35514018691588783,0.14259957747796223,0.71698113207547165,0.35514018691588783,3.4977958032093102,0.56190476190476191,0.55140186915887845,2.7412550066755674
cross_project,KC2,13,AQRPE_v2_soft_top3,ET_leaf5|LR_std_C1|LR_std_C0.1,soft_top3_balanced_objective,0.52349999999999997,0.41999840878143019,0.64193233551452233,0.8511766692939986,0.50825727783526853,0.61660079051383399,0.78255827046503779,0.53424657534246578,0.7289719626168224,0.15079727086896952,0.73584905660377353,0.3644859813084112,3.5898430611885024,0.580952380952381,0.57009345794392519,2.8341789052069428
cross_project,PC1,13,LR_std_C0.1,LR_std_C0.1,single_candidate_balanced_threshold,0.54700000000000004,0.3988790271424974,0.17427164230656189,0.67645097150911115,0.1676502639187597,0.23423423423423423,0.61117613007147886,0.1793103448275862,0.33766233766233766,0.19022898506432628,0.15315315315315314,0.22077922077922077,2.2058032058032055,0.16216216216216217,0.46753246753246752,2.3355563355563356
cross_project,PC1,13,LR_std_C1,LR_std_C1,single_candidate_balanced_threshold,0.59399999999999997,0.39776910106564445,0.18003431715313992,0.67857772072888345,0.12065775413564546,0.1871345029239766,0.56610540622168526,0.1702127659574468,0.20779220779220781,0.18339413953022582,0.15315315315315314,0.22077922077922077,2.2058032058032055,0.15765765765765766,0.45454545454545453,2.2706797706797706
cross_project,PC1,13,DT_leaf5,DT_leaf5,single_candidate_balanced_threshold,0.24149999999999999,0.36673435137077975,0.10100596628844674,0.5827859156347529,0.083395828513249906,0.166189111747851,0.57057913017215345,0.10661764705882353,0.37662337662337664,0.14332663098993026,0.0990990990990991,0.14285714285714285,1.4272844272844272,0.1036036036036036,0.29870129870129869,1.492160992160992
cross_project,PC1,13,ET_leaf5,ET_leaf5,single_candidate_balanced_threshold,0.45369799999999999,0.4332459686531796,0.20594500929636606,0.70227398570421828,0.23745881365795296,0.27272727272727271,0.70170769153327295,0.17454545454545456,0.62337662337662336,0.15860607406358482,0.23423423423423423,0.33766233766233766,3.3735813735813731,0.18018018018018017,0.51948051948051943,2.5950625950625947
cross_project,PC1,13,AQRPE_v2_balanced,ET_leaf5,balanced_objective,0.45369799999999999,0.4332459686531796,0.20594500929636606,0.70227398570421828,0.23745881365795296,0.27272727272727271,0.70170769153327295,0.17454545454545456,0.62337662337662336,0.15860607406358482,0.23423423423423423,0.33766233766233766,3.3735813735813731,0.18018018018018017,0.51948051948051943,2.5950625950625947
cross_project,PC1,13,AQRPE_v2_rank,ET_leaf5,rank_objective_fixed_threshold,0.5,0.40572843563091843,0.20594500929636606,0.70227398570421828,0.22094442196255246,0.27027027027027029,0.6730154535387094,0.18264840182648401,0.51948051948051943,0.15860607406358482,0.23423423423423423,0.33766233766233766,3.3735813735813731,0.18018018018018017,0.51948051948051943,2.5950625950625947
cross_project,PC1,13,AQRPE_v2_mcc,ET_leaf5,mcc_objective,0.57050000000000001,0.31545587334119934,0.20594500929636606,0.70227398570421828,0.22255235862005632,0.2807017543859649,0.65013716903251795,0.2119205298013245,0.41558441558441561,0.15860607406358482,0.23423423423423423,0.33766233766233766,3.3735813735813731,0.18018018018018017,0.51948051948051943,2.5950625950625947
cross_project,PC1,13,AQRPE_v2_soft_top3,ET_leaf5|LR_std_C0.1|LR_std_C1,soft_top3_balanced_objective,0.5,0.41931234257623395,0.1877236990891982,0.70579759387898922,0.20703214086852822,0.26148409893992935,0.65837989529849994,0.1796116504854369,0.48051948051948051,0.17400364148056319,0.1891891891891892,0.27272727272727271,2.7248157248157248,0.17567567567567569,0.50649350649350644,2.5301860301860302
cross_project,CM1,29,LR_std_C0.1,LR_std_C0.1,single_candidate_balanced_threshold,0.52349999999999997,0.39811227789081305,0.24862870271420517,0.74926139720921781,0.21129359171369211,0.2857142857142857,0.67081041770828598,0.18131868131868131,0.67346938775510201,0.24853200564921973,0.28000000000000003,0.2857142857142857,2.8457142857142861,0.23999999999999999,0.48979591836734693,2.4391836734693877
cross_project,CM1,29,LR_std_C1,LR_std_C1,single_candidate_balanced_threshold,0.51071699999999998,0.39648544515663603,0.24916717206616912,0.75962456251988553,0.21685007432675801,0.28346456692913385,0.67915094768419615,0.17560975609756097,0.73469387755102045,0.25623517276229529,0.28000000000000003,0.2857142857142857,2.8457142857142861,0.23999999999999999,0.48979591836734693,2.4391836734693877
cross_project,CM1,29,DT_leaf5,DT_leaf5,single_candidate_balanced_threshold,0.218,0.35310647804436024,0.16293455422855418,0.64853870278623693,0.15996391595878812,0.25316455696202533,0.63017590109540478,0.15957446808510639,0.61224489795918369,0.14990463368837054,0.22,0.22448979591836735,2.2359183673469389,0.19,0.38775510204081631,1.9310204081632654
cross_project,CM1,29,ET_leaf5,ET_leaf5,single_candidate_balanced_threshold,0.52349999999999997,0.41538465400926122,0.26767760769313487,0.78789600472705779,0.26534687744136792,0.34532374100719426,0.6714012999409118,0.26666666666666666,0.48979591836734693,0.17375142927246187,0.29999999999999999,0.30612244897959184,3.0489795918367344,0.27000000000000002,0.55102040816326525,2.7440816326530615
cross_project,CM1,29,AQRPE_v2_balanced,ET_leaf5,balanced_objective,0.52349999999999997,0.41538465400926122,0.26767760769313487,0.78789600472705779,0.26534687744136792,0.34532374100719426,0.6714012999409118,0.26666666666666666,0.48979591836734693,0.17375142927246187,0.29999999999999999,0.30612244897959184,3.0489795918367344,0.27000000000000002,0.55102040816326525,2.7440816326530615
cross_project,CM1,29,AQRPE_v2_rank,ET_leaf5,rank_objective_fixed_threshold,0.5,0.38553753279517056,0.26767760769313487,0.78789600472705779,0.29542440759015648,0.36046511627906974,0.71387664197081957,0.25203252032520324,0.63265306122448983,0.17375142927246187,0.29999999999999999,0.30612244897959184,3.0489795918367344,0.27000000000000002,0.55102040816326525,2.7440816326530615
cross_project,CM1,29,AQRPE_v2_mcc,ET_leaf5,mcc_objective,0.59930799999999995,0.30721038217856245,0.26767760769313487,0.78789600472705779,0.23517836890174046,0.2988505747126437,0.60481341757192852,0.34210526315789475,0.26530612244897961,0.17375142927246187,0.29999999999999999,0.30612244897959184,3.0489795918367344,0.27000000000000002,0.55102040816326525,2.7440816326530615
cross_project,CM1,29,AQRPE_v2_soft_top3,ET_leaf5|LR_std_C0.1|LR_std_C1,soft_top3_balanced_objective,0.54430199999999995,0.4083413004478133,0.24732810795879179,0.77316940139084589,0.26717721416702694,0.33333333333333331,0.70292259442752592,0.22377622377622378,0.65306122448979587,0.22119854191969776,0.26000000000000001,0.26530612244897961,2.6424489795918369,0.23999999999999999,0.48979591836734693,2.4391836734693877
cross_project,JM1,29,LR_std_C0.1,LR_std_C0.1,single_candidate_balanced_threshold,0.64100000000000001,0.42821163250566269,0.32940705736652437,0.69484696837317395,0.24576555012910842,0.38064516129032255,0.63827786566802902,0.33041652082604128,0.44888254873989542,0.24025232234618299,0.39894019682059045,0.25059438896814074,2.5048056865521051,0.34153729647860659,0.42891107941036616,2.1443929922508422
cross_project,JM1,29,LR_std_C1,LR_std_C1,single_candidate_balanced_threshold,0.54700000000000004,0.43483152939052194,0.33168035465717338,0.69967145137738684,0.23147638393628281,0.37766281192939744,0.64966237678569949,0.27769075855896175,0.59010936757013788,0.24606539642854297,0.40348221044663135,0.25344745601521634,2.5333233983534571,0.34948882998864067,0.43889681407513076,2.1943178845316269
cross_project,JM1,29,DT_leaf5,DT_leaf5,single_candidate_balanced_threshold,0.10050000000000001,0.35706401683990996,0.20056718738529622,0.56656785920551478,0.082983757624714938,0.27963272120200333,0.55517713701494042,0.19764011799410031,0.47788873038516405,0.21492246820545488,0.2778198334595004,0.17451260104612459,1.7443333718493788,0.24233244982961,0.30432715168806468,1.5215205266524825
cross_project,JM1,29,ET_leaf5,ET_leaf5,single_candidate_balanced_threshold,0.61750000000000005,0.46172473146205556,0.2957931110926173,0.65798191618281343,0.19972275313628879,0.32512077294685993,0.59857360354841593,0.33038782523318605,0.3200190204469805,0.20009714218742883,0.37623012869038608,0.23632905373276272,2.3622171275453439,0.30632336236274138,0.38468854018069426,1.9232970407216536
cross_project,JM1,29,AQRPE_v2_balanced,ET_leaf5,balanced_objective,0.61750000000000005,0.46172473146205556,0.2957931110926173,0.65798191618281343,0.19972275313628879,0.32512077294685993,0.59857360354841593,0.33038782523318605,0.3200190204469805,0.20009714218742883,0.37623012869038608,0.23632905373276272,2.3622171275453439,0.30632336236274138,0.38468854018069426,1.9232970407216536
cross_project,JM1,29,AQRPE_v2_rank,ET_leaf5,rank_objective_fixed_threshold,0.5,0.42925986568016766,0.2957931110926173,0.65798191618281343,0.17534616169290526,0.33773584905660375,0.61198403814232716,0.25229034531360112,0.51069900142653357,0.20009714218742883,0.37623012869038608,0.23632905373276272,2.3622171275453439,0.30632336236274138,0.38468854018069426,1.9232970407216536
cross_project,JM1,29,AQRPE_v2_mcc,ET_leaf5,mcc_objective,0.66449999999999998,0.38230364292856273,0.2957931110926173,0.65798191618281343,0.19845952626239619,0.29859154929577464,0.58470787589316831,0.36627505183137526,0.25202092249167857,0.20009714218742883,0.37623012869038608,0.23632905373276272,2.3622171275453439,0.30632336236274138,0.38468854018069426,1.9232970407216536
cross_project,JM1,29,AQRPE_v2_soft_top3,ET_leaf5|LR_std_C1|LR_std_C0.1,soft_top3_balanced_objective,0.41539500000000001,0.43797302900062152,0.32366922874378468,0.69608029469442012,0.19513845204257835,0.34872364039955606,0.63317531935516391,0.22745041262487331,0.74702805515929627,0.22267632890344899,0.38682816048448143,0.24298621017593913,2.4287584550818324,0.33737220749716018,0.42368045649072755,2.1182418581990028
cross_project,KC1,29,LR_std_C0.1,LR_std_C0.1,single_candidate_balanced_threshold,0.5,0.39388564566518308,0.39143109634403156,0.78160902731661319,0.30121246654969536,0.41643059490084988,0.66012080693943143,0.38684210526315788,0.45092024539877301,0.15402333323174455,0.45023696682464454,0.29141104294478526,2.9127293344575933,0.37677725118483413,0.48773006134969327,2.4374945483092492
cross_project,KC1,29,LR_std_C1,LR_std_C1,single_candidate_balanced_threshold,0.49569800000000003,0.39163620373699415,0.39203825125462832,0.78318319919897883,0.31100124377069455,0.426812585499316,0.66943766795467763,0.38518518518518519,0.4785276073619632,0.15338568861445809,0.43601895734597157,0.2822085889570552,2.8207484081063008,0.37914691943127959,0.49079754601226994,2.4528247027011307
cross_project,KC1,29,DT_leaf5,DT_leaf5,single_candidate_balanced_threshold,0.218,0.37367213286614009,0.24644398351691241,0.61135416630824868,0.19842594991616275,0.32848837209302323,0.6034867477092789,0.31215469613259667,0.34662576687116564,0.15975367656212269,0.34123222748815168,0.22085889570552147,2.2075422324310181,0.29146919431279622,0.3773006134969325,1.8856089902014945
cross_project,KC1,29,ET_leaf5,ET_leaf5,single_candidate_balanced_threshold,0.46881099999999998,0.43535247065678695,0.34910125559518546,0.75068988297795458,0.28025337107254666,0.40000000000000002,0.65034029639161961,0.36760925449871468,0.43865030674846628,0.13819853812765837,0.44549763033175355,0.28834355828220859,2.8820690256738288,0.34834123222748814,0.45092024539877301,2.2535326956066641
cross_project,KC1,29,AQRPE_v2_balanced,ET_leaf5,balanced_objective,0.46881099999999998,0.43535247065678695,0.34910125559518546,0.75068988297795458,0.28025337107254666,0.40000000000000002,0.65034029639161961,0.36760925449871468,0.43865030674846628,0.13819853812765837,0.44549763033175355,0.28834355828220859,2.8820690256738288,0.34834123222748814,0.45092024539877301,2.2535326956066641
cross_project,KC1,29,AQRPE_v2_rank,ET_leaf5,rank_objective_fixed_threshold,0.5,0.39262696005488296,0.34910125559518546,0.75068988297795458,0.29069821375562638,0.40000000000000002,0.64498381097550483,0.40123456790123457,0.3987730061349693,0.13819853812765837,0.44549763033175355,0.28834355828220859,2.8820690256738288,0.34834123222748814,0.45092024539877301,2.2535326956066641
cross_project,KC1,29,AQRPE_v2_mcc,ET_leaf5,mcc_objective,0.5,0.31958703668706828,0.34910125559518546,0.75068988297795458,0.29069821375562638,0.40000000000000002,0.64498381097550483,0.40123456790123457,0.3987730061349693,0.13819853812765837,0.44549763033175355,0.28834355828220859,2.8820690256738288,0.34834123222748814,0.45092024539877301,2.2535326956066641
cross_project,KC1,29,AQRPE_v2_soft_top3,ET_leaf5|LR_std_C0.1|LR_std_C1,soft_top3_balanced_objective,0.45690199999999997,0.41210466203737955,0.38646412669993635,0.77937938058486933,0.29247267860505011,0.41370223978919629,0.66339990159275231,0.3625866050808314,0.48159509202453987,0.14595262388371152,0.44549763033175355,0.28834355828220859,2.8820690256738288,0.36966824644549762,0.4785276073619632,2.3915040851336027
cross_project,KC2,29,LR_std_C0.1,LR_std_C0.1,single_candidate_balanced_threshold,0.52349999999999997,0.38251130794481542,0.64082799011558078,0.84838419096948536,0.51803857701654665,0.62222222222222223,0.79734264159441504,0.51533742331288346,0.78504672897196259,0.16075458783548066,0.73584905660377353,0.3644859813084112,3.5898430611885024,0.60952380952380958,0.59813084112149528,2.9735647530040055
cross_project,KC2,29,LR_std_C1,LR_std_C1,single_candidate_balanced_threshold,0.50751000000000002,0.38277575533117608,0.64209977731409851,0.85342866794279926,0.51231253832159707,0.61648745519713266,0.79825470104717944,0.5,0.80373831775700932,0.16027141574791817,0.73584905660377353,0.3644859813084112,3.5898430611885024,0.61904761904761907,0.60747663551401865,3.0200267022696927
cross_project,KC2,29,DT_leaf5,DT_leaf5,single_candidate_balanced_threshold,0.40600000000000003,0.34523327755662719,0.31991297563353638,0.56154712307172616,0.17686619781788857,0.31521739130434784,0.57768269339038392,0.37662337662337664,0.27102803738317754,0.1888150705796412,0.45283018867924529,0.22429906542056074,2.2091341915006173,0.3619047619047619,0.35514018691588783,1.765554072096128
cross_project,KC2,29,ET_leaf5,ET_leaf5,single_candidate_balanced_threshold,0.463723,0.42504546839895346,0.62037434331989671,0.84890215065870966,0.50825727783526853,0.61660079051383399,0.78255827046503779,0.53424657534246578,0.7289719626168224,0.13955276265482905,0.67924528301886788,0.3364485981308411,3.3137012872509253,0.580952380952381,0.57009345794392519,2.8341789052069428
cross_project,KC2,29,AQRPE_v2_balanced,ET_leaf5,balanced_objective,0.463723,0.42504546839895346,0.62037434331989671,0.84890215065870966,0.50825727783526853,0.61660079051383399,0.78255827046503779,0.53424657534246578,0.7289719626168224,0.13955276265482905,0.67924528301886788,0.3364485981308411,3.3137012872509253,0.580952380952381,0.57009345794392519,2.8341789052069428
cross_project,KC2,29,AQRPE_v2_rank,ET_leaf5,rank_objective_fixed_threshold,0.5,0.38453584857462042,0.62037434331989671,0.84890215065870966,0.51250933182889435,0.61924686192468614,0.77591487445107532,0.56060606060606055,0.69158878504672894,0.13955276265482905,0.67924528301886788,0.3364485981308411,3.3137012872509253,0.580952380952381,0.57009345794392519,2.8341789052069428
cross_project,KC2,29,AQRPE_v2_mcc,ET_leaf5,mcc_objective,0.57050000000000001,0.30821932756349257,0.62037434331989671,0.84890215065870966,0.47964919589252764,0.5757575757575758,0.72539128476522907,0.62637362637362637,0.53271028037383172,0.13955276265482905,0.67924528301886788,0.3364485981308411,3.3137012872509253,0.580952380952381,0.57009345794392519,2.8341789052069428
cross_project,KC2,29,AQRPE_v2_soft_top3,ET_leaf5|LR_std_C1|LR_std_C0.1,soft_top3_balanced_objective,0.48513299999999998,0.40828774400057527,0.64169172215594361,0.85664902601058435,0.51360944702358213,0.61818181818181817,0.797196261682243,0.50595238095238093,0.79439252336448596,0.15081918558121357,0.73584905660377353,0.3644859813084112,3.5898430611885024,0.59047619047619049,0.57943925233644855,2.8806408544726301
cross_project,PC1,29,LR_std_C0.1,LR_std_C0.1,single_candidate_balanced_threshold,0.52349999999999997,0.39626937969116732,0.18149530448686119,0.67857772072888356,0.16826014178436699,0.23430962343096234,0.61689570119802672,0.1728395061728395,0.36363636363636365,0.18620040231652646,0.17117117117117117,0.24675324675324675,2.4653094653094652,0.16666666666666666,0.48051948051948051,2.4004329004329001
cross_project,PC1,29,LR_std_C1,LR_std_C1,single_candidate_balanced_threshold,0.52487399999999995,0.39999864961672049,0.16517936456438373,0.67217230443974629,0.15712764562197409,0.22522522522522523,0.60419812745394141,0.17241379310344829,0.32467532467532467,0.17850123868700837,0.17117117117117117,0.24675324675324675,2.4653094653094652,0.14864864864864866,0.42857142857142855,2.140926640926641
cross_project,PC1,29,DT_leaf5,DT_leaf5,single_candidate_balanced_threshold,0.26500000000000001,0.35287089744733485,0.099707220730262142,0.54725410248666062,0.047234268934904358,0.14250614250614252,0.54247835497835495,0.087878787878787876,0.37662337662337664,0.14052386335730388,0.16216216216216217,0.23376623376623376,2.3355563355563356,0.10810810810810811,0.31168831168831168,1.557037557037557
cross_project,PC1,29,ET_leaf5,ET_leaf5,single_candidate_balanced_threshold,0.45333299999999999,0.43519111799970805,0.22486471616331016,0.70773557837511325,0.22257493353717886,0.25118483412322273,0.70268297593878992,0.15362318840579711,0.68831168831168832,0.17510296931235286,0.22522522522522523,0.32467532467532467,3.2438282438282435,0.17117117117117117,0.4935064935064935,2.4653094653094652
cross_project,PC1,29,AQRPE_v2_balanced,ET_leaf5,balanced_objective,0.45333299999999999,0.43519111799970805,0.22486471616331016,0.70773557837511325,0.22257493353717886,0.25118483412322273,0.70268297593878992,0.15362318840579711,0.68831168831168832,0.17510296931235286,0.22522522522522523,0.32467532467532467,3.2438282438282435,0.17117117117117117,0.4935064935064935,2.4653094653094652
cross_project,PC1,29,AQRPE_v2_rank,ET_leaf5,rank_objective_fixed_threshold,0.5,0.39376493304768179,0.22486471616331016,0.70773557837511325,0.18882827202266331,0.2404692082111437,0.65819113057485146,0.1553030303030303,0.53246753246753242,0.17510296931235286,0.22522522522522523,0.32467532467532467,3.2438282438282435,0.17117117117117117,0.4935064935064935,2.4653094653094652
cross_project,PC1,29,AQRPE_v2_mcc,ET_leaf5,mcc_objective,0.45333299999999999,0.31689455129391031,0.22486471616331016,0.70773557837511325,0.22257493353717886,0.25118483412322273,0.70268297593878992,0.15362318840579711,0.68831168831168832,0.17510296931235286,0.22522522522522523,0.32467532467532467,3.2438282438282435,0.17117117117117117,0.4935064935064935,2.4653094653094652
cross_project,PC1,29,AQRPE_v2_soft_top3,ET_leaf5|LR_std_C1|LR_std_C0.1,soft_top3_balanced_objective,0.50233399999999995,0.41887587410445171,0.19835337381580059,0.70348207993556833,0.19295767916625178,0.25,0.64897941206080745,0.17061611374407584,0.46753246753246752,0.17735895013331063,0.18018018018018017,0.25974025974025972,2.5950625950625947,0.16666666666666666,0.48051948051948051,2.4004329004329001
cross_project,CM1,42,LR_std_C0.1,LR_std_C0.1,single_candidate_balanced_threshold,0.54700000000000004,0.40845870950141355,0.23951611985357127,0.73744375255670214,0.26450284067845919,0.33333333333333331,0.69828644152538522,0.22627737226277372,0.63265306122448983,0.23429375014302001,0.26000000000000001,0.26530612244897961,2.6424489795918369,0.26000000000000001,0.53061224489795922,2.6424489795918369
cross_project,CM1,42,LR_std_C1,LR_std_C1,single_candidate_balanced_threshold,0.52349999999999997,0.41100141538970741,0.24463038763453809,0.7486250624971591,0.20645685769776065,0.28205128205128205,0.66746966046997858,0.17837837837837839,0.67346938775510201,0.24156180253248843,0.23999999999999999,0.24489795918367346,2.4391836734693877,0.25,0.51020408163265307,2.5408163265306123
cross_project,CM1,42,DT_leaf5,DT_leaf5,single_candidate_balanced_threshold,0.17100000000000001,0.358052925764893,0.10497081812048731,0.5322712603972547,0.052310092880006182,0.18978102189781021,0.54370255897459208,0.11555555555555555,0.53061224489795922,0.18984010664234083,0.080000000000000002,0.081632653061224483,0.8130612244897959,0.089999999999999997,0.18367346938775511,0.91469387755102038
cross_project,CM1,42,ET_leaf5,ET_leaf5,single_candidate_balanced_threshold,0.5,0.44761118045039416,0.27238203286643664,0.78348711422208073,0.23722287486345264,0.31901840490797545,0.66731057679196404,0.22807017543859648,0.53061224489795922,0.17095420178997717,0.34000000000000002,0.34693877551020408,3.4555102040816328,0.25,0.51020408163265307,2.5408163265306123
cross_project,CM1,42,AQRPE_v2_balanced,ET_leaf5,balanced_objective,0.5,0.44761118045039416,0.27238203286643664,0.78348711422208073,0.23722287486345264,0.31901840490797545,0.66731057679196404,0.22807017543859648,0.53061224489795922,0.17095420178997717,0.34000000000000002,0.34693877551020408,3.4555102040816328,0.25,0.51020408163265307,2.5408163265306123
cross_project,CM1,42,AQRPE_v2_rank,ET_leaf5,rank_objective_fixed_threshold,0.5,0.39865846242411984,0.27238203286643664,0.78348711422208073,0.23722287486345264,0.31901840490797545,0.66731057679196404,0.22807017543859648,0.53061224489795922,0.17095420178997717,0.34000000000000002,0.34693877551020408,3.4555102040816328,0.25,0.51020408163265307,2.5408163265306123
cross_project,CM1,42,AQRPE_v2_mcc,ET_leaf5,mcc_objective,0.5,0.33797208420728281,0.27238203286643664,0.78348711422208073,0.23722287486345264,0.31901840490797545,0.66731057679196404,0.22807017543859648,0.53061224489795922,0.17095420178997717,0.34000000000000002,0.34693877551020408,3.4555102040816328,0.25,0.51020408163265307,2.5408163265306123
cross_project,CM1,42,AQRPE_v2_soft_top3,ET_leaf5|LR_std_C1|LR_std_C0.1,soft_top3_balanced_objective,0.54700000000000004,0.42807910352176415,0.2503562460016166,0.76785146129721371,0.23722287486345264,0.31901840490797545,0.66731057679196404,0.22807017543859648,0.53061224489795922,0.21135111431301964,0.26000000000000001,0.26530612244897961,2.6424489795918369,0.26000000000000001,0.53061224489795922,2.6424489795918369
cross_project,JM1,42,LR_std_C0.1,LR_std_C0.1,single_candidate_balanced_threshold,0.52349999999999997,0.41742625823558061,0.31462374006512223,0.68044627458348006,0.21397659472372685,0.36530390175656768,0.63725850009956986,0.27136258660508084,0.55872563005230624,0.2361881420050243,0.39061317183951549,0.24536376604850213,2.4525232149162925,0.33055660734570236,0.41512125534950073,2.0754490933869016
cross_project,JM1,42,LR_std_C1,LR_std_C1,single_candidate_balanced_threshold,0.52349999999999997,0.41629478244203094,0.31819071644010322,0.68929527581939798,0.22391835689631079,0.3724137931034483,0.64553115660500704,0.27195095248522005,0.59058487874465049,0.2407270661533088,0.39288417865253594,0.24679029957203993,2.4667820708169685,0.33320711851571372,0.41844983357108895,2.0920907241471633
cross_project,JM1,42,DT_leaf5,DT_leaf5,single_candidate_balanced_threshold,0.38250000000000001,0.33780822260245696,0.21577879549341716,0.59325257739178883,0.11451011331302374,0.27611044417767105,0.56473597821378363,0.23834196891191708,0.32810271041369471,0.20434282896616771,0.30204390613171839,0.18972895863052783,1.8964278347899239,0.24233244982961,0.30432715168806468,1.5215205266524825
cross_project,JM1,42,ET_leaf5,ET_leaf5,single_candidate_balanced_threshold,0.58206899999999995,0.41510941458260042,0.31071623556383193,0.67006016130884527,0.20373141093714695,0.33941525610024181,0.60814870062427284,0.31561733442354867,0.367094626723728,0.19675840001697265,0.39061317183951549,0.24536376604850213,2.4525232149162925,0.30670200681560017,0.38516405135520687,1.9256744165445483
cross_project,JM1,42,AQRPE_v2_balanced,LR_std_C0.1,balanced_objective,0.52349999999999997,0.41742625823558061,0.31462374006512223,0.68044627458348006,0.21397659472372685,0.36530390175656768,0.63725850009956986,0.27136258660508084,0.55872563005230624,0.2361881420050243,0.39061317183951549,0.24536376604850213,2.4525232149162925,0.33055660734570236,0.41512125534950073,2.0754490933869016
cross_project,JM1,42,AQRPE_v2_rank,ET_leaf5,rank_objective_fixed_threshold,0.5,0.36056137321648873,0.31071623556383193,0.67006016130884527,0.18250122518916195,0.34004092769440653,0.61254903160163909,0.26508907205530446,0.47408464098906322,0.19675840001697265,0.39061317183951549,0.24536376604850213,2.4525232149162925,0.30670200681560017,0.38516405135520687,1.9256744165445483
cross_project,JM1,42,AQRPE_v2_mcc,ET_leaf5,mcc_objective,0.63145200000000001,0.32085103739147497,0.31071623556383193,0.67006016130884527,0.21214652190882613,0.33057851239669422,0.60151827321207518,0.34920634920634919,0.31383737517831667,0.19675840001697265,0.39061317183951549,0.24536376604850213,2.4525232149162925,0.30670200681560017,0.38516405135520687,1.9256744165445483
cross_project,JM1,42,AQRPE_v2_soft_top3,LR_std_C0.1|LR_std_C1|ET_leaf5,soft_top3_balanced_objective,0.449965,0.42750699825814337,0.32023350509627713,0.68924460203150062,0.19800639800870967,0.35448692681644989,0.63340682103453094,0.24491648511256353,0.64146457441749882,0.21924290560872828,0.38531415594246782,0.24203518782691394,2.4192525511480483,0.32904202953426731,0.41321921065145029,2.0659395900953239
cross_project,KC1,42,LR_std_C0.1,LR_std_C0.1,single_candidate_balanced_threshold,0.51429800000000003,0.41226063648163497,0.38897849219436542,0.77872906695477739,0.29144093985122671,0.40583941605839419,0.651496409511783,0.38718662952646238,0.42638036809815949,0.15495714181003786,0.44549763033175355,0.28834355828220859,2.8820690256738288,0.37914691943127959,0.49079754601226994,2.4528247027011307
cross_project,KC1,42,LR_std_C1,LR_std_C1,single_candidate_balanced_threshold,0.5,0.41190194623220749,0.39101897355904192,0.78177246592735072,0.30847675463671576,0.42465753424657532,0.66790392562338929,0.38366336633663367,0.47546012269938648,0.15434561862008786,0.45497630331753552,0.29447852760736198,2.9433896432413573,0.37677725118483413,0.48773006134969327,2.4374945483092492
cross_project,KC1,42,DT_leaf5,DT_leaf5,single_candidate_balanced_threshold,0.33550000000000002,0.38793237027395794,0.2070808999392906,0.53895516276765221,0.11642521706544133,0.24302134646962234,0.55488784670490554,0.26148409893992935,0.22699386503067484,0.16477028861843088,0.26540284360189575,0.17177914110429449,1.716977291890792,0.23459715639810427,0.30368098159509205,1.5176852847963249
cross_project,KC1,42,ET_leaf5,ET_leaf5,single_candidate_balanced_threshold,0.47649999999999998,0.44596865978490413,0.35020139450832422,0.74176355422204943,0.27708365363657733,0.38759689922480622,0.63731509931906316,0.39184952978056425,0.3834355828220859,0.13623905775974832,0.42654028436018959,0.27607361963190186,2.7594277905387727,0.34360189573459715,0.44478527607361962,2.2228723868229001
cross_project,KC1,42,AQRPE_v2_balanced,ET_leaf5,balanced_objective,0.47649999999999998,0.44596865978490413,0.35020139450832422,0.74176355422204943,0.27708365363657733,0.38759689922480622,0.63731509931906316,0.39184952978056425,0.3834355828220859,0.13623905775974832,0.42654028436018959,0.27607361963190186,2.7594277905387727,0.34360189573459715,0.44478527607361962,2.2228723868229001
cross_project,KC1,42,AQRPE_v2_rank,ET_leaf5,rank_objective_fixed_threshold,0.5,0.4116116881436368,0.35020139450832422,0.74176355422204943,0.27273142341832057,0.37395659432387313,0.62663051519290924,0.41025641025641024,0.34355828220858897,0.13623905775974832,0.42654028436018959,0.27607361963190186,2.7594277905387727,0.34360189573459715,0.44478527607361962,2.2228723868229001
cross_project,KC1,42,AQRPE_v2_mcc,ET_leaf5,mcc_objective,0.47649999999999998,0.33062760396966934,0.35020139450832422,0.74176355422204943,0.27708365363657733,0.38759689922480622,0.63731509931906316,0.39184952978056425,0.3834355828220859,0.13623905775974832,0.42654028436018959,0.27607361963190186,2.7594277905387727,0.34360189573459715,0.44478527607361962,2.2228723868229001
cross_project,KC1,42,AQRPE_v2_soft_top3,ET_leaf5|LR_std_C0.1|LR_std_C1,soft_top3_balanced_objective,0.47649999999999998,0.43520426167693044,0.38251830575410256,0.7750680420742595,0.28661742101316912,0.40398293029871979,0.65189124278719601,0.37665782493368699,0.43558282208588955,0.14537136728271918,0.44549763033175355,0.28834355828220859,2.8820690256738288,0.36966824644549762,0.4785276073619632,2.3915040851336027
cross_project,KC2,42,LR_std_C0.1,LR_std_C0.1,single_candidate_balanced_threshold,0.51759900000000003,0.40996977476453544,0.63989655232851816,0.84836167098299742,0.51214534016916236,0.61764705882352944,0.79493300304019821,0.50909090909090904,0.78504672897196259,0.16132869187397214,0.73584905660377353,0.3644859813084112,3.5898430611885024,0.59999999999999998,0.58878504672897192,2.9271028037383173
cross_project,KC2,42,LR_std_C1,LR_std_C1,single_candidate_balanced_threshold,0.52067300000000005,0.40655000979256695,0.64114172321888774,0.85309086814547908,0.51650426591582399,0.62043795620437958,0.79840108095935136,0.50898203592814373,0.79439252336448596,0.16109544437707421,0.73584905660377353,0.3644859813084112,3.5898430611885024,0.59047619047619049,0.57943925233644855,2.8806408544726301
cross_project,KC2,42,DT_leaf5,DT_leaf5,single_candidate_balanced_threshold,0.218,0.37022419611057267,0.32827408798095903,0.57540817475509509,0.1878568613381745,0.36283185840707965,0.59761288143227109,0.34453781512605042,0.38317757009345793,0.18634017158756125,0.37735849056603776,0.18691588785046728,1.8409451595838477,0.32380952380952382,0.31775700934579437,1.5797062750333779
cross_project,KC2,42,ET_leaf5,ET_leaf5,single_candidate_balanced_threshold,0.48025299999999999,0.45166137968291031,0.63120411346138061,0.84707803175318086,0.48939823270675803,0.60240963855421692,0.76974439815336115,0.528169014084507,0.7009345794392523,0.14364889884426704,0.69811320754716977,0.34579439252336447,3.4057485452301179,0.59047619047619049,0.57943925233644855,2.8806408544726301
cross_project,KC2,42,AQRPE_v2_balanced,ET_leaf5,balanced_objective,0.48025299999999999,0.45166137968291031,0.63120411346138061,0.84707803175318086,0.48939823270675803,0.60240963855421692,0.76974439815336115,0.528169014084507,0.7009345794392523,0.14364889884426704,0.69811320754716977,0.34579439252336447,3.4057485452301179,0.59047619047619049,0.57943925233644855,2.8806408544726301
cross_project,KC2,42,AQRPE_v2_rank,ET_leaf5,rank_objective_fixed_threshold,0.5,0.41028731397887952,0.63120411346138061,0.84707803175318086,0.49766946662463207,0.60759493670886078,0.76656908005855195,0.55384615384615388,0.67289719626168221,0.14364889884426704,0.69811320754716977,0.34579439252336447,3.4057485452301179,0.59047619047619049,0.57943925233644855,2.8806408544726301
cross_project,KC2,42,AQRPE_v2_mcc,ET_leaf5,mcc_objective,0.5,0.34102111273924735,0.63120411346138061,0.84707803175318086,0.49766946662463207,0.60759493670886078,0.76656908005855195,0.55384615384615388,0.67289719626168221,0.14364889884426704,0.69811320754716977,0.34579439252336447,3.4057485452301179,0.59047619047619049,0.57943925233644855,2.8806408544726301
cross_project,KC2,42,AQRPE_v2_soft_top3,ET_leaf5|LR_std_C0.1|LR_std_C1,soft_top3_balanced_objective,0.500301,0.42721644418422106,0.64506575301695657,0.85782006530796084,0.51975964107492312,0.62406015037593987,0.79628420222947871,0.5220125786163522,0.77570093457943923,0.15240816729899623,0.71698113207547165,0.35514018691588783,3.4977958032093102,0.59999999999999998,0.58878504672897192,2.9271028037383173
cross_project,PC1,42,LR_std_C0.1,LR_std_C0.1,single_candidate_balanced_threshold,0.54700000000000004,0.40600004150878899,0.18835756726609409,0.68077997583811545,0.16697190578775731,0.23364485981308411,0.60807409644618948,0.18248175182481752,0.32467532467532467,0.18742907093453245,0.16216216216216217,0.23376623376623376,2.3355563355563356,0.16216216216216217,0.46753246753246752,2.3355563355563356
cross_project,PC1,42,LR_std_C1,LR_std_C1,single_candidate_balanced_threshold,0.53653399999999996,0.40453756991354889,0.19165588746578602,0.67982356790496323,0.16824940488911569,0.23474178403755869,0.60855859257022049,0.18382352941176472,0.32467532467532467,0.18033880357448084,0.16216216216216217,0.23376623376623376,2.3355563355563356,0.15765765765765766,0.45454545454545453,2.2706797706797706
cross_project,PC1,42,DT_leaf5,DT_leaf5,single_candidate_balanced_threshold,0.33550000000000002,0.36157760897320351,0.16636394445589828,0.71738145575354872,0.23264982049822749,0.27500000000000002,0.68929955703211521,0.18106995884773663,0.5714285714285714,0.11456625287848696,0.1891891891891892,0.27272727272727271,2.7248157248157248,0.16216216216216217,0.46753246753246752,2.3355563355563356
cross_project,PC1,42,ET_leaf5,ET_leaf5,single_candidate_balanced_threshold,0.5,0.45502969276070826,0.19857692484747053,0.71399627504278662,0.18711214431520612,0.24024024024024024,0.65508909694956197,0.15625,0.51948051948051943,0.16000845088621909,0.25225225225225223,0.36363636363636365,3.6330876330876323,0.16216216216216217,0.46753246753246752,2.3355563355563356
cross_project,PC1,42,AQRPE_v2_balanced,ET_leaf5,balanced_objective,0.5,0.45502969276070826,0.19857692484747053,0.71399627504278662,0.18711214431520612,0.24024024024024024,0.65508909694956197,0.15625,0.51948051948051943,0.16000845088621909,0.25225225225225223,0.36363636363636365,3.6330876330876323,0.16216216216216217,0.46753246753246752,2.3355563355563356
cross_project,PC1,42,AQRPE_v2_rank,ET_leaf5,rank_objective_fixed_threshold,0.5,0.42667541600324205,0.19857692484747053,0.71399627504278662,0.18711214431520612,0.24024024024024024,0.65508909694956197,0.15625,0.51948051948051943,0.16000845088621909,0.25225225225225223,0.36363636363636365,3.6330876330876323,0.16216216216216217,0.46753246753246752,2.3355563355563356
cross_project,PC1,42,AQRPE_v2_mcc,ET_leaf5,mcc_objective,0.57050000000000001,0.34259137309553556,0.19857692484747053,0.71399627504278662,0.21110495726716214,0.26938775510204083,0.64887873754152825,0.19642857142857142,0.42857142857142855,0.16000845088621909,0.25225225225225223,0.36363636363636365,3.6330876330876323,0.16216216216216217,0.46753246753246752,2.3355563355563356
cross_project,PC1,42,AQRPE_v2_soft_top3,ET_leaf5|LR_std_C0.1|LR_std_C1,soft_top3_balanced_objective,0.51071900000000003,0.43164146133886705,0.20289367387789653,0.70570950367462004,0.21037789842911439,0.26568265682656828,0.65721584616933448,0.18556701030927836,0.46753246753246752,0.17225793037845,0.1891891891891892,0.27272727272727271,2.7248157248157248,0.16666666666666666,0.48051948051948051,2.4004329004329001
cross_project,CM1,101,LR_std_C0.1,LR_std_C0.1,single_candidate_balanced_threshold,0.57050000000000001,0.41596870618531301,0.22611149956323787,0.73880732693968454,0.24668736253550747,0.32222222222222224,0.6823326212444889,0.22137404580152673,0.59183673469387754,0.24200165621335945,0.26000000000000001,0.26530612244897961,2.6424489795918369,0.25,0.51020408163265307,2.5408163265306123
cross_project,CM1,101,LR_std_C1,LR_std_C1,single_candidate_balanced_threshold,0.51108799999999999,0.40926737661591728,0.22468047114260667,0.74548884141629923,0.22754865466194307,0.291497975708502,0.68694604790691338,0.18181818181818182,0.73469387755102045,0.24816152803778044,0.28000000000000003,0.2857142857142857,2.8457142857142861,0.23000000000000001,0.46938775510204084,2.3375510204081631
cross_project,CM1,101,DT_leaf5,DT_leaf5,single_candidate_balanced_threshold,0.312,0.3697833874376083,0.12872563640916318,0.50672696695604746,0.043656798686268601,0.17708333333333334,0.53315758374619338,0.11888111888111888,0.34693877551020408,0.17301064094313914,0.20000000000000001,0.20408163265306123,2.0326530612244897,0.14000000000000001,0.2857142857142857,1.422857142857143
cross_project,CM1,101,ET_leaf5,ET_leaf5,single_candidate_balanced_threshold,0.47649999999999998,0.45267309198724748,0.26193192168210039,0.78012363074405711,0.26415857930838027,0.33720930232558138,0.69124130721330856,0.23577235772357724,0.59183673469387754,0.16677514856238299,0.32000000000000001,0.32653061224489793,3.2522448979591836,0.28000000000000003,0.5714285714285714,2.8457142857142861
cross_project,CM1,101,AQRPE_v2_balanced,ET_leaf5,balanced_objective,0.47649999999999998,0.45267309198724748,0.26193192168210039,0.78012363074405711,0.26415857930838027,0.33720930232558138,0.69124130721330856,0.23577235772357724,0.59183673469387754,0.16677514856238299,0.32000000000000001,0.32653061224489793,3.2522448979591836,0.28000000000000003,0.5714285714285714,2.8457142857142861
cross_project,CM1,101,AQRPE_v2_rank,ET_leaf5,rank_objective_fixed_threshold,0.5,0.41347295400060829,0.26193192168210039,0.78012363074405711,0.30563128481124913,0.37583892617449666,0.70553611199490929,0.28000000000000003,0.5714285714285714,0.16677514856238299,0.32000000000000001,0.32653061224489793,3.2522448979591836,0.28000000000000003,0.5714285714285714,2.8457142857142861
cross_project,CM1,101,AQRPE_v2_mcc,ET_leaf5,mcc_objective,0.55458300000000005,0.34737347996391166,0.26193192168210039,0.78012363074405711,0.26240832757093269,0.33962264150943394,0.64024362528975953,0.31578947368421051,0.36734693877551022,0.16677514856238299,0.32000000000000001,0.32653061224489793,3.2522448979591836,0.28000000000000003,0.5714285714285714,2.8457142857142861
cross_project,CM1,101,AQRPE_v2_soft_top3,ET_leaf5|LR_std_C0.1|LR_std_C1,soft_top3_balanced_objective,0.5,0.43950694413886565,0.23765950171700687,0.76494250261351748,0.24211908138972538,0.30769230769230771,0.693263942548066,0.19767441860465115,0.69387755102040816,0.21395837600446155,0.26000000000000001,0.26530612244897961,2.6424489795918369,0.26000000000000001,0.53061224489795922,2.6424489795918369
cross_project,JM1,101,LR_std_C0.1,LR_std_C0.1,single_candidate_balanced_threshold,0.57050000000000001,0.41467213979077239,0.31887821158475249,0.6866450538463611,0.22771188482931964,0.37317581653926335,0.63918879447058596,0.29400492745688478,0.51069900142653357,0.23727522365188194,0.39364118092354278,0.24726581074655254,2.4715350227838608,0.3339644074214313,0.41940085592011411,2.0968454757929527
cross_project,JM1,101,LR_std_C1,LR_std_C1,single_candidate_balanced_threshold,0.59399999999999997,0.42158791094918568,0.32327529887249229,0.69338803018307293,0.23640309130645468,0.37972926067337731,0.64457448003789009,0.29898879475266465,0.52020922491678556,0.24438067251662818,0.39515518546555639,0.24821683309557774,2.4810409267176445,0.33888678530859523,0.42558250118877794,2.127751361490581
cross_project,JM1,101,DT_leaf5,DT_leaf5,single_candidate_balanced_threshold,0.26500000000000001,0.38115846840085904,0.22039298785508313,0.58981153591565771,0.11786173234495412,0.29163810829335163,0.57252187936100318,0.22796678274845969,0.40466000951022352,0.20963931390220675,0.30431491294473884,0.19115549215406563,1.9106866906905999,0.24422567209390383,0.30670470756062768,1.5334074057669551
cross_project,JM1,101,ET_leaf5,ET_leaf5,single_candidate_balanced_threshold,0.45300000000000001,0.44017019246962286,0.29339993455911528,0.66315132790811104,0.16368836743202239,0.33215347586011612,0.60831708495244219,0.23649193548387096,0.55777460770328102,0.1976565538922618,0.3709311127933384,0.2330004755111745,2.3289464637770996,0.30480878455130633,0.38278649548264382,1.9137875374300757
cross_project,JM1,101,AQRPE_v2_balanced,ET_leaf5,balanced_objective,0.45300000000000001,0.44017019246962286,0.29339993455911528,0.66315132790811104,0.16368836743202239,0.33215347586011612,0.60831708495244219,0.23649193548387096,0.55777460770328102,0.1976565538922618,0.3709311127933384,0.2330004755111745,2.3289464637770996,0.30480878455130633,0.38278649548264382,1.9137875374300757
cross_project,JM1,101,AQRPE_v2_rank,ET_leaf5,rank_objective_fixed_threshold,0.5,0.36500664742796568,0.29339993455911528,0.66315132790811104,0.18489242244305709,0.34311140408701385,0.6158037194731657,0.26254728877679695,0.4950071326676177,0.1976565538922618,0.3709311127933384,0.2330004755111745,2.3289464637770996,0.30480878455130633,0.38278649548264382,1.9137875374300757
cross_project,JM1,101,AQRPE_v2_mcc,ET_leaf5,mcc_objective,0.45300000000000001,0.33792428718379791,0.29339993455911528,0.66315132790811104,0.16368836743202239,0.33215347586011612,0.60831708495244219,0.23649193548387096,0.55777460770328102,0.1976565538922618,0.3709311127933384,0.2330004755111745,2.3289464637770996,0.30480878455130633,0.38278649548264382,1.9137875374300757
cross_project,JM1,101,AQRPE_v2_soft_top3,ET_leaf5|LR_std_C1|LR_std_C0.1,soft_top3_balanced_objective,0.43071300000000001,0.42637527297821165,0.31415493430830693,0.6909856300188949,0.19611319514117947,0.35190118672802129,0.63367614600613242,0.23606823720552397,0.69091773656680933,0.22076948218554904,0.37623012869038608,0.23632905373276272,2.3622171275453439,0.33358576296857251,0.4189253447456015,2.094468099970058
cross_project,KC1,101,LR_std_C0.1,LR_std_C0.1,single_candidate_balanced_threshold,0.52349999999999997,0.41584271923432586,0.39245869469017558,0.77909551352411488,0.28784600321837656,0.39939485627836613,0.64552745940701028,0.39402985074626867,0.40490797546012269,0.15323545323637025,0.45023696682464454,0.29141104294478526,2.9127293344575933,0.38151658767772512,0.49386503067484661,2.4681548570930132
cross_project,KC1,101,LR_std_C1,LR_std_C1,single_candidate_balanced_threshold,0.52349999999999997,0.41126327762119763,0.39505935696696892,0.78299911571109559,0.29137524914248203,0.40416047548291234,0.64941901874898922,0.39193083573487031,0.41717791411042943,0.15229957738022995,0.45971563981042651,0.29754601226993865,2.9740499520251213,0.37914691943127959,0.49079754601226994,2.4528247027011307
cross_project,KC1,101,DT_leaf5,DT_leaf5,single_candidate_balanced_threshold,0.45300000000000001,0.3494339814728285,0.23363785782445762,0.6019641880197778,0.15242687654539994,0.25852782764811488,0.56584167443716904,0.31168831168831168,0.22085889570552147,0.15946331077185244,0.33649289099526064,0.21779141104294478,2.1768819236472536,0.28199052132701424,0.36503067484662577,1.8242883726339665
cross_project,KC1,101,ET_leaf5,ET_leaf5,single_candidate_balanced_threshold,0.54991900000000005,0.4404165119192176,0.34396638578166644,0.75085934301119295,0.22346761128680789,0.31226765799256506,0.59293979609743008,0.39622641509433965,0.25766871165644173,0.14072162655308801,0.39336492890995262,0.254601226993865,2.5448056290524237,0.34597156398104267,0.44785276073619634,2.2382025412147821
cross_project,KC1,101,AQRPE_v2_balanced,ET_leaf5,balanced_objective,0.54991900000000005,0.4404165119192176,0.34396638578166644,0.75085934301119295,0.22346761128680789,0.31226765799256506,0.59293979609743008,0.39622641509433965,0.25766871165644173,0.14072162655308801,0.39336492890995262,0.254601226993865,2.5448056290524237,0.34597156398104267,0.44785276073619634,2.2382025412147821
cross_project,KC1,101,AQRPE_v2_rank,ET_leaf5,rank_objective_fixed_threshold,0.5,0.3923459689489896,0.34396638578166644,0.75085934301119295,0.24792429682453768,0.36363636363636365,0.62349421427317986,0.3653250773993808,0.3619631901840491,0.14072162655308801,0.39336492890995262,0.254601226993865,2.5448056290524237,0.34597156398104267,0.44785276073619634,2.2382025412147821
cross_project,KC1,101,AQRPE_v2_mcc,ET_leaf5,mcc_objective,0.57050000000000001,0.33926592097812702,0.34396638578166644,0.75085934301119295,0.2060220776394468,0.26582278481012656,0.5727895357999373,0.42567567567567566,0.19325153374233128,0.14072162655308801,0.39336492890995262,0.254601226993865,2.5448056290524237,0.34597156398104267,0.44785276073619634,2.2382025412147821
cross_project,KC1,101,AQRPE_v2_soft_top3,ET_leaf5|LR_std_C0.1|LR_std_C1,soft_top3_balanced_objective,0.50978199999999996,0.42426914957530931,0.38380665026798627,0.78075054450863468,0.28246440839780529,0.3945371775417299,0.64245997474443362,0.39039039039039036,0.3987730061349693,0.1463058276275801,0.43127962085308058,0.27914110429447853,2.7900880993225368,0.37203791469194314,0.48159509202453987,2.4068342395254851
cross_project,KC2,101,LR_std_C0.1,LR_std_C0.1,single_candidate_balanced_threshold,0.52615900000000004,0.38606109492659174,0.64044246289617623,0.84831663101002142,0.51075779509828589,0.61710037174721188,0.79266974439815341,0.51234567901234573,0.77570093457943923,0.16037494544133452,0.73584905660377353,0.3644859813084112,3.5898430611885024,0.59999999999999998,0.58878504672897192,2.9271028037383173
cross_project,KC2,101,LR_std_C1,LR_std_C1,single_candidate_balanced_threshold,0.52349999999999997,0.38814730820973975,0.63817555755500099,0.85268550838869495,0.51360944702358213,0.61818181818181817,0.797196261682243,0.50595238095238093,0.79439252336448596,0.16040025640516778,0.73584905660377353,0.3644859813084112,3.5898430611885024,0.59999999999999998,0.58878504672897192,2.9271028037383173
cross_project,KC2,101,DT_leaf5,DT_leaf5,single_candidate_balanced_threshold,0.14749999999999999,0.3363266599474492,0.32887831675425361,0.54653755207746868,0.15887305868451362,0.36090225563909772,0.59056412566152461,0.30188679245283018,0.44859813084112149,0.19782894880358023,0.49056603773584906,0.24299065420560748,2.3932287074590017,0.3619047619047619,0.35514018691588783,1.765554072096128
cross_project,KC2,101,ET_leaf5,ET_leaf5,single_candidate_balanced_threshold,0.51890800000000004,0.42960470009298951,0.63237788704190367,0.84714559171264492,0.45907095964192485,0.5714285714285714,0.73188830086701939,0.5636363636363636,0.57943925233644855,0.14243833047271928,0.69811320754716977,0.34579439252336447,3.4057485452301179,0.580952380952381,0.57009345794392519,2.8341789052069428
cross_project,KC2,101,AQRPE_v2_balanced,ET_leaf5,balanced_objective,0.51890800000000004,0.42960470009298951,0.63237788704190367,0.84714559171264492,0.45907095964192485,0.5714285714285714,0.73188830086701939,0.5636363636363636,0.57943925233644855,0.14243833047271928,0.69811320754716977,0.34579439252336447,3.4057485452301179,0.580952380952381,0.57009345794392519,2.8341789052069428
cross_project,KC2,101,AQRPE_v2_rank,ET_leaf5,rank_objective_fixed_threshold,0.5,0.37820401017551886,0.63237788704190367,0.84714559171264492,0.45538767279155173,0.5714285714285714,0.73520999887400063,0.54700854700854706,0.59813084112149528,0.14243833047271928,0.69811320754716977,0.34579439252336447,3.4057485452301179,0.580952380952381,0.57009345794392519,2.8341789052069428
cross_project,KC2,101,AQRPE_v2_mcc,ET_leaf5,mcc_objective,0.51890800000000004,0.31975467633230165,0.63237788704190367,0.84714559171264492,0.45907095964192485,0.5714285714285714,0.73188830086701939,0.5636363636363636,0.57943925233644855,0.14243833047271928,0.69811320754716977,0.34579439252336447,3.4057485452301179,0.580952380952381,0.57009345794392519,2.8341789052069428
cross_project,KC2,101,AQRPE_v2_soft_top3,ET_leaf5|LR_std_C1|LR_std_C0.1,soft_top3_balanced_objective,0.54700000000000004,0.40880136028559982,0.64135962101842892,0.85723454565927271,0.51945864886336135,0.62393162393162394,0.77606125436324735,0.57480314960629919,0.68224299065420557,0.1518239739446805,0.73584905660377353,0.3644859813084112,3.5898430611885024,0.59047619047619049,0.57943925233644855,2.8806408544726301
cross_project,PC1,101,LR_std_C0.1,LR_std_C0.1,single_candidate_balanced_threshold,0.56409299999999996,0.40971341657659754,0.19341695873967002,0.69303709856035445,0.13695450819436231,0.20689655172413793,0.58549154334038056,0.16666666666666666,0.27272727272727271,0.18599051685159693,0.16216216216216217,0.23376623376623376,2.3355563355563356,0.17117117117117117,0.4935064935064935,2.4653094653094652
cross_project,PC1,101,LR_std_C1,LR_std_C1,single_candidate_balanced_threshold,0.56808199999999998,0.40926202171628268,0.19001726651202111,0.68791528239202659,0.11907562132260782,0.18947368421052632,0.5708559851001711,0.15929203539823009,0.23376623376623376,0.17784065770743057,0.15315315315315314,0.22077922077922077,2.2058032058032055,0.16216216216216217,0.46753246753246752,2.3355563355563356
cross_project,PC1,101,DT_leaf5,DT_leaf5,single_candidate_balanced_threshold,0.16666700000000001,0.33912917023486372,0.10652388682395716,0.53840103694754859,0.035135241894263522,0.13466334164588528,0.5314293264874661,0.083333333333333329,0.35064935064935066,0.12601849087328706,0.16216216216216217,0.23376623376623376,2.3355563355563356,0.1036036036036036,0.29870129870129869,1.492160992160992
cross_project,PC1,101,ET_leaf5,ET_leaf5,single_candidate_balanced_threshold,0.54700000000000004,0.44230340000269569,0.22295267763843504,0.72440350347327098,0.21306027610183187,0.26923076923076922,0.65556730091613813,0.19125683060109289,0.45454545454545453,0.16923955592212392,0.24324324324324326,0.35064935064935066,3.5033345033345031,0.17567567567567569,0.50649350649350644,2.5301860301860302
cross_project,PC1,101,AQRPE_v2_balanced,ET_leaf5,balanced_objective,0.54700000000000004,0.44230340000269569,0.22295267763843504,0.72440350347327098,0.21306027610183187,0.26923076923076922,0.65556730091613813,0.19125683060109289,0.45454545454545453,0.16923955592212392,0.24324324324324326,0.35064935064935066,3.5033345033345031,0.17567567567567569,0.50649350649350644,2.5301860301860302
cross_project,PC1,101,AQRPE_v2_rank,ET_leaf5,rank_objective_fixed_threshold,0.5,0.39296855434415334,0.22295267763843504,0.72440350347327098,0.2114828134717949,0.26031746031746034,0.67078802979965768,0.17226890756302521,0.53246753246753242,0.16923955592212392,0.24324324324324326,0.35064935064935066,3.5033345033345031,0.17567567567567569,0.50649350649350644,2.5301860301860302
cross_project,PC1,101,AQRPE_v2_mcc,ET_leaf5,mcc_objective,0.54700000000000004,0.3376357502926145,0.22295267763843504,0.72440350347327098,0.21306027610183187,0.26923076923076922,0.65556730091613813,0.19125683060109289,0.45454545454545453,0.16923955592212392,0.24324324324324326,0.35064935064935066,3.5033345033345031,0.17567567567567569,0.50649350649350644,2.5301860301860302
cross_project,PC1,101,AQRPE_v2_soft_top3,ET_leaf5|LR_std_C0.1|LR_std_C1,soft_top3_balanced_objective,0.52349999999999997,0.42413866816641627,0.21017921135678094,0.71889786570019143,0.19541627659804287,0.25600000000000001,0.63947825430383576,0.18497109826589594,0.41558441558441561,0.17466653060555967,0.18018018018018017,0.25974025974025972,2.5950625950625947,0.17567567567567569,0.50649350649350644,2.5301860301860302
