experiment,target_project,seed,model,selected_candidate,selection_mode,threshold,selection_score,avg_precision,roc_auc,mcc,f1,balanced_accuracy,precision,recall,brier,precision_at_10pct,recall_at_10pct,lift_at_10pct,precision_at_20pct,recall_at_20pct,lift_at_20pct
within_project,CM1,7,LR_std_C0.1,LR_std_C0.1,single_candidate_balanced_threshold,0.731837,0.399981182974777,0.3299670493951137,0.7016666666666667,0.24459979523511427,0.3157894736842105,0.6166666666666667,0.3333333333333333,0.3,0.16063454214168377,0.3,0.3,2.9999999999999996,0.3,0.6,2.9999999999999996
within_project,CM1,7,LR_std_C1,LR_std_C1,single_candidate_balanced_threshold,0.773416,0.39867594658647537,0.40516356446112445,0.7016666666666667,0.3004803573066879,0.35294117647058826,0.6277777777777778,0.42857142857142855,0.3,0.15079204783081215,0.3,0.3,2.9999999999999996,0.25,0.5,2.5
within_project,CM1,7,DT_leaf5,DT_leaf5,single_candidate_balanced_threshold,0.218,0.20807139311938952,0.13638655462184873,0.6144444444444445,0.153704111387796,0.25,0.5888888888888889,0.21428571428571427,0.3,0.11417779097304942,0.1,0.1,1.0,0.2,0.4,2.0
within_project,CM1,7,ET_leaf5,ET_leaf5,single_candidate_balanced_threshold,0.641,0.42962126774816156,0.16133823665863872,0.645,-0.07647191129018725,0.0,0.4722222222222222,0.0,0.0,0.15281858666045672,0.2,0.2,2.0,0.15,0.3,1.4999999999999998
within_project,CM1,7,AQRPE_v2_balanced,ET_leaf5,balanced_objective,0.641,0.42962126774816156,0.16133823665863872,0.645,-0.07647191129018725,0.0,0.4722222222222222,0.0,0.0,0.15281858666045672,0.2,0.2,2.0,0.15,0.3,1.4999999999999998
within_project,CM1,7,AQRPE_v2_rank,LR_std_C0.1,rank_objective_fixed_threshold,0.5,0.3433765928642311,0.3299670493951137,0.7016666666666667,0.3333333333333333,0.4,0.7222222222222222,0.3,0.6,0.16063454214168377,0.3,0.3,2.9999999999999996,0.3,0.6,2.9999999999999996
within_project,CM1,7,AQRPE_v2_mcc,ET_leaf5,mcc_objective,0.641,0.36673230396086576,0.16133823665863872,0.645,-0.07647191129018725,0.0,0.4722222222222222,0.0,0.0,0.15281858666045672,0.2,0.2,2.0,0.15,0.3,1.4999999999999998
within_project,CM1,7,AQRPE_v2_soft_top3,ET_leaf5|LR_std_C0.1|LR_std_C1,soft_top3_balanced_objective,0.7115,0.41431201118204586,0.3278839843462741,0.6938888888888888,0.16983672369508443,0.23529411764705882,0.5722222222222222,0.2857142857142857,0.2,0.14958407340218352,0.3,0.3,2.9999999999999996,0.25,0.5,2.5
cross_project,CM1,7,LR_std_C0.1,LR_std_C0.1,single_candidate_balanced_threshold,0.531921,0.40457091218979413,0.2532772181226274,0.7553974819326393,0.23310679352639038,0.30275229357798167,0.6852870324076179,0.1952662721893491,0.673469387755102,0.24412744725921806,0.28,0.2857142857142857,2.845714285714286,0.26,0.5306122448979592,2.642448979591837
cross_project,CM1,7,LR_std_C1,LR_std_C1,single_candidate_balanced_threshold,0.5235,0.4017106069829111,0.25532599532596556,0.7646243352574883,0.20771191623129961,0.2809917355371901,0.6698786418799145,0.17616580310880828,0.6938775510204082,0.2511519496355059,0.28,0.2857142857142857,2.845714285714286,0.25,0.5102040816326531,2.5408163265306123
cross_project,CM1,7,DT_leaf5,DT_leaf5,single_candidate_balanced_threshold,0.171,0.3448979328000992,0.16539960013449545,0.6397891004954321,0.10378444599066075,0.21621621621621623,0.5871096768328712,0.12955465587044535,0.6530612244897959,0.18236420224481184,0.24,0.24489795918367346,2.4391836734693877,0.19,0.3877551020408163,1.9310204081632654
cross_project,CM1,7,ET_leaf5,ET_leaf5,single_candidate_balanced_threshold,0.460664,0.4317272131556613,0.2520043432907364,0.7728512340348166,0.29262415919860707,0.35555555555555557,0.7162856233807554,0.24427480916030533,0.6530612244897959,0.15776136285208933,0.3,0.30612244897959184,3.0489795918367344,0.26,0.5306122448979592,2.642448979591837
cross_project,CM1,7,AQRPE_v2_balanced,ET_leaf5,balanced_objective,0.460664,0.4317272131556613,0.2520043432907364,0.7728512340348166,0.29262415919860707,0.35555555555555557,0.7162856233807554,0.24427480916030533,0.6530612244897959,0.1577613628520893,0.3,0.30612244897959184,3.0489795918367344,0.26,0.5306122448979592,2.642448979591837
cross_project,CM1,7,AQRPE_v2_rank,ET_leaf5,rank_objective_fixed_threshold,0.5,0.39532248652168317,0.2520043432907364,0.7728512340348166,0.26042557710950853,0.3401360544217687,0.6738102813508478,0.25510204081632654,0.5102040816326531,0.15776136285208933,0.3,0.30612244897959184,3.0489795918367344,0.26,0.5306122448979592,2.642448979591837
cross_project,CM1,7,AQRPE_v2_mcc,ET_leaf5,mcc_objective,0.5705,0.3193861521087826,0.2520043432907364,0.7728512340348166,0.21789702345302706,0.297029702970297,0.6118585518840053,0.28846153846153844,0.30612244897959184,0.15776136285208933,0.3,0.30612244897959184,3.0489795918367344,0.26,0.5306122448979592,2.642448979591837
cross_project,CM1,7,AQRPE_v2_soft_top3,ET_leaf5|LR_std_C0.1|LR_std_C1,soft_top3_balanced_objective,0.547,0.42087498726524175,0.2561895596091503,0.7752602154447525,0.2821044203532621,0.3508771929824561,0.7036725603381664,0.2459016393442623,0.6122448979591837,0.21170896794044614,0.24,0.24489795918367346,2.4391836734693877,0.25,0.5102040816326531,2.5408163265306123
within_project,JM1,7,LR_std_C0.1,LR_std_C0.1,single_candidate_balanced_threshold,0.5,0.3801500807427097,0.38311643817635144,0.712782200252509,0.24392345230582235,0.3865276663993585,0.654466521152982,0.2917675544794189,0.5724465558194775,0.20644587161359043,0.49056603773584906,0.3087885985748218,3.077398825796621,0.3648393194706994,0.4584323040380047,2.2886951133541973
within_project,JM1,7,LR_std_C1,LR_std_C1,single_candidate_balanced_threshold,0.51626,0.3802266179467908,0.3790811225656022,0.7105181785110526,0.24322412259043047,0.3853989813242784,0.6502268301555713,0.2998678996036988,0.5391923990498813,0.20616768450214035,0.4867924528301887,0.30641330166270786,3.053726527136647,0.3591682419659735,0.4513064133016627,2.2531195416440286
within_project,JM1,7,DT_leaf5,DT_leaf5,single_candidate_balanced_threshold,0.124,0.35068165926849465,0.2681856917222201,0.6350104855449273,0.19445342763688384,0.3515625,0.6244281098200338,0.2619324796274738,0.5344418052256532,0.16624729763278845,0.39245283018867927,0.24703087885985747,2.461919060637297,0.31190926275992437,0.3919239904988123,1.956656444059288
within_project,JM1,7,ET_leaf5,ET_leaf5,single_candidate_balanced_threshold,0.470991,0.4203824877645454,0.4276657075038469,0.7578802079989729,0.30757430124146123,0.4332191780821918,0.6892137981211616,0.3386880856760375,0.6009501187648456,0.16665048323628037,0.5169811320754717,0.3254156769596199,3.243104916416439,0.391304347826087,0.4916864608076009,2.4547144480016523
within_project,JM1,7,AQRPE_v2_balanced,ET_leaf5,balanced_objective,0.470991,0.4203824877645454,0.4276657075038469,0.7578802079989729,0.30757430124146123,0.4332191780821918,0.6892137981211616,0.3386880856760375,0.6009501187648456,0.16665048323628037,0.5169811320754717,0.3254156769596199,3.243104916416439,0.391304347826087,0.4916864608076009,2.4547144480016523
within_project,JM1,7,AQRPE_v2_rank,ET_leaf5,rank_objective_fixed_threshold,0.5,0.37052792557912345,0.4276657075038469,0.7578802079989729,0.3159423801948567,0.4392956441149212,0.6866528642656908,0.3601823708206687,0.5629453681710214,0.16665048323628037,0.5169811320754717,0.3254156769596199,3.243104916416439,0.391304347826087,0.4916864608076009,2.4547144480016523
within_project,JM1,7,AQRPE_v2_mcc,ET_leaf5,mcc_objective,0.470991,0.3013052715659073,0.4276657075038469,0.7578802079989729,0.30757430124146123,0.4332191780821918,0.6892137981211616,0.3386880856760375,0.6009501187648456,0.16665048323628037,0.5169811320754717,0.3254156769596199,3.243104916416439,0.391304347826087,0.4916864608076009,2.4547144480016523
within_project,JM1,7,AQRPE_v2_soft_top3,ET_leaf5|LR_std_C1|LR_std_C0.1,soft_top3_balanced_objective,0.493567,0.4031131356517118,0.4037434732478223,0.7397065117373907,0.2825881699757805,0.41461342395921835,0.6744709079625945,0.32275132275132273,0.5795724465558195,0.18935155063882017,0.5018867924528302,0.3159144893111639,3.148415721776543,0.3761814744801512,0.47268408551068886,2.359846256774535
cross_project,JM1,7,LR_std_C0.1,LR_std_C0.1,single_candidate_balanced_threshold,0.5705,0.4562238905809046,0.3159961053514876,0.6807094955696416,0.22633839002299286,0.37104885057471265,0.6360618405259485,0.2981240981240981,0.49120304327151687,0.23387987812871458,0.3883421650264951,0.24393723252496433,2.4382643590156166,0.3347216963271488,0.42035187826913933,2.1016002274387415
cross_project,JM1,7,LR_std_C1,LR_std_C1,single_candidate_balanced_threshold,0.5705,0.459061166991847,0.31859644304971435,0.6846637430075634,0.22632130785410556,0.3724209078404402,0.6390315044036721,0.2916778884998653,0.514978601997147,0.23772043389370148,0.3936411809235428,0.24726581074655254,2.471535022783861,0.33547898523286634,0.4213029006181645,2.1063549790845304
cross_project,JM1,7,DT_leaf5,DT_leaf5,single_candidate_balanced_threshold,0.2415,0.4216026771746417,0.2391898835435784,0.6063210602961105,0.15560316644505107,0.3215997355808957,0.5973392491875167,0.24645390070921985,0.46267237280076084,0.20006500904592112,0.3414080242240727,0.21445553970518308,2.14358133706831,0.27603180613404016,0.3466476462196862,1.7331069748900934
cross_project,JM1,7,ET_leaf5,ET_leaf5,single_candidate_balanced_threshold,0.4765,0.4884779189188158,0.2979766760973028,0.6584363739619317,0.18071748947061428,0.34110507824976044,0.614701275450246,0.2567924981966819,0.5078459343794579,0.19387295726108755,0.3936411809235428,0.24726581074655254,2.471535022783861,0.30935251798561153,0.38849262957679503,1.9423160473048098
cross_project,JM1,7,AQRPE_v2_balanced,ET_leaf5,balanced_objective,0.4765,0.4884779189188158,0.2979766760973028,0.6584363739619317,0.18071748947061428,0.34110507824976044,0.614701275450246,0.2567924981966819,0.5078459343794579,0.19387295726108755,0.3936411809235428,0.24726581074655254,2.471535022783861,0.30935251798561153,0.38849262957679503,1.9423160473048098
cross_project,JM1,7,AQRPE_v2_rank,ET_leaf5,rank_objective_fixed_threshold,0.5,0.4225677777997088,0.2979766760973028,0.6584363739619317,0.19463651053522574,0.34820494945974206,0.6187897891503522,0.27482806052269604,0.47503566333808844,0.19387295726108755,0.3936411809235428,0.24726581074655254,2.471535022783861,0.30935251798561153,0.38849262957679503,1.9423160473048098
cross_project,JM1,7,AQRPE_v2_mcc,ET_leaf5,mcc_objective,0.4765,0.3962874812985653,0.2979766760973028,0.6584363739619317,0.18071748947061428,0.34110507824976044,0.614701275450246,0.2567924981966819,0.5078459343794579,0.19387295726108755,0.3936411809235428,0.24726581074655254,2.471535022783861,0.30935251798561153,0.38849262957679503,1.9423160473048098
cross_project,JM1,7,AQRPE_v2_soft_top3,ET_leaf5|LR_std_C1|LR_std_C0.1,soft_top3_balanced_objective,0.492216,0.46654967002527986,0.31229412982308546,0.683661747025742,0.2118580149297372,0.3638888888888889,0.6362727599947622,0.26936257710760797,0.5606276747503567,0.2166103131252672,0.38758516275548827,0.24346172135045174,2.4335114070487243,0.33055660734570236,0.41512125534950073,2.0754490933869016
within_project,KC1,7,LR_std_C0.1,LR_std_C0.1,single_candidate_balanced_threshold,0.730852,0.5104173073451738,0.3828772374475123,0.7346692523163112,0.28403455228917884,0.3669724770642202,0.6202327084680026,0.45454545454545453,0.3076923076923077,0.19234960935531573,0.46511627906976744,0.3076923076923077,3.0196779964221823,0.35294117647058826,0.46153846153846156,2.2914027149321265
within_project,KC1,7,LR_std_C1,LR_std_C1,single_candidate_balanced_threshold,0.7115,0.4913144902269238,0.3776700519796842,0.731135531135531,0.29390149791472264,0.3898305084745763,0.6349062702003878,0.4339622641509434,0.35384615384615387,0.1907904955992293,0.4883720930232558,0.3230769230769231,3.170661896243291,0.32941176470588235,0.4307692307692308,2.1386425339366513
within_project,KC1,7,DT_leaf5,DT_leaf5,single_candidate_balanced_threshold,0.641,0.49348853444065466,0.26207749223778304,0.6305322128851542,0.2685810743328312,0.35185185185185186,0.6125404007756949,0.4418604651162791,0.2923076923076923,0.1700382950606149,0.4418604651162791,0.2923076923076923,2.8686940966010734,0.3058823529411765,0.4,1.9858823529411764
within_project,KC1,7,ET_leaf5,ET_leaf5,single_candidate_balanced_threshold,0.5235,0.5196559058868027,0.39214311975588717,0.745722904546434,0.2440147246765558,0.3780487804878049,0.6432234432234433,0.31313131313131315,0.47692307692307695,0.16740871825068254,0.46511627906976744,0.3076923076923077,3.0196779964221823,0.3411764705882353,0.4461538461538462,2.215022624434389
within_project,KC1,7,AQRPE_v2_balanced,ET_leaf5,balanced_objective,0.5235,0.5196559058868027,0.39214311975588717,0.745722904546434,0.2440147246765558,0.3780487804878049,0.6432234432234433,0.31313131313131315,0.47692307692307695,0.16740871825068254,0.46511627906976744,0.3076923076923077,3.0196779964221823,0.3411764705882353,0.4461538461538462,2.215022624434389
within_project,KC1,7,AQRPE_v2_rank,ET_leaf5,rank_objective_fixed_threshold,0.5,0.5046102978624067,0.39214311975588717,0.745722904546434,0.28184291488238405,0.4090909090909091,0.6718810601163543,0.32432432432432434,0.5538461538461539,0.16740871825068254,0.46511627906976744,0.3076923076923077,3.0196779964221823,0.3411764705882353,0.4461538461538462,2.215022624434389
within_project,KC1,7,AQRPE_v2_mcc,ET_leaf5,mcc_objective,0.757388,0.44055516623756197,0.39214311975588717,0.745722904546434,0.323935485373929,0.38,0.623744882568412,0.5428571428571428,0.2923076923076923,0.16740871825068254,0.46511627906976744,0.3076923076923077,3.0196779964221823,0.3411764705882353,0.4461538461538462,2.215022624434389
within_project,KC1,7,AQRPE_v2_soft_top3,ET_leaf5|LR_std_C0.1|DT_leaf5,soft_top3_balanced_objective,0.6175,0.5336056470059367,0.38511992320318067,0.7347554406377936,0.21466403928510247,0.3220338983050847,0.5985347985347985,0.3584905660377358,0.2923076923076923,0.15225323757391074,0.3953488372093023,0.26153846153846155,2.566726296958855,0.35294117647058826,0.46153846153846156,2.2914027149321265
cross_project,KC1,7,LR_std_C0.1,LR_std_C0.1,single_candidate_balanced_threshold,0.5235,0.4075575873145589,0.3884498544492171,0.7763583468958707,0.2949114130702645,0.40822320117474303,0.6526181145033703,0.39154929577464787,0.4263803680981595,0.15312381580566944,0.4549763033175355,0.294478527607362,2.9433896432413573,0.38388625592417064,0.49693251533742333,2.483485011484895
cross_project,KC1,7,LR_std_C1,LR_std_C1,single_candidate_balanced_threshold,0.5235,0.40961701244055754,0.39087177198595763,0.7800348554342478,0.2968188157340421,0.41201716738197425,0.6566412849371536,0.38605898123324395,0.44171779141104295,0.15286158535796052,0.4597156398104265,0.29754601226993865,2.9740499520251213,0.38388625592417064,0.49693251533742333,2.483485011484895
cross_project,KC1,7,DT_leaf5,DT_leaf5,single_candidate_balanced_threshold,0.312,0.3706321648454153,0.21582386755724767,0.5515975694097973,0.14050399456143878,0.2620232172470978,0.5656412470882121,0.2851985559566787,0.24233128834355827,0.16228875124618236,0.2796208530805687,0.18098159509202455,1.8089582182420842,0.24407582938388625,0.3159509202453988,1.5790059023638532
cross_project,KC1,7,ET_leaf5,ET_leaf5,single_candidate_balanced_threshold,0.495905,0.45720138606673133,0.3413679543636487,0.7297353326749911,0.24393637515803632,0.36253776435045315,0.6234770102088918,0.35714285714285715,0.36809815950920244,0.1436159339143237,0.4028436018957346,0.2607361963190184,2.6061262466199517,0.32701421800947866,0.4233128834355828,2.1155613060797256
cross_project,KC1,7,AQRPE_v2_balanced,ET_leaf5,balanced_objective,0.495905,0.45720138606673133,0.3413679543636487,0.7297353326749911,0.24393637515803632,0.36253776435045315,0.6234770102088918,0.35714285714285715,0.36809815950920244,0.1436159339143237,0.4028436018957346,0.2607361963190184,2.6061262466199517,0.32701421800947866,0.4233128834355828,2.1155613060797256
cross_project,KC1,7,AQRPE_v2_rank,ET_leaf5,rank_objective_fixed_threshold,0.5,0.41468386160922405,0.3413679543636487,0.7297353326749911,0.25256254537571954,0.36809815950920244,0.6262812726878597,0.36809815950920244,0.36809815950920244,0.1436159339143237,0.4028436018957346,0.2607361963190184,2.6061262466199517,0.32701421800947866,0.4233128834355828,2.1155613060797256
cross_project,KC1,7,AQRPE_v2_mcc,ET_leaf5,mcc_objective,0.495905,0.3474289042006605,0.3413679543636487,0.7297353326749911,0.24393637515803632,0.36253776435045315,0.6234770102088918,0.35714285714285715,0.36809815950920244,0.1436159339143237,0.4028436018957346,0.2607361963190184,2.6061262466199517,0.32701421800947866,0.4233128834355828,2.1155613060797256
cross_project,KC1,7,AQRPE_v2_soft_top3,ET_leaf5|LR_std_C1|LR_std_C0.1,soft_top3_balanced_objective,0.453,0.42685937769373705,0.38119483350992767,0.7714947579216114,0.302120473757692,0.422279792746114,0.6706393718452047,0.3654708520179372,0.5,0.14727810451488677,0.4312796208530806,0.2791411042944785,2.7900880993225368,0.3744075829383886,0.48466257668711654,2.4221643939173667
within_project,KC2,7,LR_std_C0.1,LR_std_C0.1,single_candidate_balanced_threshold,0.609777,0.6790867685241465,0.6552446501578482,0.7732749178532312,0.4249726177437021,0.5454545454545454,0.7124863088718509,0.5454545454545454,0.5454545454545454,0.16573372198202124,0.8181818181818182,0.4090909090909091,3.9049586776859506,0.5238095238095238,0.5,2.5
within_project,KC2,7,LR_std_C1,LR_std_C1,single_candidate_balanced_threshold,0.503947,0.6881746654225528,0.6362350822570983,0.7732749178532311,0.3708873012228987,0.5185185185185185,0.7097480832420591,0.4375,0.6363636363636364,0.16557869144687654,0.8181818181818182,0.4090909090909091,3.9049586776859506,0.5714285714285714,0.5454545454545454,2.727272727272727
within_project,KC2,7,DT_leaf5,DT_leaf5,single_candidate_balanced_threshold,0.218,0.377574236422172,0.4326116162697872,0.5843373493975903,0.23656107737687027,0.4,0.6202081051478642,0.391304347826087,0.4090909090909091,0.1884962657149422,0.5454545454545454,0.2727272727272727,2.6033057851239665,0.42857142857142855,0.4090909090909091,2.0454545454545454
within_project,KC2,7,ET_leaf5,ET_leaf5,single_candidate_balanced_threshold,0.558955,0.7222975314163816,0.6702496264214215,0.7760131434830231,0.3931649624664154,0.5306122448979592,0.7111171960569551,0.48148148148148145,0.5909090909090909,0.16105818408130426,0.9090909090909091,0.45454545454545453,4.338842975206611,0.5714285714285714,0.5454545454545454,2.727272727272727
within_project,KC2,7,AQRPE_v2_balanced,ET_leaf5,balanced_objective,0.558955,0.7222975314163816,0.6702496264214215,0.7760131434830231,0.3931649624664154,0.5306122448979592,0.7111171960569551,0.48148148148148145,0.5909090909090909,0.16105818408130426,0.9090909090909091,0.45454545454545453,4.338842975206611,0.5714285714285714,0.5454545454545454,2.727272727272727
within_project,KC2,7,AQRPE_v2_rank,LR_std_C0.1,rank_objective_fixed_threshold,0.5,0.5686727386340771,0.6552446501578482,0.7732749178532312,0.3708873012228987,0.5185185185185185,0.7097480832420591,0.4375,0.6363636363636364,0.16573372198202124,0.8181818181818182,0.4090909090909091,3.9049586776859506,0.5238095238095238,0.5,2.5
within_project,KC2,7,AQRPE_v2_mcc,ET_leaf5,mcc_objective,0.558955,0.7034650053120127,0.6702496264214215,0.7760131434830231,0.3931649624664154,0.5306122448979592,0.7111171960569551,0.48148148148148145,0.5909090909090909,0.16105818408130426,0.9090909090909091,0.45454545454545453,4.338842975206611,0.5714285714285714,0.5454545454545454,2.727272727272727
within_project,KC2,7,AQRPE_v2_soft_top3,ET_leaf5|LR_std_C1|LR_std_C0.1,soft_top3_balanced_objective,0.594,0.6959297113866811,0.6679986610333668,0.778751369112815,0.3715292101542077,0.5106382978723404,0.6944140197152245,0.48,0.5454545454545454,0.16169471266129387,0.8181818181818182,0.4090909090909091,3.9049586776859506,0.5714285714285714,0.5454545454545454,2.727272727272727
cross_project,KC2,7,LR_std_C0.1,LR_std_C0.1,single_candidate_balanced_threshold,0.5235,0.3967451300492107,0.6361385705962561,0.8470217317869609,0.5150820007207124,0.6199261992619927,0.7961378223173066,0.5121951219512195,0.7850467289719626,0.1623742074506686,0.7169811320754716,0.35514018691588783,3.49779580320931,0.6095238095238096,0.5981308411214953,2.9735647530040055
cross_project,KC2,7,LR_std_C1,LR_std_C1,single_candidate_balanced_threshold,0.5235,0.39793379862598,0.6236146732107473,0.8497691701384978,0.5237672151279358,0.6254545454545455,0.8030739781556131,0.5119047619047619,0.8037383177570093,0.16343363662552435,0.6792452830188679,0.3364485981308411,3.3137012872509253,0.6,0.5887850467289719,2.9271028037383173
cross_project,KC2,7,DT_leaf5,DT_leaf5,single_candidate_balanced_threshold,0.265,0.33110115799784745,0.37758253566225547,0.594752843148294,0.2562554193695305,0.4219409282700422,0.6372593176444095,0.38461538461538464,0.4672897196261682,0.17857260244808296,0.5849056603773585,0.2897196261682243,2.8534649973549637,0.45714285714285713,0.4485981308411215,2.2301735647530037
cross_project,KC2,7,ET_leaf5,ET_leaf5,single_candidate_balanced_threshold,0.538978,0.42707070069405195,0.6422990366308706,0.8415606350636189,0.4827609503434298,0.5887850467289719,0.7413804751717148,0.5887850467289719,0.5887850467289719,0.1404316384476974,0.7924528301886793,0.3925233644859813,3.86598483512608,0.6,0.5887850467289719,2.9271028037383173
cross_project,KC2,7,AQRPE_v2_balanced,ET_leaf5,balanced_objective,0.538978,0.42707070069405195,0.6422990366308706,0.8415606350636189,0.4827609503434298,0.5887850467289719,0.7413804751717148,0.5887850467289719,0.5887850467289719,0.1404316384476974,0.7924528301886793,0.3925233644859813,3.86598483512608,0.6,0.5887850467289719,2.9271028037383173
cross_project,KC2,7,AQRPE_v2_rank,ET_leaf5,rank_objective_fixed_threshold,0.5,0.3907109780081254,0.6422990366308706,0.8415606350636189,0.49712475781978915,0.6060606060606061,0.7620425627744623,0.5645161290322581,0.6542056074766355,0.1404316384476974,0.7924528301886793,0.3925233644859813,3.86598483512608,0.6,0.5887850467289719,2.9271028037383173
cross_project,KC2,7,AQRPE_v2_mcc,ET_leaf5,mcc_objective,0.538978,0.31787779806087574,0.6422990366308706,0.8415606350636189,0.4827609503434298,0.5887850467289719,0.7413804751717148,0.5887850467289719,0.5887850467289719,0.1404316384476974,0.7924528301886793,0.3925233644859813,3.86598483512608,0.6,0.5887850467289719,2.9271028037383173
cross_project,KC2,7,AQRPE_v2_soft_top3,ET_leaf5|LR_std_C1|LR_std_C0.1,soft_top3_balanced_objective,0.4765,0.4192828441022044,0.6418649536106086,0.8531471681116991,0.4911074949932614,0.6007067137809188,0.7875577074653755,0.48295454545454547,0.794392523364486,0.15233281648219302,0.7358490566037735,0.3644859813084112,3.5898430611885024,0.5714285714285714,0.5607476635514018,2.7877169559412547
within_project,PC1,7,LR_std_C0.1,LR_std_C0.1,single_candidate_balanced_threshold,0.4295,0.4387786917602898,0.3289565809440226,0.8318840579710145,0.3316974076369384,0.30434782608695654,0.8144927536231884,0.18181818181818182,0.9333333333333333,0.17718393655235254,0.2608695652173913,0.4,3.8608695652173908,0.15555555555555556,0.4666666666666667,2.302222222222222
within_project,PC1,7,LR_std_C1,LR_std_C1,single_candidate_balanced_threshold,0.630209,0.4494920185510093,0.30768373225690304,0.8454106280193237,0.21669453555438456,0.2692307692307692,0.6608695652173913,0.1891891891891892,0.4666666666666667,0.16840122336391516,0.2608695652173913,0.4,3.8608695652173908,0.17777777777777778,0.5333333333333333,2.631111111111111
within_project,PC1,7,DT_leaf5,DT_leaf5,single_candidate_balanced_threshold,0.2415,0.535368495062262,0.3185008943780873,0.7809983896940418,0.36669585460143395,0.4117647058823529,0.7043478260869565,0.3684210526315789,0.4666666666666667,0.05408313191991005,0.30434782608695654,0.4666666666666667,4.504347826086956,0.24444444444444444,0.7333333333333333,3.6177777777777775
within_project,PC1,7,ET_leaf5,ET_leaf5,single_candidate_balanced_threshold,0.594,0.5178602375181152,0.44958400291090744,0.8193236714975846,0.4801388101901313,0.5161290322580645,0.7473429951690822,0.5,0.5333333333333333,0.10913745729207881,0.34782608695652173,0.5333333333333333,5.147826086956521,0.2222222222222222,0.6666666666666666,3.2888888888888883
within_project,PC1,7,AQRPE_v2_balanced,DT_leaf5,balanced_objective,0.2415,0.535368495062262,0.3185008943780873,0.7809983896940418,0.36669585460143395,0.4117647058823529,0.7043478260869565,0.3684210526315789,0.4666666666666667,0.05408313191991005,0.30434782608695654,0.4666666666666667,4.504347826086956,0.24444444444444444,0.7333333333333333,3.6177777777777775
within_project,PC1,7,AQRPE_v2_rank,ET_leaf5,rank_objective_fixed_threshold,0.5,0.4655361061526184,0.44958400291090744,0.8193236714975846,0.3541216117038052,0.37735849056603776,0.7657004830917874,0.2631578947368421,0.6666666666666666,0.10913745729207884,0.34782608695652173,0.5333333333333333,5.147826086956521,0.2222222222222222,0.6666666666666666,3.2888888888888883
within_project,PC1,7,AQRPE_v2_mcc,DT_leaf5,mcc_objective,0.2415,0.4712503348740226,0.3185008943780873,0.7809983896940418,0.36669585460143395,0.4117647058823529,0.7043478260869565,0.3684210526315789,0.4666666666666667,0.05408313191991005,0.30434782608695654,0.4666666666666667,4.504347826086956,0.24444444444444444,0.7333333333333333,3.6177777777777775
within_project,PC1,7,AQRPE_v2_soft_top3,DT_leaf5|ET_leaf5|LR_std_C1,soft_top3_balanced_objective,0.594,0.5754827305679671,0.46918205003029656,0.8827697262479871,0.6001048931409149,0.6153846153846154,0.7594202898550725,0.7272727272727273,0.5333333333333333,0.08160268794400931,0.391304347826087,0.6,5.791304347826087,0.24444444444444444,0.7333333333333333,3.6177777777777775
cross_project,PC1,7,LR_std_C0.1,LR_std_C0.1,single_candidate_balanced_threshold,0.514589,0.39383580330859524,0.18563283765991706,0.6834730192288332,0.15672708889615905,0.22393822393822393,0.6141837813349441,0.15934065934065933,0.37662337662337664,0.18702968035246112,0.16216216216216217,0.23376623376623376,2.3355563355563356,0.16666666666666666,0.4805194805194805,2.4004329004329
cross_project,PC1,7,LR_std_C1,LR_std_C1,single_candidate_balanced_threshold,0.5235,0.3954871959438106,0.1873422343711499,0.6827934662236989,0.1512878827350258,0.22026431718061673,0.6017756468337864,0.16666666666666666,0.3246753246753247,0.18003405606832867,0.15315315315315314,0.22077922077922077,2.2058032058032055,0.15315315315315314,0.44155844155844154,2.2058032058032055
cross_project,PC1,7,DT_leaf5,DT_leaf5,single_candidate_balanced_threshold,0.2415,0.3572466658914451,0.09773535534300366,0.510306553911205,0.007659322798427215,0.11578947368421053,0.5067137320044297,0.07260726072607261,0.2857142857142857,0.14126065094879744,0.13513513513513514,0.19480519480519481,1.9462969462969462,0.09009009009009009,0.2597402597402597,1.2975312975312974
cross_project,PC1,7,ET_leaf5,ET_leaf5,single_candidate_balanced_threshold,0.4765,0.43015289728778644,0.1916851299973411,0.7008267894895801,0.2013002706975516,0.24855491329479767,0.6697246551897715,0.15985130111524162,0.5584415584415584,0.16894781569087672,0.22522522522522523,0.3246753246753247,3.2438282438282435,0.17117117117117117,0.4935064935064935,2.465309465309465
cross_project,PC1,7,AQRPE_v2_balanced,ET_leaf5,balanced_objective,0.4765,0.43015289728778644,0.1916851299973411,0.7008267894895801,0.2013002706975516,0.24855491329479767,0.6697246551897715,0.15985130111524162,0.5584415584415584,0.16894781569087675,0.22522522522522523,0.3246753246753247,3.2438282438282435,0.17117117117117117,0.4935064935064935,2.465309465309465
cross_project,PC1,7,AQRPE_v2_rank,ET_leaf5,rank_objective_fixed_threshold,0.5,0.3911978642621802,0.1916851299973411,0.7008267894895801,0.2051265210801713,0.2546583850931677,0.6673965569314406,0.1673469387755102,0.5324675324675324,0.16894781569087675,0.22522522522522523,0.3246753246753247,3.2438282438282435,0.17117117117117117,0.4935064935064935,2.465309465309465
cross_project,PC1,7,AQRPE_v2_mcc,ET_leaf5,mcc_objective,0.6175,0.312237499938372,0.1916851299973411,0.7008267894895801,0.21162094271888404,0.2727272727272727,0.6297820396657605,0.2231404958677686,0.35064935064935066,0.16894781569087675,0.22522522522522523,0.3246753246753247,3.2438282438282435,0.17117117117117117,0.4935064935064935,2.465309465309465
cross_project,PC1,7,AQRPE_v2_soft_top3,ET_leaf5|LR_std_C1|LR_std_C0.1,soft_top3_balanced_objective,0.465303,0.4190430020735403,0.20035267721786065,0.7071566998892581,0.18977552410382692,0.24,0.6608086680761099,0.15384615384615385,0.5454545454545454,0.17543894893502454,0.17117117117117117,0.24675324675324675,2.465309465309465,0.16666666666666666,0.4805194805194805,2.4004329004329
within_project,CM1,13,LR_std_C0.1,LR_std_C0.1,single_candidate_balanced_threshold,0.6175,0.42376571573768435,0.5904564771612826,0.9233333333333333,0.4418993202399135,0.5,0.7555555555555555,0.42857142857142855,0.6,0.165610121716837,0.3,0.3,2.9999999999999996,0.4,0.8,4.0
within_project,CM1,13,LR_std_C1,LR_std_C1,single_candidate_balanced_threshold,0.4295,0.3885085620757156,0.5553306337746565,0.8588888888888888,0.3843711067980367,0.4,0.8055555555555556,0.2571428571428571,0.9,0.16198895880987788,0.4,0.4,4.0,0.4,0.8,4.0
within_project,CM1,13,DT_leaf5,DT_leaf5,single_candidate_balanced_threshold,0.03,0.3592689983799837,0.15058574879227055,0.6322222222222222,0.19245008972987526,0.2857142857142857,0.6388888888888888,0.2,0.5,0.11699284714286468,0.2,0.2,2.0,0.15,0.3,1.4999999999999998
within_project,CM1,13,ET_leaf5,ET_leaf5,single_candidate_balanced_threshold,0.504725,0.44388549719045445,0.24003709311409727,0.7866666666666666,0.1784344596771036,0.27586206896551724,0.6166666666666667,0.21052631578947367,0.4,0.14443442784961175,0.2,0.2,2.0,0.25,0.5,2.5
within_project,CM1,13,AQRPE_v2_balanced,ET_leaf5,balanced_objective,0.504725,0.44388549719045445,0.24003709311409727,0.7866666666666666,0.1784344596771036,0.27586206896551724,0.6166666666666667,0.21052631578947367,0.4,0.14443442784961172,0.2,0.2,2.0,0.25,0.5,2.5
within_project,CM1,13,AQRPE_v2_rank,LR_std_C0.1,rank_objective_fixed_threshold,0.5,0.3420815363881402,0.5904564771612826,0.9233333333333333,0.5480980958129164,0.5405405405405406,0.9055555555555556,0.37037037037037035,1.0,0.165610121716837,0.3,0.3,2.9999999999999996,0.4,0.8,4.0
within_project,CM1,13,AQRPE_v2_mcc,ET_leaf5,mcc_objective,0.504725,0.37227795760871,0.24003709311409727,0.7866666666666666,0.1784344596771036,0.27586206896551724,0.6166666666666667,0.21052631578947367,0.4,0.14443442784961172,0.2,0.2,2.0,0.25,0.5,2.5
within_project,CM1,13,AQRPE_v2_soft_top3,ET_leaf5|LR_std_C0.1|LR_std_C1,soft_top3_balanced_objective,0.600366,0.42855733741136476,0.46735387800605194,0.9066666666666667,0.36673230396086576,0.43478260869565216,0.7055555555555555,0.38461538461538464,0.5,0.14881040515787697,0.4,0.4,4.0,0.4,0.8,4.0
cross_project,CM1,13,LR_std_C0.1,LR_std_C0.1,single_candidate_balanced_threshold,0.5705,0.3848247499612166,0.25557765959046885,0.7599881823553474,0.2780940271842635,0.3493975903614458,0.6979228216899231,0.24786324786324787,0.5918367346938775,0.23106695559213994,0.28,0.2857142857142857,2.845714285714286,0.25,0.5102040816326531,2.5408163265306123
cross_project,CM1,13,LR_std_C1,LR_std_C1,single_candidate_balanced_threshold,0.587225,0.3882089261988317,0.2582268875838092,0.7696695604745238,0.2844385256810558,0.35294117647058826,0.7047861460842689,0.24793388429752067,0.6122448979591837,0.237212822286133,0.26,0.2653061224489796,2.642448979591837,0.26,0.5306122448979592,2.642448979591837
cross_project,CM1,13,DT_leaf5,DT_leaf5,single_candidate_balanced_threshold,0.1945,0.3528630125659898,0.1461235748370425,0.6359029135039316,0.1602838683231181,0.2557077625570776,0.6275851097677378,0.16470588235294117,0.5714285714285714,0.15189947670096457,0.16,0.16326530612244897,1.6261224489795918,0.14,0.2857142857142857,1.422857142857143
cross_project,CM1,13,ET_leaf5,ET_leaf5,single_candidate_balanced_threshold,0.5,0.44059346665283317,0.26695686055716383,0.7759874551156766,0.25897000887857524,0.33766233766233766,0.6773328485068861,0.24761904761904763,0.5306122448979592,0.1599561079863895,0.3,0.30612244897959184,3.0489795918367344,0.25,0.5102040816326531,2.5408163265306123
cross_project,CM1,13,AQRPE_v2_balanced,ET_leaf5,balanced_objective,0.5,0.44059346665283317,0.26695686055716383,0.7759874551156766,0.25897000887857524,0.33766233766233766,0.6773328485068861,0.24761904761904763,0.5306122448979592,0.15995610798638948,0.3,0.30612244897959184,3.0489795918367344,0.25,0.5102040816326531,2.5408163265306123
cross_project,CM1,13,AQRPE_v2_rank,ET_leaf5,rank_objective_fixed_threshold,0.5,0.39494818147365074,0.26695686055716383,0.7759874551156766,0.25897000887857524,0.33766233766233766,0.6773328485068861,0.24761904761904763,0.5306122448979592,0.15995610798638948,0.3,0.30612244897959184,3.0489795918367344,0.25,0.5102040816326531,2.5408163265306123
cross_project,CM1,13,AQRPE_v2_mcc,ET_leaf5,mcc_objective,0.5,0.3285946055676839,0.26695686055716383,0.7759874551156766,0.25897000887857524,0.33766233766233766,0.6773328485068861,0.24761904761904763,0.5306122448979592,0.1599561079863895,0.3,0.30612244897959184,3.0489795918367344,0.25,0.5102040816326531,2.5408163265306123
cross_project,CM1,13,AQRPE_v2_soft_top3,ET_leaf5|LR_std_C1|LR_std_C0.1,soft_top3_balanced_objective,0.5,0.41372793537268554,0.26321489586566066,0.7805781555383846,0.27802193086278093,0.3349282296650718,0.7179446388800509,0.21875,0.7142857142857143,0.2047535103662487,0.32,0.32653061224489793,3.2522448979591836,0.26,0.5306122448979592,2.642448979591837
within_project,JM1,13,LR_std_C0.1,LR_std_C0.1,single_candidate_balanced_threshold,0.549075,0.3951833697858754,0.3444349230186423,0.7153452740151077,0.27185925316419235,0.4041944709246902,0.6580877789903918,0.3375796178343949,0.503562945368171,0.2136742289144419,0.4188679245283019,0.26365795724465557,2.627625151257115,0.3572778827977316,0.4489311163895487,2.2412610177406393
within_project,JM1,13,LR_std_C1,LR_std_C1,single_candidate_balanced_threshold,0.5705,0.39715848146367233,0.34058249790932443,0.7149108728681175,0.2624068064111457,0.3925619834710744,0.6452478012454259,0.3473491773308958,0.4513064133016627,0.21238946559285696,0.4188679245283019,0.26365795724465557,2.627625151257115,0.3534971644612476,0.44418052256532065,2.21754396993386
within_project,JM1,13,DT_leaf5,DT_leaf5,single_candidate_balanced_threshold,0.406,0.3471429755874732,0.2664374103313335,0.6417886413729643,0.20043754345260648,0.32439024390243903,0.5980473347456721,0.3333333333333333,0.3159144893111639,0.15836141715823598,0.3433962264150943,0.2161520190023753,2.1541791780576345,0.31568998109640833,0.39667458432304037,1.9803734918660674
within_project,JM1,13,ET_leaf5,ET_leaf5,single_candidate_balanced_threshold,0.488035,0.4328469840582741,0.4167099005068328,0.7716510453446319,0.32085501312811526,0.4432809773123909,0.6955816267573987,0.3503448275862069,0.6033254156769596,0.16862817924877602,0.4981132075471698,0.31353919239904987,3.124743423116569,0.389413988657845,0.48931116389548696,2.4428559240982626
within_project,JM1,13,AQRPE_v2_balanced,ET_leaf5,balanced_objective,0.488035,0.4328469840582741,0.4167099005068328,0.7716510453446319,0.32085501312811526,0.4432809773123909,0.6955816267573987,0.3503448275862069,0.6033254156769596,0.16862817924877602,0.4981132075471698,0.31353919239904987,3.124743423116569,0.389413988657845,0.48931116389548696,2.4428559240982626
within_project,JM1,13,AQRPE_v2_rank,ET_leaf5,rank_objective_fixed_threshold,0.5,0.4070193272297985,0.4167099005068328,0.7716510453446319,0.32820052634799124,0.4489051094890511,0.695539898568402,0.36444444444444446,0.5843230403800475,0.16862817924877602,0.4981132075471698,0.31353919239904987,3.124743423116569,0.389413988657845,0.48931116389548696,2.4428559240982626
within_project,JM1,13,AQRPE_v2_mcc,ET_leaf5,mcc_objective,0.5235,0.317394899353222,0.4167099005068328,0.7716510453446319,0.3217752026693533,0.442,0.6818396781579679,0.38169257340241797,0.5249406175771971,0.16862817924877602,0.4981132075471698,0.31353919239904987,3.124743423116569,0.389413988657845,0.48931116389548696,2.4428559240982626
within_project,JM1,13,AQRPE_v2_soft_top3,ET_leaf5|LR_std_C1|LR_std_C0.1,soft_top3_balanced_objective,0.484463,0.41606794195053504,0.37047166862096326,0.7437033232757697,0.28761771385672635,0.4175824175824176,0.6837072821039567,0.3118405627198124,0.6318289786223278,0.19468706525131516,0.4490566037735849,0.2826603325415677,2.817003540536907,0.3780718336483932,0.4750593824228028,2.371704780677925
cross_project,JM1,13,LR_std_C0.1,LR_std_C0.1,single_candidate_balanced_threshold,0.582479,0.4535072069881795,0.32042477112301393,0.6852569218873625,0.22922105248256497,0.3741032370953631,0.6396214920770483,0.2959579180509413,0.5083214455539705,0.2393821294145546,0.3898561695685087,0.24488825487398955,2.4477702629494007,0.33434305187429003,0.4198763670946267,2.099222851615847
cross_project,JM1,13,LR_std_C1,LR_std_C1,single_candidate_balanced_threshold,0.586658,0.4489463981440255,0.3241140406400286,0.6929049372161191,0.23816332995200984,0.3816433271469546,0.6476061903921727,0.29576359832635984,0.5378031383737518,0.24579057782235927,0.3959121877365632,0.24869234427009035,2.485793878684537,0.33964407421431275,0.42653352353780316,2.13250611313637
cross_project,JM1,13,DT_leaf5,DT_leaf5,single_candidate_balanced_threshold,0.406,0.3981256238150086,0.2384039275911441,0.6041476987996309,0.15218842432531204,0.3090909090909091,0.5878137550249186,0.2605151613955005,0.3799334284355682,0.2007301988096236,0.3376230128690386,0.21207798383262005,2.1198165772338498,0.2741385838697463,0.34427009034712314,1.721220095775621
cross_project,JM1,13,ET_leaf5,ET_leaf5,single_candidate_balanced_threshold,0.6175,0.47769614000676486,0.30253253773578326,0.6686427516372281,0.20296829771226071,0.3254670599803343,0.5987057923138015,0.33689567430025447,0.3147883975273419,0.20028598357935298,0.380772142316427,0.23918212077983833,2.3907348393466963,0.30367285119273,0.38135996195910604,1.906655409961392
cross_project,JM1,13,AQRPE_v2_balanced,ET_leaf5,balanced_objective,0.6175,0.47769614000676486,0.30253253773578326,0.6686427516372281,0.20296829771226071,0.3254670599803343,0.5987057923138015,0.33689567430025447,0.3147883975273419,0.20028598357935298,0.380772142316427,0.23918212077983833,2.3907348393466963,0.30367285119273,0.38135996195910604,1.906655409961392
cross_project,JM1,13,AQRPE_v2_rank,ET_leaf5,rank_objective_fixed_threshold,0.5,0.41652200719849014,0.30253253773578326,0.6686427516372281,0.17946343159149813,0.34020124580737904,0.6138979267138802,0.25613275613275616,0.5064194008559201,0.20028598357935298,0.380772142316427,0.23918212077983833,2.3907348393466963,0.30367285119273,0.38135996195910604,1.906655409961392
cross_project,JM1,13,AQRPE_v2_mcc,ET_leaf5,mcc_objective,0.6175,0.39899885550064806,0.30253253773578326,0.6686427516372281,0.20296829771226071,0.3254670599803343,0.5987057923138015,0.33689567430025447,0.3147883975273419,0.20028598357935298,0.380772142316427,0.23918212077983833,2.3907348393466963,0.30367285119273,0.38135996195910604,1.906655409961392
cross_project,JM1,13,AQRPE_v2_soft_top3,ET_leaf5|LR_std_C0.1|LR_std_C1,soft_top3_balanced_objective,0.641,0.4566479570639511,0.3197586532322392,0.6927290996004651,0.23642888833322326,0.36627779000660354,0.625386741021348,0.34098360655737703,0.3956252971944841,0.22303653171623194,0.3838001514004542,0.24108416547788872,2.409746647214264,0.3358576296857251,0.4217784117926771,2.1087323549074246
within_project,KC1,13,LR_std_C0.1,LR_std_C0.1,single_candidate_balanced_threshold,0.760003,0.48463690397709425,0.3637840017895594,0.7745959922430512,0.21930214103443493,0.3185840707964602,0.5964447317388494,0.375,0.27692307692307694,0.19376715226445929,0.4186046511627907,0.27692307692307694,2.717710196779964,0.3176470588235294,0.4153846153846154,2.0622624434389136
within_project,KC1,13,LR_std_C1,LR_std_C1,single_candidate_balanced_threshold,0.641,0.4938961072619386,0.3780467029051908,0.7794656324068089,0.26955080463778436,0.39751552795031053,0.6565179918121095,0.3333333333333333,0.49230769230769234,0.19353309427199367,0.4186046511627907,0.27692307692307694,2.717710196779964,0.3411764705882353,0.4461538461538462,2.215022624434389
within_project,KC1,13,DT_leaf5,DT_leaf5,single_candidate_balanced_threshold,0.5235,0.5353977284029223,0.2937738200650069,0.6503770739064856,0.2601942273955045,0.3795620437956204,0.6355742296918767,0.3611111111111111,0.4,0.16016057254150187,0.4186046511627907,0.27692307692307694,2.717710196779964,0.3176470588235294,0.4153846153846154,2.0622624434389136
within_project,KC1,13,ET_leaf5,ET_leaf5,single_candidate_balanced_threshold,0.6175,0.5061575569274734,0.35610169656942864,0.7658047834518423,0.24418877767658093,0.36879432624113473,0.6299719887955182,0.34210526315789475,0.4,0.173331035846657,0.3953488372093023,0.26153846153846155,2.566726296958855,0.3411764705882353,0.4461538461538462,2.215022624434389
within_project,KC1,13,AQRPE_v2_balanced,DT_leaf5,balanced_objective,0.5235,0.5353977284029223,0.2937738200650069,0.6503770739064856,0.2601942273955045,0.3795620437956204,0.6355742296918767,0.3611111111111111,0.4,0.16016057254150187,0.4186046511627907,0.27692307692307694,2.717710196779964,0.3176470588235294,0.4153846153846154,2.0622624434389136
within_project,KC1,13,AQRPE_v2_rank,ET_leaf5,rank_objective_fixed_threshold,0.5,0.48320066505174125,0.35610169656942864,0.7658047834518423,0.24682907891221614,0.38341968911917096,0.6571644042232277,0.2890625,0.5692307692307692,0.173331035846657,0.3953488372093023,0.26153846153846155,2.566726296958855,0.3411764705882353,0.4461538461538462,2.215022624434389
within_project,KC1,13,AQRPE_v2_mcc,DT_leaf5,mcc_objective,0.5235,0.4659717611045618,0.2937738200650069,0.6503770739064856,0.2601942273955045,0.3795620437956204,0.6355742296918767,0.3611111111111111,0.4,0.16016057254150187,0.4186046511627907,0.27692307692307694,2.717710196779964,0.3176470588235294,0.4153846153846154,2.0622624434389136
within_project,KC1,13,AQRPE_v2_soft_top3,DT_leaf5|ET_leaf5|LR_std_C1,soft_top3_balanced_objective,0.594,0.517125474342866,0.3760809371650429,0.7756733462615816,0.2680936824474013,0.3816793893129771,0.6348847231200172,0.3787878787878788,0.38461538461538464,0.15178178668329026,0.4186046511627907,0.27692307692307694,2.717710196779964,0.35294117647058826,0.46153846153846156,2.2914027149321265
cross_project,KC1,13,LR_std_C0.1,LR_std_C0.1,single_candidate_balanced_threshold,0.540748,0.39199534531956653,0.3920187401085202,0.7791643297812676,0.2661579016213136,0.3744,0.628410275643518,0.391304347826087,0.3588957055214724,0.15158658765075173,0.4597156398104265,0.29754601226993865,2.9740499520251213,0.3815165876777251,0.4938650306748466,2.468154857093013
cross_project,KC1,13,LR_std_C1,LR_std_C1,single_candidate_balanced_threshold,0.5235,0.3852884428527894,0.3934715396841599,0.7823660061452917,0.29754368103194373,0.41002949852507375,0.6534593932470607,0.39488636363636365,0.4263803680981595,0.15071644933584114,0.4549763033175355,0.294478527607362,2.9433896432413573,0.3815165876777251,0.4938650306748466,2.468154857093013
cross_project,KC1,13,DT_leaf5,DT_leaf5,single_candidate_balanced_threshold,0.4295,0.36670645902781146,0.22368482098500472,0.5723086822030836,0.14325701070974722,0.25396825396825395,0.563037411958201,0.2987551867219917,0.22085889570552147,0.16762058428965457,0.3080568720379147,0.19938650306748465,1.992920070944669,0.2772511848341232,0.3588957055214724,1.793628063850202
cross_project,KC1,13,ET_leaf5,ET_leaf5,single_candidate_balanced_threshold,0.4765,0.43653751515707045,0.3493209998222943,0.7509892336965684,0.2949114130702645,0.40822320117474303,0.6526181145033703,0.39154929577464787,0.4263803680981595,0.13819298551207806,0.43601895734597157,0.2822085889570552,2.820748408106301,0.35308056872037913,0.4570552147239264,2.284193004390428
cross_project,KC1,13,AQRPE_v2_balanced,ET_leaf5,balanced_objective,0.4765,0.43653751515707045,0.3493209998222943,0.7509892336965684,0.2949114130702645,0.40822320117474303,0.6526181145033703,0.39154929577464787,0.4263803680981595,0.13819298551207806,0.43601895734597157,0.2822085889570552,2.820748408106301,0.35308056872037913,0.4570552147239264,2.284193004390428
cross_project,KC1,13,AQRPE_v2_rank,ET_leaf5,rank_objective_fixed_threshold,0.5,0.3865047833137998,0.3493209998222943,0.7509892336965684,0.2784090961663079,0.38461538461538464,0.6341332076289703,0.40268456375838924,0.36809815950920244,0.13819298551207806,0.43601895734597157,0.2822085889570552,2.820748408106301,0.35308056872037913,0.4570552147239264,2.284193004390428
cross_project,KC1,13,AQRPE_v2_mcc,ET_leaf5,mcc_objective,0.4765,0.32352606950145274,0.3493209998222943,0.7509892336965684,0.2949114130702645,0.40822320117474303,0.6526181145033703,0.39154929577464787,0.4263803680981595,0.13819298551207806,0.43601895734597157,0.2822085889570552,2.820748408106301,0.35308056872037913,0.4570552147239264,2.284193004390428
cross_project,KC1,13,AQRPE_v2_soft_top3,ET_leaf5|LR_std_C0.1|LR_std_C1,soft_top3_balanced_objective,0.436482,0.41158049583310263,0.38114893078331535,0.7772391949874238,0.30295397763188586,0.424090338770389,0.6745137271228956,0.35881104033970274,0.5184049079754601,0.14431349139782157,0.45023696682464454,0.29141104294478526,2.9127293344575933,0.3744075829383886,0.48466257668711654,2.4221643939173667
within_project,KC2,13,LR_std_C0.1,LR_std_C0.1,single_candidate_balanced_threshold,0.636272,0.6829445657070427,0.5838667875813772,0.781763417305586,0.448844089277905,0.55,0.7078313253012047,0.6111111111111112,0.5,0.1746990808753873,0.6363636363636364,0.3181818181818182,3.037190082644628,0.5714285714285714,0.5454545454545454,2.727272727272727
within_project,KC2,13,LR_std_C1,LR_std_C1,single_candidate_balanced_threshold,0.641,0.6963575091298168,0.5579609043795388,0.774644030668127,0.4446345583408636,0.5581395348837209,0.7185104052573932,0.5714285714285714,0.5454545454545454,0.17632580336959547,0.6363636363636364,0.3181818181818182,3.037190082644628,0.5714285714285714,0.5454545454545454,2.727272727272727
within_project,KC2,13,DT_leaf5,DT_leaf5,single_candidate_balanced_threshold,0.2885,0.6304995041187782,0.5178052889853706,0.7554764512595838,0.4264736708108159,0.5531914893617021,0.7231653888280394,0.52,0.5909090909090909,0.1489736366204813,0.7272727272727273,0.36363636363636365,3.4710743801652892,0.6190476190476191,0.5909090909090909,2.9545454545454546
within_project,KC2,13,ET_leaf5,ET_leaf5,single_candidate_balanced_threshold,0.706326,0.6912269262098196,0.5843283756940643,0.7634173055859804,0.34880004452273433,0.4444444444444444,0.6456736035049289,0.5714285714285714,0.36363636363636365,0.17134448678947034,0.6363636363636364,0.3181818181818182,3.037190082644628,0.5238095238095238,0.5,2.5
within_project,KC2,13,AQRPE_v2_balanced,LR_std_C1,balanced_objective,0.641,0.6963575091298168,0.5579609043795388,0.774644030668127,0.4446345583408636,0.5581395348837209,0.7185104052573932,0.5714285714285714,0.5454545454545454,0.17632580336959547,0.6363636363636364,0.3181818181818182,3.037190082644628,0.5714285714285714,0.5454545454545454,2.727272727272727
within_project,KC2,13,AQRPE_v2_rank,ET_leaf5,rank_objective_fixed_threshold,0.5,0.6724045375842147,0.5843283756940643,0.7634173055859804,0.45800979924269086,0.5818181818181818,0.7612267250821467,0.48484848484848486,0.7272727272727273,0.17134448678947037,0.6363636363636364,0.3181818181818182,3.037190082644628,0.5238095238095238,0.5,2.5
within_project,KC2,13,AQRPE_v2_mcc,LR_std_C1,mcc_objective,0.641,0.6562571011583682,0.5579609043795388,0.774644030668127,0.4446345583408636,0.5581395348837209,0.7185104052573932,0.5714285714285714,0.5454545454545454,0.17632580336959547,0.6363636363636364,0.3181818181818182,3.037190082644628,0.5714285714285714,0.5454545454545454,2.727272727272727
within_project,KC2,13,AQRPE_v2_soft_top3,LR_std_C1|ET_leaf5|LR_std_C0.1,soft_top3_balanced_objective,0.6645,0.7180013848288277,0.5785630817901637,0.7735487404162104,0.4266689854520564,0.5365853658536586,0.7018072289156627,0.5789473684210527,0.5,0.17246395820639798,0.6363636363636364,0.3181818181818182,3.037190082644628,0.5714285714285714,0.5454545454545454,2.727272727272727
cross_project,KC2,13,LR_std_C0.1,LR_std_C0.1,single_candidate_balanced_threshold,0.547,0.40137754249213575,0.6370226166915345,0.8466726719963968,0.5009068197487426,0.6111111111111112,0.777885373268776,0.5310344827586206,0.719626168224299,0.15921650010056532,0.7358490566037735,0.3644859813084112,3.5898430611885024,0.5904761904761905,0.5794392523364486,2.88064085447263
cross_project,KC2,13,LR_std_C1,LR_std_C1,single_candidate_balanced_threshold,0.532651,0.4026337972498855,0.6385212704336382,0.8516608490034906,0.5063304903296929,0.6131386861313869,0.7925233644859813,0.5029940119760479,0.7850467289719626,0.15880533743365963,0.7358490566037735,0.3644859813084112,3.5898430611885024,0.5904761904761905,0.5794392523364486,2.88064085447263
cross_project,KC2,13,DT_leaf5,DT_leaf5,single_candidate_balanced_threshold,0.142857,0.37616035130137426,0.3326085361028407,0.5591712644972413,0.15808756337120486,0.36363636363636365,0.5914761851142889,0.2976190476190476,0.4672897196261682,0.1924938554814865,0.49056603773584906,0.24299065420560748,2.3932287074590017,0.38095238095238093,0.37383177570093457,1.8584779706275032
cross_project,KC2,13,ET_leaf5,ET_leaf5,single_candidate_balanced_threshold,0.5235,0.44457890065835154,0.6300193129457794,0.8362233982659609,0.46677441522640994,0.5779816513761468,0.7365611980632811,0.5675675675675675,0.5887850467289719,0.14286175131149348,0.7358490566037735,0.3644859813084112,3.5898430611885024,0.5714285714285714,0.5607476635514018,2.7877169559412547
cross_project,KC2,13,AQRPE_v2_balanced,ET_leaf5,balanced_objective,0.5235,0.44457890065835154,0.6300193129457794,0.8362233982659609,0.46677441522640994,0.5779816513761468,0.7365611980632811,0.5675675675675675,0.5887850467289719,0.14286175131149348,0.7358490566037735,0.3644859813084112,3.5898430611885024,0.5714285714285714,0.5607476635514018,2.7877169559412547
cross_project,KC2,13,AQRPE_v2_rank,ET_leaf5,rank_objective_fixed_threshold,0.5,0.4155534689138824,0.6300193129457794,0.8362233982659609,0.467681466063701,0.5836909871244635,0.7478774912735052,0.5396825396825397,0.6355140186915887,0.14286175131149348,0.7358490566037735,0.3644859813084112,3.5898430611885024,0.5714285714285714,0.5607476635514018,2.7877169559412547
cross_project,KC2,13,AQRPE_v2_mcc,ET_leaf5,mcc_objective,0.5235,0.3324810564449651,0.6300193129457794,0.8362233982659609,0.46677441522640994,0.5779816513761468,0.7365611980632811,0.5675675675675675,0.5887850467289719,0.14286175131149348,0.7358490566037735,0.3644859813084112,3.5898430611885024,0.5714285714285714,0.5607476635514018,2.7877169559412547
cross_project,KC2,13,AQRPE_v2_soft_top3,ET_leaf5|LR_std_C1|LR_std_C0.1,soft_top3_balanced_objective,0.5235,0.4186328001141554,0.6426464033986604,0.8517847089291746,0.49867215122015696,0.609375,0.7789438126337125,0.5234899328859061,0.7289719626168224,0.15075996557160423,0.7547169811320755,0.37383177570093457,3.6818903191676955,0.5714285714285714,0.5607476635514018,2.7877169559412547
within_project,PC1,13,LR_std_C0.1,LR_std_C0.1,single_candidate_balanced_threshold,0.4295,0.4035922559680055,0.4317104381804926,0.8822866344605476,0.31942658660502976,0.3058823529411765,0.7956521739130435,0.18571428571428572,0.8666666666666667,0.15684873988349957,0.30434782608695654,0.4666666666666667,4.504347826086956,0.24444444444444444,0.7333333333333333,3.6177777777777775
within_project,PC1,13,LR_std_C1,LR_std_C1,single_candidate_balanced_threshold,0.5235,0.4554887080606503,0.3980809438931036,0.884219001610306,0.3222694345775966,0.3333333333333333,0.770048309178744,0.21568627450980393,0.7333333333333333,0.15540213654359286,0.2608695652173913,0.4,3.8608695652173908,0.24444444444444444,0.7333333333333333,3.6177777777777775
within_project,PC1,13,DT_leaf5,DT_leaf5,single_candidate_balanced_threshold,0.171,0.449254217251143,0.3917684287703263,0.78743961352657,0.3541216117038052,0.37735849056603776,0.7657004830917874,0.2631578947368421,0.6666666666666666,0.058121240840849166,0.34782608695652173,0.5333333333333333,5.147826086956521,0.2222222222222222,0.6666666666666666,3.2888888888888883
within_project,PC1,13,ET_leaf5,ET_leaf5,single_candidate_balanced_threshold,0.594,0.49873443716945376,0.47371801964816834,0.8922705314009661,0.5775006439648345,0.6060606060606061,0.8140096618357489,0.5555555555555556,0.6666666666666666,0.10764154264286534,0.43478260869565216,0.6666666666666666,6.434782608695651,0.28888888888888886,0.8666666666666667,4.275555555555555
within_project,PC1,13,AQRPE_v2_balanced,ET_leaf5,balanced_objective,0.594,0.49873443716945376,0.47371801964816834,0.8922705314009661,0.5775006439648345,0.6060606060606061,0.8140096618357489,0.5555555555555556,0.6666666666666666,0.10764154264286534,0.43478260869565216,0.6666666666666666,6.434782608695651,0.28888888888888886,0.8666666666666667,4.275555555555555
within_project,PC1,13,AQRPE_v2_rank,ET_leaf5,rank_objective_fixed_threshold,0.5,0.4408445981168045,0.47371801964816834,0.8922705314009661,0.44243276035751317,0.4583333333333333,0.8135265700483092,0.3333333333333333,0.7333333333333333,0.10764154264286534,0.43478260869565216,0.6666666666666666,6.434782608695651,0.28888888888888886,0.8666666666666667,4.275555555555555
within_project,PC1,13,AQRPE_v2_mcc,ET_leaf5,mcc_objective,0.594,0.42771845897117794,0.47371801964816834,0.8922705314009661,0.5775006439648345,0.6060606060606061,0.8140096618357489,0.5555555555555556,0.6666666666666666,0.10764154264286534,0.43478260869565216,0.6666666666666666,6.434782608695651,0.28888888888888886,0.8666666666666667,4.275555555555555
within_project,PC1,13,AQRPE_v2_soft_top3,ET_leaf5|LR_std_C1|DT_leaf5,soft_top3_balanced_objective,0.3825,0.4942718752802029,0.5328478109633317,0.9164251207729469,0.41713054018571305,0.43137254901960786,0.806280193236715,0.3055555555555556,0.7333333333333333,0.07874649501512448,0.43478260869565216,0.6666666666666666,6.434782608695651,0.28888888888888886,0.8666666666666667,4.275555555555555
cross_project,PC1,13,LR_std_C0.1,LR_std_C0.1,single_candidate_balanced_threshold,0.547,0.3988790271424717,0.1742716423065619,0.6764509715091112,0.1676502639187597,0.23423423423423423,0.6111761300714789,0.1793103448275862,0.33766233766233766,0.19022898506139943,0.15315315315315314,0.22077922077922077,2.2058032058032055,0.16216216216216217,0.4675324675324675,2.3355563355563356
cross_project,PC1,13,LR_std_C1,LR_std_C1,single_candidate_balanced_threshold,0.594,0.39776910106595764,0.18003431715313992,0.6785777207288834,0.12065775413564546,0.1871345029239766,0.5661054062216853,0.1702127659574468,0.2077922077922078,0.18339413947052904,0.15315315315315314,0.22077922077922077,2.2058032058032055,0.15765765765765766,0.45454545454545453,2.2706797706797706
cross_project,PC1,13,DT_leaf5,DT_leaf5,single_candidate_balanced_threshold,0.2415,0.3665819061321279,0.10111688993551542,0.5819931037954293,0.08185548184592141,0.1651376146788991,0.5672820396657605,0.108,0.35064935064935066,0.1369865849023639,0.15315315315315314,0.22077922077922077,2.2058032058032055,0.0945945945945946,0.2727272727272727,1.3624078624078624
cross_project,PC1,13,ET_leaf5,ET_leaf5,single_candidate_balanced_threshold,0.457572,0.4339218464126327,0.20448509203195656,0.7015063424947146,0.2138166042695668,0.25806451612903225,0.6791251384274639,0.16666666666666666,0.5714285714285714,0.15940529996272082,0.23423423423423423,0.33766233766233766,3.373581373581373,0.17567567567567569,0.5064935064935064,2.53018603018603
cross_project,PC1,13,AQRPE_v2_balanced,ET_leaf5,balanced_objective,0.457572,0.4339218464126327,0.20448509203195656,0.7015063424947146,0.2138166042695668,0.25806451612903225,0.6791251384274639,0.16666666666666666,0.5714285714285714,0.15940529996272082,0.23423423423423423,0.33766233766233766,3.373581373581373,0.17567567567567569,0.5064935064935064,2.53018603018603
cross_project,PC1,13,AQRPE_v2_rank,ET_leaf5,rank_objective_fixed_threshold,0.5,0.40419292983961563,0.20448509203195656,0.7015063424947146,0.2081388177333603,0.26,0.6640994664250478,0.17488789237668162,0.5064935064935064,0.15940529996272082,0.23423423423423423,0.33766233766233766,3.373581373581373,0.17567567567567569,0.5064935064935064,2.53018603018603
cross_project,PC1,13,AQRPE_v2_mcc,ET_leaf5,mcc_objective,0.547,0.31610335129836353,0.20448509203195656,0.7015063424947146,0.22234580337830756,0.2777777777777778,0.6594432699083862,0.2,0.45454545454545453,0.15940529996272082,0.23423423423423423,0.33766233766233766,3.373581373581373,0.17567567567567569,0.5064935064935064,2.53018603018603
cross_project,PC1,13,AQRPE_v2_soft_top3,ET_leaf5|LR_std_C0.1|LR_std_C1,soft_top3_balanced_objective,0.5,0.41917406058296175,0.18713751948010104,0.7052816369676834,0.2090859591857836,0.26334519572953735,0.659348887546562,0.18137254901960784,0.4805194805194805,0.1743412760985955,0.1891891891891892,0.2727272727272727,2.7248157248157248,0.17117117117117117,0.4935064935064935,2.465309465309465
within_project,CM1,29,LR_std_C0.1,LR_std_C0.1,single_candidate_balanced_threshold,0.5235,0.3922487349289292,0.3605920618491776,0.808888888888889,0.26761546505252365,0.34782608695652173,0.65,0.3076923076923077,0.4,0.1354222138168851,0.4,0.4,4.0,0.3,0.6,2.9999999999999996
within_project,CM1,29,LR_std_C1,LR_std_C1,single_candidate_balanced_threshold,0.1945,0.40659828239052487,0.42098586598586596,0.8144444444444444,0.2161175729261621,0.2647058823529412,0.6777777777777778,0.15517241379310345,0.9,0.11534659142621219,0.4,0.4,4.0,0.3,0.6,2.9999999999999996
within_project,CM1,29,DT_leaf5,DT_leaf5,single_candidate_balanced_threshold,0.03,0.41203967029586047,0.2306060606060606,0.5861111111111111,0.11536088808075046,0.2222222222222222,0.5722222222222222,0.17647058823529413,0.3,0.09898995828521871,0.2,0.2,2.0,0.15,0.3,1.4999999999999998
within_project,CM1,29,ET_leaf5,ET_leaf5,single_candidate_balanced_threshold,0.453,0.3297954009290189,0.17982252835269102,0.7166666666666667,0.17268844114653528,0.2702702702702703,0.6277777777777778,0.18518518518518517,0.5,0.15223253364801048,0.1,0.1,1.0,0.2,0.4,2.0
within_project,CM1,29,AQRPE_v2_balanced,DT_leaf5,balanced_objective,0.03,0.41203967029586047,0.2306060606060606,0.5861111111111111,0.11536088808075046,0.2222222222222222,0.5722222222222222,0.17647058823529413,0.3,0.09898995828521871,0.2,0.2,2.0,0.15,0.3,1.4999999999999998
within_project,CM1,29,AQRPE_v2_rank,LR_std_C1,rank_objective_fixed_threshold,0.5,0.32387084112641923,0.42098586598586596,0.8144444444444444,0.4418993202399135,0.5,0.7555555555555555,0.42857142857142855,0.6,0.11534659142621219,0.4,0.4,4.0,0.3,0.6,2.9999999999999996
within_project,CM1,29,AQRPE_v2_mcc,DT_leaf5,mcc_objective,0.03,0.3333333333333333,0.2306060606060606,0.5861111111111111,0.11536088808075046,0.2222222222222222,0.5722222222222222,0.17647058823529413,0.3,0.09898995828521871,0.2,0.2,2.0,0.15,0.3,1.4999999999999998
within_project,CM1,29,AQRPE_v2_soft_top3,DT_leaf5|LR_std_C1|LR_std_C0.1,soft_top3_balanced_objective,0.220929,0.44119548220688454,0.41194124085231165,0.8555555555555555,0.34020690871988585,0.36,0.7777777777777778,0.225,0.9,0.09203297623235963,0.3,0.3,2.9999999999999996,0.4,0.8,4.0
cross_project,CM1,29,LR_std_C0.1,LR_std_C0.1,single_candidate_balanced_threshold,0.5235,0.3981122778908123,0.24862870271420517,0.7492613972092178,0.2112935917136921,0.2857142857142857,0.670810417708286,0.1813186813186813,0.673469387755102,0.24853200564933556,0.28,0.2857142857142857,2.845714285714286,0.24,0.4897959183673469,2.4391836734693877
cross_project,CM1,29,LR_std_C1,LR_std_C1,single_candidate_balanced_threshold,0.510717,0.39648544515250206,0.24916717206616912,0.7596245625198855,0.216850074326758,0.28346456692913385,0.6791509476841961,0.17560975609756097,0.7346938775510204,0.25623517395464196,0.28,0.2857142857142857,2.845714285714286,0.24,0.4897959183673469,2.4391836734693877
cross_project,CM1,29,DT_leaf5,DT_leaf5,single_candidate_balanced_threshold,0.218,0.3589541703996345,0.18275012166678742,0.6656970137721014,0.14935710160414598,0.2459016393442623,0.6223808008726877,0.15384615384615385,0.6122448979591837,0.15325509406795867,0.26,0.2653061224489796,2.642448979591837,0.23,0.46938775510204084,2.337551020408163
cross_project,CM1,29,ET_leaf5,ET_leaf5,single_candidate_balanced_threshold,0.5235,0.41887482360451156,0.2611118219312818,0.7719876369255942,0.27738320490769564,0.35374149659863946,0.6851279487296031,0.2653061224489796,0.5306122448979592,0.1753286796675516,0.28,0.2857142857142857,2.845714285714286,0.26,0.5306122448979592,2.642448979591837
cross_project,CM1,29,AQRPE_v2_balanced,ET_leaf5,balanced_objective,0.5235,0.41887482360451156,0.2611118219312818,0.7719876369255942,0.27738320490769564,0.35374149659863946,0.6851279487296031,0.2653061224489796,0.5306122448979592,0.1753286796675516,0.28,0.2857142857142857,2.845714285714286,0.26,0.5306122448979592,2.642448979591837
cross_project,CM1,29,AQRPE_v2_rank,ET_leaf5,rank_objective_fixed_threshold,0.5,0.390332740784181,0.2611118219312818,0.7719876369255942,0.24412967906916982,0.3218390804597701,0.6776964683423481,0.224,0.5714285714285714,0.1753286796675516,0.28,0.2857142857142857,2.845714285714286,0.26,0.5306122448979592,2.642448979591837
cross_project,CM1,29,AQRPE_v2_mcc,ET_leaf5,mcc_objective,0.600301,0.31089720442599145,0.2611118219312818,0.7719876369255942,0.2199126562702904,0.28888888888888886,0.6014726603336212,0.3170731707317073,0.2653061224489796,0.1753286796675516,0.28,0.2857142857142857,2.845714285714286,0.26,0.5306122448979592,2.642448979591837
cross_project,CM1,29,AQRPE_v2_soft_top3,ET_leaf5|LR_std_C0.1|LR_std_C1,soft_top3_balanced_objective,0.547,0.40956801024429,0.2585256717314668,0.7700331803099859,0.27331769251598537,0.3386243386243386,0.7062633516658334,0.22857142857142856,0.6530612244897959,0.22184715443011466,0.24,0.24489795918367346,2.4391836734693877,0.25,0.5102040816326531,2.5408163265306123
within_project,JM1,29,LR_std_C0.1,LR_std_C0.1,single_candidate_balanced_threshold,0.554378,0.4097030468400865,0.34113961334407167,0.6958191564486103,0.2529457881285452,0.38571428571428573,0.6411322248614411,0.33810375670840787,0.4489311163895487,0.20946628045454876,0.41132075471698115,0.2589073634204275,2.580280553937167,0.3440453686200378,0.4323040380047506,2.158251350416912
within_project,JM1,29,LR_std_C1,LR_std_C1,single_candidate_balanced_threshold,0.5705,0.41433138230761374,0.34218627927371364,0.6968559414521409,0.256206448229967,0.3860759493670886,0.6398621899809549,0.34724857685009486,0.4346793349168646,0.20868858433013562,0.4075471698113208,0.25653206650831356,2.556608255277193,0.34782608695652173,0.43705463182897863,2.181968398223691
within_project,JM1,29,DT_leaf5,DT_leaf5,single_candidate_balanced_threshold,0.265,0.3498382995498935,0.28447365102799366,0.6397787336029617,0.2157041091223078,0.35728542914171657,0.6220485330936637,0.3080895008605852,0.4251781472684085,0.1550355590702619,0.4075471698113208,0.25653206650831356,2.556608255277193,0.32136105860113423,0.40380047505938244,2.0159490635762363
within_project,JM1,29,ET_leaf5,ET_leaf5,single_candidate_balanced_threshold,0.48936,0.4300283087454443,0.377921537746549,0.74441751727975,0.27156437585993803,0.4060017652250662,0.6646005863345531,0.32303370786516855,0.5463182897862233,0.16953184444488545,0.4528301886792453,0.2850356294536817,2.840675839196881,0.3553875236294896,0.44655581947743467,2.2294024938372496
within_project,JM1,29,AQRPE_v2_balanced,ET_leaf5,balanced_objective,0.48936,0.4300283087454443,0.377921537746549,0.74441751727975,0.27156437585993803,0.4060017652250662,0.6646005863345531,0.32303370786516855,0.5463182897862233,0.16953184444488545,0.4528301886792453,0.2850356294536817,2.840675839196881,0.3553875236294896,0.44655581947743467,2.2294024938372496
within_project,JM1,29,AQRPE_v2_rank,ET_leaf5,rank_objective_fixed_threshold,0.5,0.39913854672934046,0.377921537746549,0.74441751727975,0.27246213502534866,0.40616500453309157,0.6628801010036165,0.3284457478005865,0.5320665083135392,0.16953184444488545,0.4528301886792453,0.2850356294536817,2.840675839196881,0.3553875236294896,0.44655581947743467,2.2294024938372496
within_project,JM1,29,AQRPE_v2_mcc,ET_leaf5,mcc_objective,0.594,0.32399768693291664,0.377921537746549,0.74441751727975,0.26379976361235985,0.36883116883116884,0.6220244591384734,0.4068767908309456,0.33729216152019004,0.16953184444488545,0.4528301886792453,0.2850356294536817,2.840675839196881,0.3553875236294896,0.44655581947743467,2.2294024938372496
within_project,JM1,29,AQRPE_v2_soft_top3,ET_leaf5|LR_std_C1|LR_std_C0.1,soft_top3_balanced_objective,0.547,0.4253292402391509,0.36279756474498276,0.7260335751428387,0.2675118430091342,0.39669421487603307,0.6480735486079904,0.3510054844606947,0.45605700712589076,0.19181196839215128,0.4226415094339623,0.2660332541567696,2.651297449917089,0.3591682419659735,0.4513064133016627,2.2531195416440286
cross_project,JM1,29,LR_std_C0.1,LR_std_C0.1,single_candidate_balanced_threshold,0.641,0.4282116325056627,0.32940705736652437,0.694846968373174,0.24576555012910842,0.38064516129032255,0.638277865668029,0.3304165208260413,0.4488825487398954,0.24025232234617822,0.39894019682059045,0.25059438896814074,2.504805686552105,0.3415372964786066,0.42891107941036616,2.1443929922508422
cross_project,JM1,29,LR_std_C1,LR_std_C1,single_candidate_balanced_threshold,0.547,0.434831530006377,0.3316805198378155,0.6996715798823434,0.2314763839362828,0.37766281192939744,0.6496623767856995,0.27769075855896175,0.5901093675701379,0.24606537422380884,0.40348221044663135,0.25344745601521634,2.533323398353457,0.34948882998864067,0.43889681407513076,2.194317884531627
cross_project,JM1,29,DT_leaf5,DT_leaf5,single_candidate_balanced_threshold,0.1005,0.3572783025541957,0.20056718738529622,0.5665678592055148,0.08298375762471494,0.27963272120200333,0.5551771370149404,0.1976401179941003,0.47788873038516405,0.21492246820545488,0.2717638152914459,0.17070851165002376,1.7063097561142424,0.23968193865959864,0.30099857346647646,1.504878895892221
cross_project,JM1,29,ET_leaf5,ET_leaf5,single_candidate_balanced_threshold,0.641,0.46249978484431864,0.29626764328784316,0.6581053237761627,0.20360524480039557,0.3156233561283535,0.593153307312793,0.3531489111241907,0.28530670470756064,0.20010261330962867,0.37471612414837246,0.23537803138373753,2.3527112236115597,0.3070806512684589,0.3856395625297194,1.9280517923674425
cross_project,JM1,29,AQRPE_v2_balanced,ET_leaf5,balanced_objective,0.641,0.46249978484431864,0.29626764328784316,0.6581053237761627,0.20360524480039557,0.3156233561283535,0.593153307312793,0.3531489111241907,0.28530670470756064,0.20010261330962867,0.37471612414837246,0.23537803138373753,2.3527112236115597,0.3070806512684589,0.3856395625297194,1.9280517923674425
cross_project,JM1,29,AQRPE_v2_rank,ET_leaf5,rank_objective_fixed_threshold,0.5,0.4312198291068041,0.29626764328784316,0.6581053237761627,0.17653039925880618,0.33870715291907966,0.6129402221071103,0.25244983667755483,0.5145030908226343,0.20010261330962867,0.37471612414837246,0.23537803138373753,2.3527112236115597,0.3070806512684589,0.3856395625297194,1.9280517923674425
cross_project,JM1,29,AQRPE_v2_mcc,ET_leaf5,mcc_objective,0.6645,0.3853199404124348,0.29626764328784316,0.6581053237761627,0.19680074930517055,0.2956867196367764,0.5833337723919352,0.366643209007741,0.24774132192106516,0.20010261330962867,0.37471612414837246,0.23537803138373753,2.3527112236115597,0.3070806512684589,0.3856395625297194,1.9280517923674425
cross_project,JM1,29,AQRPE_v2_soft_top3,ET_leaf5|LR_std_C1|LR_std_C0.1,soft_top3_balanced_objective,0.415386,0.4380339816989353,0.32382149081796735,0.696173846302846,0.19477757146182903,0.3484814896918643,0.6329176240821373,0.22720046249458015,0.7475035663338089,0.2226808058823183,0.3890991672975019,0.24441274369947694,2.4430173109825084,0.3373722074971602,0.42368045649072755,2.118241858199003
within_project,KC1,29,LR_std_C0.1,LR_std_C0.1,single_candidate_balanced_threshold,0.574207,0.38819804997310003,0.46558837089556687,0.7946347769877182,0.34979956035171117,0.4606741573033708,0.7145442792501616,0.36283185840707965,0.6307692307692307,0.17829170495464677,0.5348837209302325,0.35384615384615387,3.472629695885509,0.38823529411764707,0.5076923076923077,2.5205429864253395
within_project,KC1,29,LR_std_C1,LR_std_C1,single_candidate_balanced_threshold,0.265,0.38904469123513896,0.450034711101579,0.7925231631113984,0.32394660858410657,0.4067796610169492,0.7234432234432235,0.2608695652173913,0.9230769230769231,0.17670726714267473,0.5348837209302325,0.35384615384615387,3.472629695885509,0.4,0.5230769230769231,2.596923076923077
within_project,KC1,29,DT_leaf5,DT_leaf5,single_candidate_balanced_threshold,0.124,0.3564778931905106,0.3221561062345044,0.6723120017237665,0.26662107007878155,0.39779005524861877,0.6648782589959061,0.3103448275862069,0.5538461538461539,0.14673366477540714,0.5116279069767442,0.3384615384615385,3.321645796064401,0.3411764705882353,0.4461538461538462,2.215022624434389
within_project,KC1,29,ET_leaf5,ET_leaf5,single_candidate_balanced_threshold,0.5,0.42509822871460407,0.5013986912453644,0.816677440206852,0.35054966400120013,0.45989304812834225,0.7201249730661495,0.3524590163934426,0.6615384615384615,0.15264316954394588,0.5813953488372093,0.38461538461538464,3.774597495527728,0.4470588235294118,0.5846153846153846,2.9024434389140272
within_project,KC1,29,AQRPE_v2_balanced,ET_leaf5,balanced_objective,0.5,0.42509822871460407,0.5013986912453644,0.816677440206852,0.35054966400120013,0.45989304812834225,0.7201249730661495,0.3524590163934426,0.6615384615384615,0.15264316954394588,0.5813953488372093,0.38461538461538464,3.774597495527728,0.4470588235294118,0.5846153846153846,2.9024434389140272
within_project,KC1,29,AQRPE_v2_rank,ET_leaf5,rank_objective_fixed_threshold,0.5,0.3830935654543427,0.5013986912453644,0.816677440206852,0.35054966400120013,0.45989304812834225,0.7201249730661495,0.3524590163934426,0.6615384615384615,0.15264316954394588,0.5813953488372093,0.38461538461538464,3.774597495527728,0.4470588235294118,0.5846153846153846,2.9024434389140272
within_project,KC1,29,AQRPE_v2_mcc,ET_leaf5,mcc_objective,0.5,0.3068322010486273,0.5013986912453644,0.816677440206852,0.35054966400120013,0.45989304812834225,0.7201249730661495,0.3524590163934426,0.6615384615384615,0.15264316954394588,0.5813953488372093,0.38461538461538464,3.774597495527728,0.4470588235294118,0.5846153846153846,2.9024434389140272
within_project,KC1,29,AQRPE_v2_soft_top3,ET_leaf5|LR_std_C1|LR_std_C0.1,soft_top3_balanced_objective,0.394295,0.40887686350301056,0.48648552831349784,0.805192846369317,0.3219740241680631,0.42231075697211157,0.7214177978883861,0.2849462365591398,0.8153846153846154,0.16600598233659433,0.5348837209302325,0.35384615384615387,3.472629695885509,0.4,0.5230769230769231,2.596923076923077
cross_project,KC1,29,LR_std_C0.1,LR_std_C0.1,single_candidate_balanced_threshold,0.5,0.39388564566524986,0.39143109634403156,0.7816090273166132,0.30121246654969536,0.4164305949008499,0.6601208069394314,0.3868421052631579,0.450920245398773,0.1540233332307359,0.45023696682464454,0.29141104294478526,2.9127293344575933,0.3767772511848341,0.48773006134969327,2.437494548309249
cross_project,KC1,29,LR_std_C1,LR_std_C1,single_candidate_balanced_threshold,0.495698,0.3916362037376837,0.3920382512546283,0.7831831991989788,0.31100124377069455,0.426812585499316,0.6694376679546776,0.3851851851851852,0.4785276073619632,0.15338568862961333,0.43601895734597157,0.2822085889570552,2.820748408106301,0.3791469194312796,0.49079754601226994,2.4528247027011307
cross_project,KC1,29,DT_leaf5,DT_leaf5,single_candidate_balanced_threshold,0.218,0.3733371149766193,0.24649255342780518,0.611059116605707,0.19542355214449836,0.3265895953757225,0.6023650427176916,0.3087431693989071,0.34662576687116564,0.16009928542361573,0.3412322274881517,0.22085889570552147,2.207542232431018,0.3033175355450237,0.39263803680981596,1.962259762160905
cross_project,KC1,29,ET_leaf5,ET_leaf5,single_candidate_balanced_threshold,0.494627,0.4357566676447671,0.34970726912603006,0.749127753940591,0.28246614825511507,0.3951734539969834,0.6431524383320315,0.3887240356083086,0.401840490797546,0.13862814439224133,0.44075829383886256,0.2852760736196319,2.851408716890065,0.3412322274881517,0.44171779141104295,2.207542232431018
cross_project,KC1,29,AQRPE_v2_balanced,ET_leaf5,balanced_objective,0.494627,0.4357566676447671,0.34970726912603006,0.749127753940591,0.28246614825511507,0.3951734539969834,0.6431524383320315,0.3887240356083086,0.401840490797546,0.13862814439224133,0.44075829383886256,0.2852760736196319,2.851408716890065,0.3412322274881517,0.44171779141104295,2.207542232431018
cross_project,KC1,29,AQRPE_v2_rank,ET_leaf5,rank_objective_fixed_threshold,0.5,0.39490056521603645,0.34970726912603006,0.749127753940591,0.280677074360835,0.39203675344563554,0.6405141950734442,0.39143730886850153,0.39263803680981596,0.13862814439224133,0.44075829383886256,0.2852760736196319,2.851408716890065,0.3412322274881517,0.44171779141104295,2.207542232431018
cross_project,KC1,29,AQRPE_v2_mcc,ET_leaf5,mcc_objective,0.494627,0.32111370639934517,0.34970726912603006,0.749127753940591,0.28246614825511507,0.3951734539969834,0.6431524383320315,0.3887240356083086,0.401840490797546,0.13862814439224133,0.44075829383886256,0.2852760736196319,2.851408716890065,0.3412322274881517,0.44171779141104295,2.207542232431018
cross_project,KC1,29,AQRPE_v2_soft_top3,ET_leaf5|LR_std_C0.1|LR_std_C1,soft_top3_balanced_objective,0.437727,0.41376088515738807,0.38681890162184335,0.779243468476993,0.29187422431993404,0.41475826972010177,0.6667134043746494,0.35434782608695653,0.5,0.14609346271692783,0.44549763033175355,0.2883435582822086,2.882069025673829,0.3696682464454976,0.4785276073619632,2.3915040851336027
within_project,KC2,29,LR_std_C0.1,LR_std_C0.1,single_candidate_balanced_threshold,0.8525,0.5182699133003649,0.6977945007560589,0.8168127053669223,0.5504600653155819,0.5625,0.6985213581599123,0.9,0.4090909090909091,0.14124058550355043,0.8181818181818182,0.4090909090909091,3.9049586776859506,0.5714285714285714,0.5454545454545454,2.727272727272727
within_project,KC2,29,LR_std_C1,LR_std_C1,single_candidate_balanced_threshold,0.628072,0.5119755715198067,0.6413809986014251,0.7653340635268345,0.38851927009658077,0.5217391304347826,0.7004381161007667,0.5,0.5454545454545454,0.15970995069779798,0.9090909090909091,0.45454545454545453,4.338842975206611,0.47619047619047616,0.45454545454545453,2.2727272727272725
within_project,KC2,29,DT_leaf5,DT_leaf5,single_candidate_balanced_threshold,0.4295,0.6012216544735673,0.4501831904735716,0.7111171960569551,0.3276254640406363,0.46511627906976744,0.6610076670317634,0.47619047619047616,0.45454545454545453,0.17274891030243067,0.5454545454545454,0.2727272727272727,2.6033057851239665,0.47619047619047616,0.45454545454545453,2.2727272727272725
within_project,KC2,29,ET_leaf5,ET_leaf5,single_candidate_balanced_threshold,0.829,0.5470857099654695,0.6917882950766604,0.8028477546549835,0.46960267341894124,0.4666666666666667,0.6530668127053669,0.875,0.3181818181818182,0.14503905457734476,0.9090909090909091,0.45454545454545453,4.338842975206611,0.5714285714285714,0.5454545454545454,2.727272727272727
within_project,KC2,29,AQRPE_v2_balanced,DT_leaf5,balanced_objective,0.4295,0.6012216544735673,0.4501831904735716,0.7111171960569551,0.3276254640406363,0.46511627906976744,0.6610076670317634,0.47619047619047616,0.45454545454545453,0.17274891030243067,0.5454545454545454,0.2727272727272727,2.6033057851239665,0.47619047619047616,0.45454545454545453,2.2727272727272725
within_project,KC2,29,AQRPE_v2_rank,ET_leaf5,rank_objective_fixed_threshold,0.5,0.5340700406180438,0.6917882950766604,0.8028477546549835,0.5084196828071379,0.6181818181818182,0.7899780941949617,0.5151515151515151,0.7727272727272727,0.14503905457734476,0.9090909090909091,0.45454545454545453,4.338842975206611,0.5714285714285714,0.5454545454545454,2.727272727272727
within_project,KC2,29,AQRPE_v2_mcc,DT_leaf5,mcc_objective,0.4295,0.5411242763937422,0.4501831904735716,0.7111171960569551,0.3276254640406363,0.46511627906976744,0.6610076670317634,0.47619047619047616,0.45454545454545453,0.17274891030243067,0.5454545454545454,0.2727272727272727,2.6033057851239665,0.47619047619047616,0.45454545454545453,2.2727272727272725
within_project,KC2,29,AQRPE_v2_soft_top3,DT_leaf5|ET_leaf5|LR_std_C0.1,soft_top3_balanced_objective,0.7585,0.5955762932561512,0.6205006333914184,0.8009309967141294,0.41764215857327397,0.5,0.6744249726177437,0.6428571428571429,0.4090909090909091,0.13828799650193196,0.6363636363636364,0.3181818181818182,3.037190082644628,0.5714285714285714,0.5454545454545454,2.727272727272727
cross_project,KC2,29,LR_std_C0.1,LR_std_C0.1,single_candidate_balanced_threshold,0.5235,0.3825113079448164,0.6409426807153455,0.8486319108208535,0.5180385770165467,0.6222222222222222,0.797342641594415,0.5153374233128835,0.7850467289719626,0.1607545878354543,0.7358490566037735,0.3644859813084112,3.5898430611885024,0.6095238095238096,0.5981308411214953,2.9735647530040055
cross_project,KC2,29,LR_std_C1,LR_std_C1,single_candidate_balanced_threshold,0.50751,0.3827757553311167,0.6422149986168114,0.8536763877941673,0.5123125383215971,0.6164874551971327,0.7982547010471794,0.5,0.8037383177570093,0.1602714157521754,0.7358490566037735,0.3644859813084112,3.5898430611885024,0.6190476190476191,0.6074766355140186,3.0200267022696927
cross_project,KC2,29,DT_leaf5,DT_leaf5,single_candidate_balanced_threshold,0.406,0.3425507296759128,0.31976640985672844,0.5614120031527982,0.17686619781788857,0.31521739130434784,0.5776826933903839,0.37662337662337664,0.27102803738317754,0.18885260283392222,0.4528301886792453,0.22429906542056074,2.2091341915006173,0.3523809523809524,0.34579439252336447,1.7190921228304405
cross_project,KC2,29,ET_leaf5,ET_leaf5,single_candidate_balanced_threshold,0.5,0.4255267563539271,0.6241613434605872,0.8487219907668055,0.4866961008403093,0.5991561181434599,0.7606913635851819,0.5461538461538461,0.6635514018691588,0.1397490480742018,0.6792452830188679,0.3364485981308411,3.3137012872509253,0.580952380952381,0.5700934579439252,2.834178905206943
cross_project,KC2,29,AQRPE_v2_balanced,ET_leaf5,balanced_objective,0.5,0.4255267563539271,0.6241613434605872,0.8487219907668055,0.4866961008403093,0.5991561181434599,0.7606913635851819,0.5461538461538461,0.6635514018691588,0.1397490480742018,0.6792452830188679,0.3364485981308411,3.3137012872509253,0.580952380952381,0.5700934579439252,2.834178905206943
cross_project,KC2,29,AQRPE_v2_rank,ET_leaf5,rank_objective_fixed_threshold,0.5,0.38328979515845807,0.6241613434605872,0.8487219907668055,0.4866961008403093,0.5991561181434599,0.7606913635851819,0.5461538461538461,0.6635514018691588,0.13974904807420177,0.6792452830188679,0.3364485981308411,3.3137012872509253,0.580952380952381,0.5700934579439252,2.834178905206943
cross_project,KC2,29,AQRPE_v2_mcc,ET_leaf5,mcc_objective,0.5705,0.31220135199674526,0.6241613434605872,0.8487219907668055,0.49873164202810466,0.5876288659793815,0.7302105618736628,0.6551724137931034,0.5327102803738317,0.1397490480742018,0.6792452830188679,0.3364485981308411,3.3137012872509253,0.580952380952381,0.5700934579439252,2.834178905206943
cross_project,KC2,29,AQRPE_v2_soft_top3,ET_leaf5|LR_std_C1|LR_std_C0.1,soft_top3_balanced_objective,0.460602,0.4074939860971621,0.6406845000080396,0.8570769057538565,0.48224526556897146,0.593103448275862,0.7850016889989866,0.46994535519125685,0.8037383177570093,0.15092886428558228,0.7169811320754716,0.35514018691588783,3.49779580320931,0.5904761904761905,0.5794392523364486,2.88064085447263
within_project,PC1,29,LR_std_C0.1,LR_std_C0.1,single_candidate_balanced_threshold,0.735,0.4402123292352339,0.23422625610261003,0.8624798711755234,0.15164858246126126,0.20689655172413793,0.5734299516908212,0.21428571428571427,0.2,0.172415211249168,0.21739130434782608,0.3333333333333333,3.2173913043478257,0.24444444444444444,0.7333333333333333,3.6177777777777775
within_project,PC1,29,LR_std_C1,LR_std_C1,single_candidate_balanced_threshold,0.5,0.41027941858319666,0.2741436171682185,0.8711755233494364,0.39115152352019716,0.37681159420289856,0.8342995169082126,0.24074074074074073,0.8666666666666667,0.158503821787438,0.21739130434782608,0.3333333333333333,3.2173913043478257,0.28888888888888886,0.8666666666666667,4.275555555555555
within_project,PC1,29,DT_leaf5,DT_leaf5,single_candidate_balanced_threshold,0.03,0.4284061912046931,0.2546195546195546,0.721256038647343,0.2775055555797394,0.32,0.7014492753623188,0.22857142857142856,0.5333333333333333,0.06489427392903963,0.34782608695652173,0.5333333333333333,5.147826086956521,0.2,0.6,2.96
within_project,PC1,29,ET_leaf5,ET_leaf5,single_candidate_balanced_threshold,0.5,0.4968547872494469,0.47382749524551915,0.8631239935587762,0.2913789758408464,0.34285714285714286,0.6661835748792271,0.3,0.4,0.10174100925207988,0.30434782608695654,0.4666666666666667,4.504347826086956,0.24444444444444444,0.7333333333333333,3.6177777777777775
within_project,PC1,29,AQRPE_v2_balanced,ET_leaf5,balanced_objective,0.5,0.4968547872494469,0.47382749524551915,0.8631239935587762,0.2913789758408464,0.34285714285714286,0.6661835748792271,0.3,0.4,0.10174100925207988,0.30434782608695654,0.4666666666666667,4.504347826086956,0.24444444444444444,0.7333333333333333,3.6177777777777775
within_project,PC1,29,AQRPE_v2_rank,ET_leaf5,rank_objective_fixed_threshold,0.5,0.431688323619832,0.47382749524551915,0.8631239935587762,0.2913789758408464,0.34285714285714286,0.6661835748792271,0.3,0.4,0.10174100925207986,0.30434782608695654,0.4666666666666667,4.504347826086956,0.24444444444444444,0.7333333333333333,3.6177777777777775
within_project,PC1,29,AQRPE_v2_mcc,ET_leaf5,mcc_objective,0.5,0.42771845897117794,0.47382749524551915,0.8631239935587762,0.2913789758408464,0.34285714285714286,0.6661835748792271,0.3,0.4,0.10174100925207988,0.30434782608695654,0.4666666666666667,4.504347826086956,0.24444444444444444,0.7333333333333333,3.6177777777777775
within_project,PC1,29,AQRPE_v2_soft_top3,ET_leaf5|LR_std_C0.1|DT_leaf5,soft_top3_balanced_objective,0.4295,0.4961958625947824,0.4087538418628932,0.8982286634460547,0.4264271808126127,0.46153846153846156,0.763768115942029,0.375,0.6,0.08448255588235913,0.34782608695652173,0.5333333333333333,5.147826086956521,0.26666666666666666,0.8,3.9466666666666663
cross_project,PC1,29,LR_std_C0.1,LR_std_C0.1,single_candidate_balanced_threshold,0.5235,0.3962693796912329,0.1814953044868612,0.6785777207288836,0.168260141784367,0.23430962343096234,0.6168957011980267,0.1728395061728395,0.36363636363636365,0.18620040232700735,0.17117117117117117,0.24675324675324675,2.465309465309465,0.16666666666666666,0.4805194805194805,2.4004329004329
cross_project,PC1,29,LR_std_C1,LR_std_C1,single_candidate_balanced_threshold,0.524874,0.39999864931883333,0.16517936456438373,0.6721723044397463,0.1571276456219741,0.22522522522522523,0.6041981274539414,0.1724137931034483,0.3246753246753247,0.17850126952826653,0.17117117117117117,0.24675324675324675,2.465309465309465,0.14864864864864866,0.42857142857142855,2.140926640926641
cross_project,PC1,29,DT_leaf5,DT_leaf5,single_candidate_balanced_threshold,0.2885,0.3493480802432028,0.10317984107872642,0.5635759589247961,0.07585420846407302,0.16058394160583941,0.5684523809523809,0.09880239520958084,0.42857142857142855,0.14033410351373712,0.17117117117117117,0.24675324675324675,2.465309465309465,0.12612612612612611,0.36363636363636365,1.8165438165438161
cross_project,PC1,29,ET_leaf5,ET_leaf5,single_candidate_balanced_threshold,0.528432,0.4350659579323745,0.21751260770690903,0.702789942615524,0.19326065561378838,0.24915824915824916,0.6515969495620658,0.16818181818181818,0.4805194805194805,0.1749379427500342,0.22522522522522523,0.3246753246753247,3.2438282438282435,0.16666666666666666,0.4805194805194805,2.4004329004329
cross_project,PC1,29,AQRPE_v2_balanced,ET_leaf5,balanced_objective,0.528432,0.4350659579323745,0.21751260770690903,0.702789942615524,0.19326065561378838,0.24915824915824916,0.6515969495620658,0.16818181818181818,0.4805194805194805,0.1749379427500342,0.22522522522522523,0.3246753246753247,3.2438282438282435,0.16666666666666666,0.4805194805194805,2.4004329004329
cross_project,PC1,29,AQRPE_v2_rank,ET_leaf5,rank_objective_fixed_threshold,0.5,0.3940647341808188,0.21751260770690903,0.702789942615524,0.20655649576711485,0.2545454545454545,0.67049859055673,0.16600790513833993,0.5454545454545454,0.1749379427500342,0.22522522522522523,0.3246753246753247,3.2438282438282435,0.16666666666666666,0.4805194805194805,2.4004329004329
cross_project,PC1,29,AQRPE_v2_mcc,ET_leaf5,mcc_objective,0.5705,0.32340569208836495,0.21751260770690903,0.702789942615524,0.19072416338407708,0.25316455696202533,0.6318206986811639,0.1875,0.38961038961038963,0.1749379427500342,0.22522522522522523,0.3246753246753247,3.2438282438282435,0.16666666666666666,0.4805194805194805,2.4004329004329
cross_project,PC1,29,AQRPE_v2_soft_top3,ET_leaf5|LR_std_C1|LR_std_C0.1,soft_top3_balanced_objective,0.52363,0.4183538661863364,0.1984152306572441,0.702789942615524,0.1747736425484857,0.23904382470119523,0.6250377529447297,0.1724137931034483,0.38961038961038963,0.17721361355101167,0.18018018018018017,0.2597402597402597,2.5950625950625947,0.16666666666666666,0.4805194805194805,2.4004329004329
within_project,CM1,42,LR_std_C0.1,LR_std_C0.1,single_candidate_balanced_threshold,0.492559,0.41072601936556863,0.18118231481162517,0.6022222222222222,0.10639084227042907,0.2222222222222222,0.5777777777777777,0.15384615384615385,0.4,0.19430615035625765,0.1,0.1,1.0,0.15,0.3,1.4999999999999998
within_project,CM1,42,LR_std_C1,LR_std_C1,single_candidate_balanced_threshold,0.4295,0.45152733511332394,0.154863213841542,0.6133333333333333,0.08908708063747481,0.21052631578947367,0.5666666666666667,0.14285714285714285,0.4,0.1968634273730143,0.1,0.1,1.0,0.2,0.4,2.0
within_project,CM1,42,DT_leaf5,DT_leaf5,single_candidate_balanced_threshold,0.171,0.31267408389932105,0.1188888888888889,0.47500000000000003,-0.05255735165329335,0.10810810810810811,0.46111111111111114,0.07407407407407407,0.2,0.17244854259411213,0.2,0.2,2.0,0.1,0.2,1.0
within_project,CM1,42,ET_leaf5,ET_leaf5,single_candidate_balanced_threshold,0.359,0.40910132282044037,0.11845404423044174,0.48777777777777775,-0.09401267913629437,0.1111111111111111,0.42222222222222217,0.06818181818181818,0.3,0.2090102538044893,0.1,0.1,1.0,0.1,0.2,1.0
within_project,CM1,42,AQRPE_v2_balanced,LR_std_C1,balanced_objective,0.4295,0.45152733511332394,0.154863213841542,0.6133333333333333,0.08908708063747481,0.21052631578947367,0.5666666666666667,0.14285714285714285,0.4,0.1968634273730143,0.1,0.1,1.0,0.2,0.4,2.0
within_project,CM1,42,AQRPE_v2_rank,LR_std_C1,rank_objective_fixed_threshold,0.5,0.322912952836637,0.154863213841542,0.6133333333333333,0.14484136487558028,0.25,0.6000000000000001,0.18181818181818182,0.4,0.1968634273730143,0.1,0.1,1.0,0.2,0.4,2.0
within_project,CM1,42,AQRPE_v2_mcc,LR_std_C1,mcc_objective,0.4295,0.374645696313071,0.154863213841542,0.6133333333333333,0.08908708063747481,0.21052631578947367,0.5666666666666667,0.14285714285714285,0.4,0.1968634273730143,0.1,0.1,1.0,0.2,0.4,2.0
within_project,CM1,42,AQRPE_v2_soft_top3,LR_std_C1|LR_std_C0.1|ET_leaf5,soft_top3_balanced_objective,0.498515,0.4107047647467018,0.16854359595765056,0.5633333333333334,0.09760651021325908,0.21621621621621623,0.5722222222222222,0.14814814814814814,0.4,0.19356926891037887,0.1,0.1,1.0,0.15,0.3,1.4999999999999998
cross_project,CM1,42,LR_std_C0.1,LR_std_C0.1,single_candidate_balanced_threshold,0.547,0.4084587095014137,0.23951611985357127,0.7374437525567021,0.2645028406784592,0.3333333333333333,0.6982864415253852,0.22627737226277372,0.6326530612244898,0.23429375014299691,0.26,0.2653061224489796,2.642448979591837,0.26,0.5306122448979592,2.642448979591837
cross_project,CM1,42,LR_std_C1,LR_std_C1,single_candidate_balanced_threshold,0.5235,0.41100141538769847,0.2446303876345381,0.7486250624971591,0.20645685769776065,0.28205128205128205,0.6674696604699786,0.1783783783783784,0.673469387755102,0.24156180190949708,0.24,0.24489795918367346,2.4391836734693877,0.25,0.5102040816326531,2.5408163265306123
cross_project,CM1,42,DT_leaf5,DT_leaf5,single_candidate_balanced_threshold,0.171,0.36398184672138323,0.10119206460282418,0.5126585155220217,0.025355874583486815,0.176056338028169,0.521249034134812,0.10638297872340426,0.5102040816326531,0.19441841949374625,0.06,0.061224489795918366,0.6097959183673469,0.1,0.20408163265306123,1.0163265306122449
cross_project,CM1,42,ET_leaf5,ET_leaf5,single_candidate_balanced_threshold,0.4765,0.441233807397903,0.2830107560885345,0.7773964819780919,0.22645187304328618,0.30857142857142855,0.66526521521749,0.21428571428571427,0.5510204081632653,0.17115783603875614,0.36,0.3673469387755102,3.6587755102040815,0.27,0.5510204081632653,2.7440816326530615
cross_project,CM1,42,AQRPE_v2_balanced,ET_leaf5,balanced_objective,0.4765,0.441233807397903,0.2830107560885345,0.7773964819780919,0.22645187304328618,0.30857142857142855,0.66526521521749,0.21428571428571427,0.5510204081632653,0.17115783603875614,0.36,0.3673469387755102,3.6587755102040815,0.27,0.5510204081632653,2.7440816326530615
cross_project,CM1,42,AQRPE_v2_rank,ET_leaf5,rank_objective_fixed_threshold,0.5,0.39509794399252934,0.2830107560885345,0.7773964819780919,0.2580358572006866,0.33540372670807456,0.6808554156629244,0.24107142857142858,0.5510204081632653,0.17115783603875614,0.36,0.3673469387755102,3.6587755102040815,0.27,0.5510204081632653,2.7440816326530615
cross_project,CM1,42,AQRPE_v2_mcc,ET_leaf5,mcc_objective,0.589,0.33486154903428006,0.2830107560885345,0.7773964819780919,0.30841508578244836,0.38181818181818183,0.6697422844416163,0.3442622950819672,0.42857142857142855,0.17115783603875614,0.36,0.3673469387755102,3.6587755102040815,0.27,0.5510204081632653,2.7440816326530615
cross_project,CM1,42,AQRPE_v2_soft_top3,ET_leaf5|LR_std_C1|LR_std_C0.1,soft_top3_balanced_objective,0.538691,0.42856546674631935,0.25113602078841435,0.7673969365028863,0.29077627588837174,0.3563218390804598,0.7116494704786147,0.248,0.6326530612244898,0.21140590089861588,0.28,0.2857142857142857,2.845714285714286,0.26,0.5306122448979592,2.642448979591837
within_project,JM1,42,LR_std_C0.1,LR_std_C0.1,single_candidate_balanced_threshold,0.529985,0.3946208267554469,0.35714029668187586,0.7205013802400975,0.2578688659850356,0.39447004608294933,0.6528054182448482,0.32228915662650603,0.5083135391923991,0.20871379099336806,0.4490566037735849,0.2826603325415677,2.817003540536907,0.3534971644612476,0.44418052256532065,2.21754396993386
within_project,JM1,42,LR_std_C1,LR_std_C1,single_candidate_balanced_threshold,0.5235,0.39638123579196766,0.3585760421944737,0.7199321649440414,0.2481207097684792,0.3877917414721723,0.6490996340758811,0.3116883116883117,0.5130641330166271,0.2081470023025789,0.4528301886792453,0.2850356294536817,2.840675839196881,0.3534971644612476,0.44418052256532065,2.21754396993386
within_project,JM1,42,DT_leaf5,DT_leaf5,single_candidate_balanced_threshold,0.124,0.3471940993160359,0.25131418388835935,0.6340025892876249,0.21295015812183174,0.3646322378716745,0.6361815497207421,0.2718786464410735,0.5534441805225653,0.16507833419371143,0.35471698113207545,0.22327790973871733,2.2251960740375565,0.29867674858223064,0.3752969121140142,1.873646776735561
within_project,JM1,42,ET_leaf5,ET_leaf5,single_candidate_balanced_threshold,0.427214,0.42828732402809394,0.38692623238396584,0.7609852132417452,0.28890588729297245,0.41624365482233505,0.6897289807622349,0.29958246346555323,0.6817102137767221,0.16832872687558287,0.4528301886792453,0.2850356294536817,2.840675839196881,0.3648393194706994,0.4584323040380047,2.2886951133541973
within_project,JM1,42,AQRPE_v2_balanced,ET_leaf5,balanced_objective,0.427214,0.42828732402809394,0.38692623238396584,0.7609852132417452,0.28890588729297245,0.41624365482233505,0.6897289807622349,0.29958246346555323,0.6817102137767221,0.16832872687558287,0.4528301886792453,0.2850356294536817,2.840675839196881,0.3648393194706994,0.4584323040380047,2.2886951133541973
within_project,JM1,42,AQRPE_v2_rank,ET_leaf5,rank_objective_fixed_threshold,0.5,0.3920861334242025,0.38692623238396584,0.7609852132417452,0.29107279539431796,0.4206773618538324,0.6755553058997239,0.33666191155492153,0.5605700712589073,0.16832872687558287,0.4528301886792453,0.2850356294536817,2.840675839196881,0.3648393194706994,0.4584323040380047,2.2886951133541973
within_project,JM1,42,AQRPE_v2_mcc,ET_leaf5,mcc_objective,0.427214,0.3064893675210906,0.38692623238396584,0.7609852132417452,0.28890588729297245,0.41624365482233505,0.6897289807622349,0.29958246346555323,0.6817102137767221,0.16832872687558287,0.4528301886792453,0.2850356294536817,2.840675839196881,0.3648393194706994,0.4584323040380047,2.2886951133541973
within_project,JM1,42,AQRPE_v2_soft_top3,ET_leaf5|LR_std_C1|LR_std_C0.1,soft_top3_balanced_objective,0.514898,0.4167810337967931,0.3739079264669755,0.748461406774946,0.2817120083393569,0.4129032258064516,0.6669341550576705,0.3373493975903614,0.5320665083135392,0.19097954781216994,0.4490566037735849,0.2826603325415677,2.817003540536907,0.3686200378071834,0.46318289786223277,2.312412161160977
cross_project,JM1,42,LR_std_C0.1,LR_std_C0.1,single_candidate_balanced_threshold,0.5235,0.4174262582355806,0.3146237400651222,0.6804462745834801,0.21397659472372685,0.3653039017565677,0.6372585000995699,0.27136258660508084,0.5587256300523062,0.2361881420050242,0.3906131718395155,0.24536376604850213,2.4525232149162925,0.33055660734570236,0.41512125534950073,2.0754490933869016
cross_project,JM1,42,LR_std_C1,LR_std_C1,single_candidate_balanced_threshold,0.5235,0.41629478244214474,0.3181907164401032,0.689295275819398,0.2239183568963108,0.3724137931034483,0.645531156605007,0.27195095248522005,0.5905848787446505,0.2407270661568976,0.39288417865253594,0.24679029957203993,2.4667820708169685,0.3332071185157137,0.41844983357108895,2.0920907241471633
cross_project,JM1,42,DT_leaf5,DT_leaf5,single_candidate_balanced_threshold,0.3825,0.3377367940310284,0.21577879549341716,0.5932525773917888,0.11451011331302374,0.27611044417767105,0.5647359782137836,0.23834196891191708,0.3281027104136947,0.2043428289661677,0.2959878879636639,0.185924869234427,1.8584042190547874,0.24574024990533888,0.30860675225867806,1.5429169090585328
cross_project,JM1,42,ET_leaf5,ET_leaf5,single_candidate_balanced_threshold,0.5705,0.4233373207661516,0.3082853314583398,0.668173108855735,0.19805519893629145,0.338409475465313,0.6080046679853846,0.3047619047619048,0.3804089396100808,0.19750508798844305,0.39212717638152916,0.24631478839752735,2.4620291188500767,0.30443014009844754,0.38231098430813126,1.911410161607181
cross_project,JM1,42,AQRPE_v2_balanced,ET_leaf5,balanced_objective,0.5705,0.4233373207661516,0.3082853314583398,0.668173108855735,0.19805519893629145,0.338409475465313,0.6080046679853846,0.3047619047619048,0.3804089396100808,0.19750508798844305,0.39212717638152916,0.24631478839752735,2.4620291188500767,0.30443014009844754,0.38231098430813126,1.911410161607181
cross_project,JM1,42,AQRPE_v2_rank,ET_leaf5,rank_objective_fixed_threshold,0.5,0.36419042306230776,0.3082853314583398,0.668173108855735,0.18797102359437226,0.34452505483381135,0.6164985671911511,0.2669979079497908,0.48549690917736565,0.19750508798844305,0.39212717638152916,0.24631478839752735,2.4620291188500767,0.30443014009844754,0.38231098430813126,1.911410161607181
cross_project,JM1,42,AQRPE_v2_mcc,ET_leaf5,mcc_objective,0.6175,0.3325381065693416,0.3082853314583398,0.668173108855735,0.20647318400383977,0.33042635658914726,0.6016592645669899,0.3367901234567901,0.32429862101759394,0.19750508798844305,0.39212717638152916,0.24631478839752735,2.4620291188500767,0.30443014009844754,0.38231098430813126,1.911410161607181
cross_project,JM1,42,AQRPE_v2_soft_top3,ET_leaf5|LR_std_C0.1|LR_std_C1,soft_top3_balanced_objective,0.429401,0.42729600058723954,0.31861811188444655,0.6887334521490162,0.19275803063586167,0.3500364874726344,0.6313384695051099,0.23516914528517732,0.6842605801236329,0.21959319210514056,0.38001514004542014,0.23870660960532572,2.385981887379804,0.3286633850814086,0.41274369947693773,2.0635622142724293
within_project,KC1,42,LR_std_C0.1,LR_std_C0.1,single_candidate_balanced_threshold,0.6645,0.47293445874911183,0.45143402317790593,0.7825037707390649,0.3738686776450184,0.46875,0.6845507433742728,0.47619047619047616,0.46153846153846156,0.17394865785847322,0.4883720930232558,0.3230769230769231,3.170661896243291,0.4470588235294118,0.5846153846153846,2.9024434389140272
within_project,KC1,42,LR_std_C1,LR_std_C1,single_candidate_balanced_threshold,0.7115,0.4767244921576094,0.4529694142858993,0.7825468648998062,0.41275768585915285,0.4915254237288136,0.6894634776987718,0.5471698113207547,0.4461538461538462,0.17076767458788927,0.5581395348837209,0.36923076923076925,3.623613595706619,0.4235294117647059,0.5538461538461539,2.749683257918552
within_project,KC1,42,DT_leaf5,DT_leaf5,single_candidate_balanced_threshold,0.218,0.4578119240846513,0.33448619169059646,0.7035552682611507,0.30417566548366476,0.4195804195804196,0.6635423400129283,0.38461538461538464,0.46153846153846156,0.13384844259078635,0.4883720930232558,0.3230769230769231,3.170661896243291,0.3764705882352941,0.49230769230769234,2.444162895927602
within_project,KC1,42,ET_leaf5,ET_leaf5,single_candidate_balanced_threshold,0.5705,0.5017881261848752,0.4642121077184018,0.8046326222796811,0.38683217435118156,0.49032258064516127,0.7194785606550312,0.4222222222222222,0.5846153846153846,0.14975269428780433,0.5116279069767442,0.3384615384615385,3.321645796064401,0.4117647058823529,0.5384615384615384,2.6733031674208143
within_project,KC1,42,AQRPE_v2_balanced,ET_leaf5,balanced_objective,0.5705,0.5017881261848752,0.4642121077184018,0.8046326222796811,0.38683217435118156,0.49032258064516127,0.7194785606550312,0.4222222222222222,0.5846153846153846,0.14975269428780436,0.5116279069767442,0.3384615384615385,3.321645796064401,0.4117647058823529,0.5384615384615384,2.6733031674208143
within_project,KC1,42,AQRPE_v2_rank,LR_std_C0.1,rank_objective_fixed_threshold,0.5,0.4262165718498949,0.45143402317790593,0.7825037707390649,0.32941956121676036,0.44221105527638194,0.7124111182934713,0.3283582089552239,0.676923076923077,0.17394865785847322,0.4883720930232558,0.3230769230769231,3.170661896243291,0.4470588235294118,0.5846153846153846,2.9024434389140272
within_project,KC1,42,AQRPE_v2_mcc,ET_leaf5,mcc_objective,0.5705,0.4147469076268092,0.4642121077184018,0.8046326222796811,0.38683217435118156,0.49032258064516127,0.7194785606550312,0.4222222222222222,0.5846153846153846,0.14975269428780433,0.5116279069767442,0.3384615384615385,3.321645796064401,0.4117647058823529,0.5384615384615384,2.6733031674208143
within_project,KC1,42,AQRPE_v2_soft_top3,ET_leaf5|LR_std_C1|LR_std_C0.1,soft_top3_balanced_objective,0.688,0.47750206737331247,0.4772932558105473,0.7968972204266322,0.4057020357604743,0.4827586206896552,0.6831717302305538,0.5490196078431373,0.4307692307692308,0.16062790186644454,0.5348837209302325,0.35384615384615387,3.472629695885509,0.4235294117647059,0.5538461538461539,2.749683257918552
cross_project,KC1,42,LR_std_C0.1,LR_std_C0.1,single_candidate_balanced_threshold,0.514298,0.41226063648163647,0.3889784921943654,0.7787290669547774,0.2914409398512267,0.4058394160583942,0.651496409511783,0.3871866295264624,0.4263803680981595,0.1549571418099964,0.44549763033175355,0.2883435582822086,2.882069025673829,0.3791469194312796,0.49079754601226994,2.4528247027011307
cross_project,KC1,42,LR_std_C1,LR_std_C1,single_candidate_balanced_threshold,0.5,0.41190194631873456,0.3910189735590419,0.7817724659273507,0.30847675463671576,0.4246575342465753,0.6679039256233893,0.38366336633663367,0.4754601226993865,0.15434563018879735,0.4549763033175355,0.294478527607362,2.9433896432413573,0.3767772511848341,0.48773006134969327,2.437494548309249
cross_project,KC1,42,DT_leaf5,DT_leaf5,single_candidate_balanced_threshold,0.3355,0.38760702780820444,0.2070808999392906,0.5389551627676522,0.11642521706544133,0.24302134646962234,0.5548878467049055,0.26148409893992935,0.22699386503067484,0.16477028861843088,0.26540284360189575,0.17177914110429449,1.716977291890792,0.23459715639810427,0.30368098159509205,1.517685284796325
cross_project,KC1,42,ET_leaf5,ET_leaf5,single_candidate_balanced_threshold,0.4295,0.44647578707793295,0.3464470224839753,0.7448353399006981,0.25496779603253394,0.38235294117647056,0.6410862302110251,0.33886255924170616,0.4386503067484663,0.1362333587947059,0.4312796208530806,0.2791411042944785,2.7900880993225368,0.33886255924170616,0.4386503067484663,2.192212078039136
cross_project,KC1,42,AQRPE_v2_balanced,ET_leaf5,balanced_objective,0.4295,0.44647578707793295,0.3464470224839753,0.7448353399006981,0.25496779603253394,0.38235294117647056,0.6410862302110251,0.33886255924170616,0.4386503067484663,0.1362333587947059,0.4312796208530806,0.2791411042944785,2.7900880993225368,0.33886255924170616,0.4386503067484663,2.192212078039136
cross_project,KC1,42,AQRPE_v2_rank,ET_leaf5,rank_objective_fixed_threshold,0.5,0.4110020367452483,0.3464470224839753,0.7448353399006981,0.27355266948265977,0.3754152823920266,0.6276034050284038,0.40942028985507245,0.34662576687116564,0.1362333587947059,0.4312796208530806,0.2791411042944785,2.7900880993225368,0.33886255924170616,0.4386503067484663,2.192212078039136
cross_project,KC1,42,AQRPE_v2_mcc,ET_leaf5,mcc_objective,0.5705,0.33233565318694064,0.3464470224839753,0.7448353399006981,0.240960450354367,0.30707070707070705,0.5904847761235115,0.44970414201183434,0.2331288343558282,0.1362333587947059,0.4312796208530806,0.2791411042944785,2.7900880993225368,0.33886255924170616,0.4386503067484663,2.192212078039136
cross_project,KC1,42,AQRPE_v2_soft_top3,ET_leaf5|LR_std_C0.1|LR_std_C1,soft_top3_balanced_objective,0.4765,0.437132833202164,0.3820254689014012,0.7760521145515415,0.2876886857341274,0.4056338028169014,0.6535565962102887,0.375,0.44171779141104295,0.14542527674882777,0.44549763033175355,0.2883435582822086,2.882069025673829,0.3696682464454976,0.4785276073619632,2.3915040851336027
within_project,KC2,42,LR_std_C0.1,LR_std_C0.1,single_candidate_balanced_threshold,0.7115,0.7039885205964082,0.5404745184178661,0.7445235487404162,0.448844089277905,0.55,0.7078313253012047,0.6111111111111112,0.5,0.17074265877798936,0.7272727272727273,0.36363636363636365,3.4710743801652892,0.5238095238095238,0.5,2.5
within_project,KC2,42,LR_std_C1,LR_std_C1,single_candidate_balanced_threshold,0.735,0.6940190222720563,0.497068760194627,0.7384994523548741,0.3248275864741904,0.43243243243243246,0.6396495071193866,0.5333333333333333,0.36363636363636365,0.1739623034147128,0.6363636363636364,0.3181818181818182,3.037190082644628,0.5238095238095238,0.5,2.5
within_project,KC2,42,DT_leaf5,DT_leaf5,single_candidate_balanced_threshold,0.218,0.6188778611067086,0.36882096337796294,0.5966593647316538,0.23656107737687027,0.4,0.6202081051478642,0.391304347826087,0.4090909090909091,0.19315043438582694,0.5454545454545454,0.2727272727272727,2.6033057851239665,0.38095238095238093,0.36363636363636365,1.8181818181818181
within_project,KC2,42,ET_leaf5,ET_leaf5,single_candidate_balanced_threshold,0.7585,0.7601098629147847,0.5668080209469435,0.741511500547645,0.3248275864741904,0.43243243243243246,0.6396495071193866,0.5333333333333333,0.36363636363636365,0.16575024554932738,0.6363636363636364,0.3181818181818182,3.037190082644628,0.47619047619047616,0.45454545454545453,2.2727272727272725
within_project,KC2,42,AQRPE_v2_balanced,ET_leaf5,balanced_objective,0.7585,0.7601098629147847,0.5668080209469435,0.741511500547645,0.3248275864741904,0.43243243243243246,0.6396495071193866,0.5333333333333333,0.36363636363636365,0.16575024554932746,0.6363636363636364,0.3181818181818182,3.037190082644628,0.47619047619047616,0.45454545454545453,2.2727272727272725
within_project,KC2,42,AQRPE_v2_rank,ET_leaf5,rank_objective_fixed_threshold,0.5,0.6640729024777127,0.5668080209469435,0.741511500547645,0.36239168904308877,0.5098039215686274,0.6990690032858708,0.4482758620689655,0.5909090909090909,0.16575024554932738,0.6363636363636364,0.3181818181818182,3.037190082644628,0.47619047619047616,0.45454545454545453,2.2727272727272725
within_project,KC2,42,AQRPE_v2_mcc,ET_leaf5,mcc_objective,0.7585,0.7497771504927777,0.5668080209469435,0.741511500547645,0.3248275864741904,0.43243243243243246,0.6396495071193866,0.5333333333333333,0.36363636363636365,0.16575024554932738,0.6363636363636364,0.3181818181818182,3.037190082644628,0.47619047619047616,0.45454545454545453,2.2727272727272725
within_project,KC2,42,AQRPE_v2_soft_top3,ET_leaf5|LR_std_C0.1|LR_std_C1,soft_top3_balanced_objective,0.7585,0.7239677488925937,0.5365248151882719,0.7500000000000001,0.34880004452273433,0.4444444444444444,0.6456736035049289,0.5714285714285714,0.36363636363636365,0.16823695070932432,0.7272727272727273,0.36363636363636365,3.4710743801652892,0.5238095238095238,0.5,2.5
cross_project,KC2,42,LR_std_C0.1,LR_std_C0.1,single_candidate_balanced_threshold,0.517599,0.409969774764535,0.6398965523285182,0.8479900912059454,0.5121453401691624,0.6176470588235294,0.7949330030401982,0.509090909090909,0.7850467289719626,0.16132869187402854,0.7358490566037735,0.3644859813084112,3.5898430611885024,0.6,0.5887850467289719,2.9271028037383173
cross_project,KC2,42,LR_std_C1,LR_std_C1,single_candidate_balanced_threshold,0.520672,0.40655000964773413,0.6411417232188877,0.852719288368427,0.516504265915824,0.6204379562043796,0.7984010809593514,0.5089820359281437,0.794392523364486,0.16109544711801738,0.7358490566037735,0.3644859813084112,3.5898430611885024,0.5904761904761905,0.5794392523364486,2.88064085447263
cross_project,KC2,42,DT_leaf5,DT_leaf5,single_candidate_balanced_threshold,0.218,0.3706215847377848,0.33157121541085266,0.566602860038284,0.17933150457639915,0.35807860262008734,0.5939984236009458,0.3360655737704918,0.38317757009345793,0.18944681474164135,0.39622641509433965,0.19626168224299065,1.93299241756304,0.3047619047619048,0.29906542056074764,1.4867823765020027
cross_project,KC2,42,ET_leaf5,ET_leaf5,single_candidate_balanced_threshold,0.5,0.45390906641187223,0.6287988128125177,0.8454791127125323,0.47482335496812794,0.5887445887445888,0.750287129827722,0.5483870967741935,0.6355140186915887,0.14384101309515587,0.7169811320754716,0.35514018691588783,3.49779580320931,0.5904761904761905,0.5794392523364486,2.88064085447263
cross_project,KC2,42,AQRPE_v2_balanced,ET_leaf5,balanced_objective,0.5,0.45390906641187223,0.6287988128125177,0.8454791127125323,0.47482335496812794,0.5887445887445888,0.750287129827722,0.5483870967741935,0.6355140186915887,0.1438410130951559,0.7169811320754716,0.35514018691588783,3.49779580320931,0.5904761904761905,0.5794392523364486,2.88064085447263
cross_project,KC2,42,AQRPE_v2_rank,ET_leaf5,rank_objective_fixed_threshold,0.5,0.4102053188496199,0.6287988128125177,0.8454791127125323,0.47482335496812794,0.5887445887445888,0.750287129827722,0.5483870967741935,0.6355140186915887,0.1438410130951559,0.7169811320754716,0.35514018691588783,3.49779580320931,0.5904761904761905,0.5794392523364486,2.88064085447263
cross_project,KC2,42,AQRPE_v2_mcc,ET_leaf5,mcc_objective,0.5,0.3458962172904758,0.6287988128125177,0.8454791127125323,0.47482335496812794,0.5887445887445888,0.750287129827722,0.5483870967741935,0.6355140186915887,0.1438410130951559,0.7169811320754716,0.35514018691588783,3.49779580320931,0.5904761904761905,0.5794392523364486,2.88064085447263
cross_project,KC2,42,AQRPE_v2_soft_top3,ET_leaf5|LR_std_C0.1|LR_std_C1,soft_top3_balanced_objective,0.5,0.4244563099900873,0.6466725543086518,0.8579326652404009,0.5258670285658028,0.6287878787878788,0.7986938407836955,0.5286624203821656,0.7757009345794392,0.15241489046797818,0.7169811320754716,0.35514018691588783,3.49779580320931,0.6095238095238096,0.5981308411214953,2.9735647530040055
within_project,PC1,42,LR_std_C0.1,LR_std_C0.1,single_candidate_balanced_threshold,0.282,0.3353445695916363,0.2827625102153686,0.8239935587761674,0.2504410918162215,0.22388059701492538,0.748792270531401,0.12605042016806722,1.0,0.14837726491105915,0.2608695652173913,0.4,3.8608695652173908,0.2,0.6,2.96
within_project,PC1,42,LR_std_C1,LR_std_C1,single_candidate_balanced_threshold,0.292993,0.3705259903866914,0.30759711727336353,0.8342995169082125,0.28673769569338037,0.25210084033613445,0.7850241545893719,0.14423076923076922,1.0,0.1398366767976908,0.2608695652173913,0.4,3.8608695652173908,0.2,0.6,2.96
within_project,PC1,42,DT_leaf5,DT_leaf5,single_candidate_balanced_threshold,0.406,0.5392577201330145,0.3095314279797038,0.8104669887278583,0.31451573532854066,0.36363636363636365,0.6710144927536232,0.3333333333333333,0.4,0.05750467794870522,0.2608695652173913,0.4,3.8608695652173908,0.24444444444444444,0.7333333333333333,3.6177777777777775
within_project,PC1,42,ET_leaf5,ET_leaf5,single_candidate_balanced_threshold,0.532792,0.49543251383953796,0.4253733521840568,0.877133655394525,0.47180490414884513,0.5,0.7971014492753623,0.4,0.6666666666666666,0.10391827975261624,0.391304347826087,0.6,5.791304347826087,0.24444444444444444,0.7333333333333333,3.6177777777777775
within_project,PC1,42,AQRPE_v2_balanced,DT_leaf5,balanced_objective,0.406,0.5392577201330145,0.3095314279797038,0.8104669887278583,0.31451573532854066,0.36363636363636365,0.6710144927536232,0.3333333333333333,0.4,0.05750467794870522,0.2608695652173913,0.4,3.8608695652173908,0.24444444444444444,0.7333333333333333,3.6177777777777775
within_project,PC1,42,AQRPE_v2_rank,ET_leaf5,rank_objective_fixed_threshold,0.5,0.4739320839765524,0.4253733521840568,0.877133655394525,0.46108217859443645,0.4782608695652174,0.8183574879227054,0.3548387096774194,0.7333333333333333,0.10391827975261624,0.391304347826087,0.6,5.791304347826087,0.24444444444444444,0.7333333333333333,3.6177777777777775
within_project,PC1,42,AQRPE_v2_mcc,DT_leaf5,mcc_objective,0.406,0.5009592846167241,0.3095314279797038,0.8104669887278583,0.31451573532854066,0.36363636363636365,0.6710144927536232,0.3333333333333333,0.4,0.05750467794870522,0.2608695652173913,0.4,3.8608695652173908,0.24444444444444444,0.7333333333333333,3.6177777777777775
within_project,PC1,42,AQRPE_v2_soft_top3,DT_leaf5|ET_leaf5|LR_std_C1,soft_top3_balanced_objective,0.5235,0.4979446029652996,0.44490668486559515,0.9061191626409018,0.4107437477798389,0.45161290322580644,0.7115942028985507,0.4375,0.4666666666666667,0.0784553907757118,0.391304347826087,0.6,5.791304347826087,0.28888888888888886,0.8666666666666667,4.275555555555555
cross_project,PC1,42,LR_std_C0.1,LR_std_C0.1,single_candidate_balanced_threshold,0.547,0.40600004150278995,0.1883575672660941,0.6807799758381154,0.1669719057877573,0.2336448598130841,0.6080740964461895,0.18248175182481752,0.3246753246753247,0.1874290718010454,0.16216216216216217,0.23376623376623376,2.3355563355563356,0.16216216216216217,0.4675324675324675,2.3355563355563356
cross_project,PC1,42,LR_std_C1,LR_std_C1,single_candidate_balanced_threshold,0.536534,0.4045375699106506,0.19165588746578602,0.6798235679049632,0.1682494048891157,0.2347417840375587,0.6085585925702205,0.18382352941176472,0.3246753246753247,0.18033880381066272,0.16216216216216217,0.23376623376623376,2.3355563355563356,0.15765765765765766,0.45454545454545453,2.2706797706797706
cross_project,PC1,42,DT_leaf5,DT_leaf5,single_candidate_balanced_threshold,0.3355,0.36143543604163547,0.1653994607655102,0.7161733615221988,0.2326498204982275,0.275,0.6892995570321152,0.18106995884773663,0.5714285714285714,0.11460733110712137,0.18018018018018017,0.2597402597402597,2.5950625950625947,0.16216216216216217,0.4675324675324675,2.3355563355563356
cross_project,PC1,42,ET_leaf5,ET_leaf5,single_candidate_balanced_threshold,0.5235,0.4558160476998906,0.2006734815446527,0.7147765025672002,0.20150894547499676,0.254071661237785,0.6607079935568307,0.16956521739130434,0.5064935064935064,0.1600067089147989,0.22522522522522523,0.3246753246753247,3.2438282438282435,0.17117117117117117,0.4935064935064935,2.465309465309465
cross_project,PC1,42,AQRPE_v2_balanced,ET_leaf5,balanced_objective,0.5235,0.4558160476998906,0.2006734815446527,0.7147765025672002,0.20150894547499676,0.254071661237785,0.6607079935568307,0.16956521739130434,0.5064935064935064,0.1600067089147989,0.22522522522522523,0.3246753246753247,3.2438282438282435,0.17117117117117117,0.4935064935064935,2.465309465309465
cross_project,PC1,42,AQRPE_v2_rank,ET_leaf5,rank_objective_fixed_threshold,0.5,0.42811803938555165,0.2006734815446527,0.7147765025672002,0.18288078525962334,0.23780487804878048,0.6505335749521796,0.1553784860557769,0.5064935064935064,0.1600067089147989,0.22522522522522523,0.3246753246753247,3.2438282438282435,0.17117117117117117,0.4935064935064935,2.465309465309465
cross_project,PC1,42,AQRPE_v2_mcc,ET_leaf5,mcc_objective,0.6175,0.3505617757636813,0.2006734815446527,0.7147765025672002,0.20440491906920333,0.26595744680851063,0.6206709956709957,0.22522522522522523,0.3246753246753247,0.1600067089147989,0.22522522522522523,0.3246753246753247,3.2438282438282435,0.17117117117117117,0.4935064935064935,2.465309465309465
cross_project,PC1,42,AQRPE_v2_soft_top3,ET_leaf5|LR_std_C0.1|LR_std_C1,soft_top3_balanced_objective,0.512881,0.43173200612093,0.20504086827759652,0.7071441155743481,0.19274341958857966,0.2518518518518518,0.6437443370582905,0.17616580310880828,0.44155844155844154,0.1722336067645406,0.18018018018018017,0.2597402597402597,2.5950625950625947,0.16666666666666666,0.4805194805194805,2.4004329004329
within_project,CM1,101,LR_std_C0.1,LR_std_C0.1,single_candidate_balanced_threshold,0.539624,0.4248880546850788,0.32881593497701567,0.8133333333333334,0.32673201960653564,0.4,0.6944444444444444,0.3333333333333333,0.5,0.15480964603857886,0.3,0.3,2.9999999999999996,0.3,0.6,2.9999999999999996
within_project,CM1,101,LR_std_C1,LR_std_C1,single_candidate_balanced_threshold,0.686567,0.39145540758118075,0.3775436507936508,0.7922222222222223,0.2872134789517764,0.36363636363636365,0.6555555555555556,0.3333333333333333,0.4,0.15132408775959214,0.4,0.4,4.0,0.3,0.6,2.9999999999999996
within_project,CM1,101,DT_leaf5,DT_leaf5,single_candidate_balanced_threshold,0.03,0.2287773937354321,0.1935714285714286,0.6288888888888888,0.1784344596771036,0.27586206896551724,0.6166666666666667,0.21052631578947367,0.4,0.10150656396372697,0.3,0.3,2.9999999999999996,0.2,0.4,2.0
within_project,CM1,101,ET_leaf5,ET_leaf5,single_candidate_balanced_threshold,0.42509,0.36257451588682527,0.2553907238830506,0.8022222222222223,0.3571037788198093,0.375,0.788888888888889,0.23684210526315788,0.9,0.15371297804997203,0.2,0.2,2.0,0.25,0.5,2.5
within_project,CM1,101,AQRPE_v2_balanced,LR_std_C0.1,balanced_objective,0.539624,0.4248880546850788,0.32881593497701567,0.8133333333333334,0.32673201960653564,0.4,0.6944444444444444,0.3333333333333333,0.5,0.15480964603857886,0.3,0.3,2.9999999999999996,0.3,0.6,2.9999999999999996
within_project,CM1,101,AQRPE_v2_rank,LR_std_C1,rank_objective_fixed_threshold,0.5,0.29046279780411105,0.3775436507936508,0.7922222222222223,0.3057762147373361,0.375,0.711111111111111,0.2727272727272727,0.6,0.15132408775959214,0.4,0.4,4.0,0.3,0.6,2.9999999999999996
within_project,CM1,101,AQRPE_v2_mcc,LR_std_C0.1,mcc_objective,0.539624,0.34837204032196417,0.32881593497701567,0.8133333333333334,0.32673201960653564,0.4,0.6944444444444444,0.3333333333333333,0.5,0.15480964603857886,0.3,0.3,2.9999999999999996,0.3,0.6,2.9999999999999996
within_project,CM1,101,AQRPE_v2_soft_top3,LR_std_C0.1|LR_std_C1|ET_leaf5,soft_top3_balanced_objective,0.5235,0.3760853735720274,0.3181837280366692,0.8155555555555556,0.3644054444067475,0.42857142857142855,0.7333333333333334,0.3333333333333333,0.6,0.1448866754560058,0.3,0.3,2.9999999999999996,0.3,0.6,2.9999999999999996
cross_project,CM1,101,LR_std_C0.1,LR_std_C0.1,single_candidate_balanced_threshold,0.5705,0.41596870618532145,0.22611149956323787,0.7388073269396845,0.24668736253550747,0.32222222222222224,0.6823326212444889,0.22137404580152673,0.5918367346938775,0.24200165621028746,0.26,0.2653061224489796,2.642448979591837,0.25,0.5102040816326531,2.5408163265306123
cross_project,CM1,101,LR_std_C1,LR_std_C1,single_candidate_balanced_threshold,0.511088,0.4092673766150485,0.22468047114260667,0.7454888414162992,0.22754865466194307,0.291497975708502,0.6869460479069134,0.18181818181818182,0.7346938775510204,0.2481615278746506,0.28,0.2857142857142857,2.845714285714286,0.23,0.46938775510204084,2.337551020408163
cross_project,CM1,101,DT_leaf5,DT_leaf5,single_candidate_balanced_threshold,0.453,0.3649941306019054,0.13140087177695509,0.4986818780964501,0.07147232096529366,0.183206106870229,0.5444979773646652,0.14634146341463414,0.24489795918367346,0.1617430673545546,0.16,0.16326530612244897,1.6261224489795918,0.12,0.24489795918367346,1.2195918367346938
cross_project,CM1,101,ET_leaf5,ET_leaf5,single_candidate_balanced_threshold,0.5,0.4535506535463108,0.2602799129815165,0.7820326348802327,0.2449275478373728,0.32679738562091504,0.667128766874233,0.2403846153846154,0.5102040816326531,0.16713206063380776,0.32,0.32653061224489793,3.2522448979591836,0.24,0.4897959183673469,2.4391836734693877
cross_project,CM1,101,AQRPE_v2_balanced,ET_leaf5,balanced_objective,0.5,0.4535506535463108,0.2602799129815165,0.7820326348802327,0.2449275478373728,0.32679738562091504,0.667128766874233,0.2403846153846154,0.5102040816326531,0.16713206063380776,0.32,0.32653061224489793,3.2522448979591836,0.24,0.4897959183673469,2.4391836734693877
cross_project,CM1,101,AQRPE_v2_rank,ET_leaf5,rank_objective_fixed_threshold,0.5,0.4115139638198684,0.2602799129815165,0.7820326348802327,0.2449275478373728,0.32679738562091504,0.667128766874233,0.2403846153846154,0.5102040816326531,0.16713206063380776,0.32,0.32653061224489793,3.2522448979591836,0.24,0.4897959183673469,2.4391836734693877
cross_project,CM1,101,AQRPE_v2_mcc,ET_leaf5,mcc_objective,0.556572,0.34737347996391166,0.2602799129815165,0.7820326348802327,0.2399434918966694,0.31683168316831684,0.6231762192627608,0.3076923076923077,0.32653061224489793,0.16713206063380776,0.32,0.32653061224489793,3.2522448979591836,0.24,0.4897959183673469,2.4391836734693877
cross_project,CM1,101,AQRPE_v2_soft_top3,ET_leaf5|LR_std_C0.1|LR_std_C1,soft_top3_balanced_objective,0.5,0.43739053420163704,0.23933200067786942,0.7664878869142311,0.23310679352639038,0.30275229357798167,0.6852870324076179,0.1952662721893491,0.673469387755102,0.21398487722360754,0.26,0.2653061224489796,2.642448979591837,0.26,0.5306122448979592,2.642448979591837
within_project,JM1,101,LR_std_C0.1,LR_std_C0.1,single_candidate_balanced_threshold,0.614946,0.4318467208649099,0.3635636909965507,0.7126548757783913,0.2610524282006426,0.37681159420289856,0.6287416276133616,0.3832923832923833,0.37054631828978624,0.2129553032667786,0.4528301886792453,0.2850356294536817,2.840675839196881,0.3553875236294896,0.44655581947743467,2.2294024938372496
within_project,JM1,101,LR_std_C1,LR_std_C1,single_candidate_balanced_threshold,0.6175,0.4284596719890851,0.3618552437450667,0.7132294408422674,0.2653073452677313,0.3818615751789976,0.6321408700862382,0.38369304556354916,0.38004750593824227,0.21233203017743146,0.44528301886792454,0.28028503562945367,2.793331241876933,0.3610586011342155,0.45368171021377673,2.2649780655474183
within_project,JM1,101,DT_leaf5,DT_leaf5,single_candidate_balanced_threshold,0.124,0.34584130046853456,0.29285988458085577,0.6364276390404657,0.19107666421542255,0.3487261146496815,0.6213562731377458,0.2622754491017964,0.5201900237529691,0.1588778418479349,0.4377358490566038,0.2755344418052256,2.745986644556985,0.30812854442344045,0.38717339667458434,1.9329393962525088
within_project,JM1,101,ET_leaf5,ET_leaf5,single_candidate_balanced_threshold,0.5705,0.460329373189539,0.4070166620158822,0.7531264043140529,0.2963889067214483,0.4085510688836104,0.6481944533607241,0.4085510688836104,0.4085510688836104,0.17482638891500188,0.4867924528301887,0.30641330166270786,3.053726527136647,0.3742911153119093,0.47030878859857483,2.347987732871146
within_project,JM1,101,AQRPE_v2_balanced,ET_leaf5,balanced_objective,0.5705,0.460329373189539,0.4070166620158822,0.7531264043140529,0.2963889067214483,0.4085510688836104,0.6481944533607241,0.4085510688836104,0.4085510688836104,0.17482638891500188,0.4867924528301887,0.30641330166270786,3.053726527136647,0.3742911153119093,0.47030878859857483,2.347987732871146
within_project,JM1,101,AQRPE_v2_rank,ET_leaf5,rank_objective_fixed_threshold,0.5,0.41379517907518987,0.4070166620158822,0.7531264043140529,0.3018675490357883,0.4289496910856134,0.6829679441912222,0.34129213483146065,0.5771971496437055,0.17482638891500188,0.4867924528301887,0.30641330166270786,3.053726527136647,0.3742911153119093,0.47030878859857483,2.347987732871146
within_project,JM1,101,AQRPE_v2_mcc,ET_leaf5,mcc_objective,0.5705,0.36662002855355724,0.4070166620158822,0.7531264043140529,0.2963889067214483,0.4085510688836104,0.6481944533607241,0.4085510688836104,0.4085510688836104,0.17482638891500188,0.4867924528301887,0.30641330166270786,3.053726527136647,0.3742911153119093,0.47030878859857483,2.347987732871146
within_project,JM1,101,AQRPE_v2_soft_top3,ET_leaf5|LR_std_C0.1|LR_std_C1,soft_top3_balanced_objective,0.5415,0.44080580196328994,0.38440823377259886,0.7360290813378699,0.30376451398576426,0.42829076620825146,0.6735470030600672,0.36515912897822445,0.517814726840855,0.19684667465403258,0.4641509433962264,0.2921615201900237,2.911692735176803,0.3742911153119093,0.47030878859857483,2.347987732871146
cross_project,JM1,101,LR_std_C0.1,LR_std_C0.1,single_candidate_balanced_threshold,0.5705,0.41467213979077244,0.3188782115847525,0.6866450538463611,0.22771188482931964,0.37317581653926335,0.639188794470586,0.2940049274568848,0.5106990014265336,0.237275223651867,0.3936411809235428,0.24726581074655254,2.471535022783861,0.3339644074214313,0.4194008559201141,2.0968454757929527
cross_project,JM1,101,LR_std_C1,LR_std_C1,single_candidate_balanced_threshold,0.594,0.4215879109491811,0.3232752988724923,0.6933880301830729,0.23640309130645468,0.3797292606733773,0.6445744800378901,0.29898879475266465,0.5202092249167856,0.24438067251674542,0.3951551854655564,0.24821683309557774,2.4810409267176445,0.33888678530859523,0.42558250118877794,2.127751361490581
cross_project,JM1,101,DT_leaf5,DT_leaf5,single_candidate_balanced_threshold,0.265,0.38115846840085904,0.22039298785508313,0.5898115359156577,0.11786173234495412,0.29163810829335163,0.5725218793610032,0.2279667827484597,0.4046600095102235,0.20963931390220675,0.30734292202876606,0.19305753685211602,1.929698498558168,0.24574024990533888,0.30860675225867806,1.5429169090585328
cross_project,JM1,101,ET_leaf5,ET_leaf5,single_candidate_balanced_threshold,0.453,0.43656757779432004,0.2918343872334354,0.6633231176176311,0.16668452557506738,0.3342249753625229,0.6104745975042709,0.2374,0.5644317641464575,0.19781980540291738,0.3709311127933384,0.2330004755111745,2.3289464637770996,0.3032942067398713,0.38088445078459343,1.9042780341384977
cross_project,JM1,101,AQRPE_v2_balanced,ET_leaf5,balanced_objective,0.453,0.43656757779432004,0.2918343872334354,0.6633231176176311,0.16668452557506738,0.3342249753625229,0.6104745975042709,0.2374,0.5644317641464575,0.19781980540291738,0.3709311127933384,0.2330004755111745,2.3289464637770996,0.3032942067398713,0.38088445078459343,1.9042780341384977
cross_project,JM1,101,AQRPE_v2_rank,ET_leaf5,rank_objective_fixed_threshold,0.5,0.3623870000057022,0.2918343872334354,0.6633231176176311,0.18209338681489323,0.3411668036154478,0.614189632965428,0.26067302862882974,0.49358059914407987,0.19781980540291738,0.3709311127933384,0.2330004755111745,2.3289464637770996,0.3032942067398713,0.38088445078459343,1.9042780341384977
cross_project,JM1,101,AQRPE_v2_mcc,ET_leaf5,mcc_objective,0.473437,0.3338668296252736,0.2918343872334354,0.6633231176176311,0.1757809746075202,0.33903435749962163,0.6138675567091303,0.24866785079928952,0.5325725154541132,0.19781980540291738,0.3709311127933384,0.2330004755111745,2.3289464637770996,0.3032942067398713,0.38088445078459343,1.9042780341384977
cross_project,JM1,101,AQRPE_v2_soft_top3,ET_leaf5|LR_std_C1|LR_std_C0.1,soft_top3_balanced_objective,0.4295,0.4232105905291017,0.3133285307066671,0.6910188271326907,0.19546020705403358,0.35142305836951276,0.6332759387362044,0.23541767652286313,0.6928197812648598,0.22084507683959242,0.37547312641937924,0.2358535425582501,2.3574641755784516,0.3324498296099962,0.4174988112220637,2.087335972501374
within_project,KC1,101,LR_std_C0.1,LR_std_C0.1,single_candidate_balanced_threshold,0.6645,0.46177203168915787,0.40914769113974025,0.7558931264813618,0.26857102899157026,0.3851851851851852,0.638375350140056,0.37142857142857144,0.4,0.18695384371861096,0.46511627906976744,0.3076923076923077,3.0196779964221823,0.32941176470588235,0.4307692307692308,2.1386425339366513
within_project,KC1,101,LR_std_C1,LR_std_C1,single_candidate_balanced_threshold,0.7585,0.46623809014344086,0.40953257085253747,0.7665804783451843,0.28773092189452965,0.3619047619047619,0.6167420814479638,0.475,0.2923076923076923,0.1845233724051,0.46511627906976744,0.3076923076923077,3.0196779964221823,0.3411764705882353,0.4461538461538462,2.215022624434389
within_project,KC1,101,DT_leaf5,DT_leaf5,single_candidate_balanced_threshold,0.3355,0.4413005054247405,0.29924015898488876,0.6577246283128635,0.21594694721339253,0.3472222222222222,0.616677440206852,0.31645569620253167,0.38461538461538464,0.15395248675289042,0.3953488372093023,0.26153846153846155,2.566726296958855,0.3058823529411765,0.4,1.9858823529411764
within_project,KC1,101,ET_leaf5,ET_leaf5,single_candidate_balanced_threshold,0.559944,0.46462484275481375,0.4207629268192322,0.7837319543201895,0.30254277589648,0.42424242424242425,0.6781943546649429,0.35,0.5384615384615384,0.16090575281340422,0.4883720930232558,0.3230769230769231,3.170661896243291,0.38823529411764707,0.5076923076923077,2.5205429864253395
within_project,KC1,101,AQRPE_v2_balanced,LR_std_C1,balanced_objective,0.7585,0.46623809014344086,0.40953257085253747,0.7665804783451843,0.28773092189452965,0.3619047619047619,0.6167420814479638,0.475,0.2923076923076923,0.1845233724051,0.46511627906976744,0.3076923076923077,3.0196779964221823,0.3411764705882353,0.4461538461538462,2.215022624434389
within_project,KC1,101,AQRPE_v2_rank,LR_std_C1,rank_objective_fixed_threshold,0.5,0.3933358891672145,0.40953257085253747,0.7665804783451843,0.28307107386697106,0.4075829383886256,0.6865115276879983,0.2945205479452055,0.6615384615384615,0.1845233724051,0.46511627906976744,0.3076923076923077,3.0196779964221823,0.3411764705882353,0.4461538461538462,2.215022624434389
within_project,KC1,101,AQRPE_v2_mcc,LR_std_C1,mcc_objective,0.7585,0.384645168355089,0.40953257085253747,0.7665804783451843,0.28773092189452965,0.3619047619047619,0.6167420814479638,0.475,0.2923076923076923,0.1845233724051,0.46511627906976744,0.3076923076923077,3.0196779964221823,0.3411764705882353,0.4461538461538462,2.215022624434389
within_project,KC1,101,AQRPE_v2_soft_top3,LR_std_C1|ET_leaf5|LR_std_C0.1,soft_top3_balanced_objective,0.641,0.47828857673087466,0.43661386981674766,0.7807584572290455,0.2693354716220049,0.38848920863309355,0.6418659771600949,0.36486486486486486,0.4153846153846154,0.1740588930214985,0.46511627906976744,0.3076923076923077,3.0196779964221823,0.32941176470588235,0.4307692307692308,2.1386425339366513
cross_project,KC1,101,LR_std_C0.1,LR_std_C0.1,single_candidate_balanced_threshold,0.5235,0.415842719234326,0.3924586946901756,0.7790955135241149,0.28784600321837656,0.39939485627836613,0.6455274594070103,0.3940298507462687,0.4049079754601227,0.15323545323636767,0.45023696682464454,0.29141104294478526,2.9127293344575933,0.3815165876777251,0.4938650306748466,2.468154857093013
cross_project,KC1,101,LR_std_C1,LR_std_C1,single_candidate_balanced_threshold,0.5235,0.41126327762988246,0.3950593569669689,0.7829991157110956,0.29137524914248203,0.40416047548291234,0.6494190187489892,0.3919308357348703,0.4171779141104294,0.1522995773226023,0.4597156398104265,0.29754601226993865,2.9740499520251213,0.3791469194312796,0.49079754601226994,2.4528247027011307
cross_project,KC1,101,DT_leaf5,DT_leaf5,single_candidate_balanced_threshold,0.453,0.3494339814728285,0.23363785782445762,0.6019641880197778,0.15242687654539994,0.2585278276481149,0.565841674437169,0.3116883116883117,0.22085889570552147,0.15946331077185244,0.33175355450236965,0.2147239263803681,2.1462216148634896,0.2796208530805687,0.3619631901840491,1.8089582182420842
cross_project,KC1,101,ET_leaf5,ET_leaf5,single_candidate_balanced_threshold,0.5,0.4421022798675779,0.3446113016276024,0.7511758977940949,0.24868425141815628,0.36335403726708076,0.6230821769334788,0.36792452830188677,0.3588957055214724,0.140871265277901,0.4075829383886256,0.26380368098159507,2.6367865554037158,0.33649289099526064,0.43558282208588955,2.1768819236472536
cross_project,KC1,101,AQRPE_v2_balanced,ET_leaf5,balanced_objective,0.5,0.4421022798675779,0.3446113016276024,0.7511758977940949,0.24868425141815628,0.36335403726708076,0.6230821769334788,0.36792452830188677,0.3588957055214724,0.140871265277901,0.4075829383886256,0.26380368098159507,2.6367865554037158,0.33649289099526064,0.43558282208588955,2.1768819236472536
cross_project,KC1,101,AQRPE_v2_rank,ET_leaf5,rank_objective_fixed_threshold,0.5,0.3896177390678105,0.3446113016276024,0.7511758977940949,0.24868425141815628,0.36335403726708076,0.6230821769334788,0.36792452830188677,0.3588957055214724,0.140871265277901,0.4075829383886256,0.26380368098159507,2.6367865554037158,0.33649289099526064,0.43558282208588955,2.1768819236472536
cross_project,KC1,101,AQRPE_v2_mcc,ET_leaf5,mcc_objective,0.5,0.3319631427395374,0.3446113016276024,0.7511758977940949,0.24868425141815628,0.36335403726708076,0.6230821769334788,0.36792452830188677,0.3588957055214724,0.140871265277901,0.4075829383886256,0.26380368098159507,2.6367865554037158,0.33649289099526064,0.43558282208588955,2.1768819236472536
cross_project,KC1,101,AQRPE_v2_soft_top3,ET_leaf5|LR_std_C0.1|LR_std_C1,soft_top3_balanced_objective,0.509691,0.4276518784664233,0.3830835550298385,0.7804718386671667,0.2905695095246295,0.4012158054711246,0.6463687381507007,0.39759036144578314,0.4049079754601227,0.14634384208085371,0.4312796208530806,0.2791411042944785,2.7900880993225368,0.3744075829383886,0.48466257668711654,2.4221643939173667
within_project,KC2,101,LR_std_C0.1,LR_std_C0.1,single_candidate_balanced_threshold,0.406,0.5922730744058571,0.6333149700733431,0.890197152245345,0.5230284943593165,0.6153846153846154,0.8159912376779846,0.46511627906976744,0.9090909090909091,0.1469909276163514,0.8181818181818182,0.4090909090909091,3.9049586776859506,0.6190476190476191,0.5909090909090909,2.9545454545454546
within_project,KC2,101,LR_std_C1,LR_std_C1,single_candidate_balanced_threshold,0.448312,0.6149185847975994,0.6148443286482267,0.8847207009857612,0.5939466456889808,0.6785714285714286,0.8414567360350493,0.5588235294117647,0.8636363636363636,0.14151717678640177,0.8181818181818182,0.4090909090909091,3.9049586776859506,0.6190476190476191,0.5909090909090909,2.9545454545454546
within_project,KC2,101,DT_leaf5,DT_leaf5,single_candidate_balanced_threshold,0.166667,0.43442649805506833,0.4620359559833245,0.7275465498357065,0.4040286729361515,0.5423728813559322,0.7371303395399781,0.43243243243243246,0.7272727272727273,0.1614190488971663,0.45454545454545453,0.22727272727272727,2.1694214876033056,0.5238095238095238,0.5,2.5
within_project,KC2,101,ET_leaf5,ET_leaf5,single_candidate_balanced_threshold,0.517102,0.6158297648578336,0.658969305417515,0.877053669222344,0.5742458736949841,0.6666666666666666,0.8247535596933188,0.5625,0.8181818181818182,0.1888740918436225,0.7272727272727273,0.36363636363636365,3.4710743801652892,0.6190476190476191,0.5909090909090909,2.9545454545454546
within_project,KC2,101,AQRPE_v2_balanced,ET_leaf5,balanced_objective,0.517102,0.6158297648578336,0.658969305417515,0.877053669222344,0.5742458736949841,0.6666666666666666,0.8247535596933188,0.5625,0.8181818181818182,0.1888740918436225,0.7272727272727273,0.36363636363636365,3.4710743801652892,0.6190476190476191,0.5909090909090909,2.9545454545454546
within_project,KC2,101,AQRPE_v2_rank,LR_std_C0.1,rank_objective_fixed_threshold,0.5,0.5510559610846433,0.6333149700733431,0.890197152245345,0.5439350997408309,0.6428571428571429,0.8127053669222344,0.5294117647058824,0.8181818181818182,0.1469909276163514,0.8181818181818182,0.4090909090909091,3.9049586776859506,0.6190476190476191,0.5909090909090909,2.9545454545454546
within_project,KC2,101,AQRPE_v2_mcc,ET_leaf5,mcc_objective,0.517102,0.5417363388859614,0.658969305417515,0.877053669222344,0.5742458736949841,0.6666666666666666,0.8247535596933188,0.5625,0.8181818181818182,0.1888740918436225,0.7272727272727273,0.36363636363636365,3.4710743801652892,0.6190476190476191,0.5909090909090909,2.9545454545454546
within_project,KC2,101,AQRPE_v2_soft_top3,ET_leaf5|LR_std_C1|LR_std_C0.1,soft_top3_balanced_objective,0.4295,0.5942725575791393,0.6204832856554219,0.8880065717415115,0.5230284943593165,0.6153846153846154,0.8159912376779846,0.46511627906976744,0.9090909090909091,0.15273319000243227,0.7272727272727273,0.36363636363636365,3.4710743801652892,0.6190476190476191,0.5909090909090909,2.9545454545454546
cross_project,KC2,101,LR_std_C0.1,LR_std_C0.1,single_candidate_balanced_threshold,0.526159,0.38606109492658947,0.6405587567178027,0.8485643508613894,0.5107577950982859,0.6171003717472119,0.7926697443981534,0.5123456790123457,0.7757009345794392,0.1603749454411759,0.7358490566037735,0.3644859813084112,3.5898430611885024,0.6,0.5887850467289719,2.9271028037383173
cross_project,KC2,101,LR_std_C1,LR_std_C1,single_candidate_balanced_threshold,0.5235,0.38814730818045606,0.6383959459717837,0.8530570881657471,0.5136094470235821,0.6181818181818182,0.797196261682243,0.5059523809523809,0.794392523364486,0.16040026180109504,0.7358490566037735,0.3644859813084112,3.5898430611885024,0.6,0.5887850467289719,2.9271028037383173
cross_project,KC2,101,DT_leaf5,DT_leaf5,single_candidate_balanced_threshold,0.1475,0.3362484126861034,0.3288783167542536,0.5465375520774687,0.15887305868451362,0.3609022556390977,0.5905641256615246,0.3018867924528302,0.4485981308411215,0.19782894880358023,0.49056603773584906,0.24299065420560748,2.3932287074590017,0.3619047619047619,0.35514018691588783,1.765554072096128
cross_project,KC2,101,ET_leaf5,ET_leaf5,single_candidate_balanced_threshold,0.484964,0.42848408901021995,0.627326194720355,0.847258191645085,0.49415630174166136,0.6050420168067226,0.7653642607814435,0.549618320610687,0.6728971962616822,0.14332039897083934,0.6981132075471698,0.34579439252336447,3.405748545230118,0.5714285714285714,0.5607476635514018,2.7877169559412547
cross_project,KC2,101,AQRPE_v2_balanced,ET_leaf5,balanced_objective,0.484964,0.42848408901021995,0.627326194720355,0.847258191645085,0.49415630174166136,0.6050420168067226,0.7653642607814435,0.549618320610687,0.6728971962616822,0.14332039897083934,0.6981132075471698,0.34579439252336447,3.405748545230118,0.5714285714285714,0.5607476635514018,2.7877169559412547
cross_project,KC2,101,AQRPE_v2_rank,ET_leaf5,rank_objective_fixed_threshold,0.5,0.37776863486114576,0.627326194720355,0.847258191645085,0.48209842186194896,0.5938864628820961,0.752696768381939,0.5573770491803278,0.6355140186915887,0.14332039897083934,0.6981132075471698,0.34579439252336447,3.405748545230118,0.5714285714285714,0.5607476635514018,2.7877169559412547
cross_project,KC2,101,AQRPE_v2_mcc,ET_leaf5,mcc_objective,0.484964,0.31509817266588275,0.627326194720355,0.847258191645085,0.49415630174166136,0.6050420168067226,0.7653642607814435,0.549618320610687,0.6728971962616822,0.14332039897083934,0.6981132075471698,0.34579439252336447,3.405748545230118,0.5714285714285714,0.5607476635514018,2.7877169559412547
cross_project,KC2,101,AQRPE_v2_soft_top3,ET_leaf5|LR_std_C1|LR_std_C0.1,soft_top3_balanced_objective,0.547,0.4067327484185165,0.6391620554155755,0.8569643058214166,0.5009507118098514,0.6094420600858369,0.7655106406936156,0.5634920634920635,0.6635514018691588,0.1522372586597191,0.7169811320754716,0.35514018691588783,3.49779580320931,0.5904761904761905,0.5794392523364486,2.88064085447263
within_project,PC1,101,LR_std_C0.1,LR_std_C0.1,single_candidate_balanced_threshold,0.420564,0.3965675456104734,0.3496165567162006,0.8602254428341385,0.33892422596233085,0.3111111111111111,0.8193236714975846,0.18666666666666668,0.9333333333333333,0.16674005515997686,0.30434782608695654,0.4666666666666667,4.504347826086956,0.17777777777777778,0.5333333333333333,2.631111111111111
within_project,PC1,101,LR_std_C1,LR_std_C1,single_candidate_balanced_threshold,0.2885,0.3657028735438721,0.32503822770406,0.8644122383252819,0.21675425810041976,0.21052631578947367,0.7154589371980676,0.11864406779661017,0.9333333333333333,0.16340564617220782,0.30434782608695654,0.4666666666666667,4.504347826086956,0.24444444444444444,0.7333333333333333,3.6177777777777775
within_project,PC1,101,DT_leaf5,DT_leaf5,single_candidate_balanced_threshold,0.3355,0.3827273897586859,0.17960498313439488,0.7022544283413849,0.31354615549613907,0.35555555555555557,0.7135265700483091,0.26666666666666666,0.5333333333333333,0.08293292482483315,0.21739130434782608,0.3333333333333333,3.2173913043478257,0.17777777777777778,0.5333333333333333,2.631111111111111
within_project,PC1,101,ET_leaf5,ET_leaf5,single_candidate_balanced_threshold,0.6645,0.49941635058093353,0.434168672582723,0.8827697262479871,0.374173046816084,0.4,0.6545893719806763,0.5,0.3333333333333333,0.11919433196282693,0.34782608695652173,0.5333333333333333,5.147826086956521,0.24444444444444444,0.7333333333333333,3.6177777777777775
within_project,PC1,101,AQRPE_v2_balanced,ET_leaf5,balanced_objective,0.6645,0.49941635058093353,0.434168672582723,0.8827697262479871,0.374173046816084,0.4,0.6545893719806763,0.5,0.3333333333333333,0.11919433196282692,0.34782608695652173,0.5333333333333333,5.147826086956521,0.24444444444444444,0.7333333333333333,3.6177777777777775
within_project,PC1,101,AQRPE_v2_rank,ET_leaf5,rank_objective_fixed_threshold,0.5,0.49228534352499953,0.434168672582723,0.8827697262479871,0.33017866454997,0.37209302325581395,0.7183574879227053,0.2857142857142857,0.5333333333333333,0.11919433196282693,0.34782608695652173,0.5333333333333333,5.147826086956521,0.24444444444444444,0.7333333333333333,3.6177777777777775
within_project,PC1,101,AQRPE_v2_mcc,ET_leaf5,mcc_objective,0.6645,0.4433697711665131,0.434168672582723,0.8827697262479871,0.374173046816084,0.4,0.6545893719806763,0.5,0.3333333333333333,0.11919433196282693,0.34782608695652173,0.5333333333333333,5.147826086956521,0.24444444444444444,0.7333333333333333,3.6177777777777775
within_project,PC1,101,AQRPE_v2_soft_top3,ET_leaf5|LR_std_C0.1|DT_leaf5,soft_top3_balanced_objective,0.266336,0.44362193592539856,0.3757266600170581,0.8962962962962963,0.31788332421899557,0.2916666666666667,0.8048309178743962,0.1728395061728395,0.9333333333333333,0.09433878746238375,0.30434782608695654,0.4666666666666667,4.504347826086956,0.26666666666666666,0.8,3.9466666666666663
cross_project,PC1,101,LR_std_C0.1,LR_std_C0.1,single_candidate_balanced_threshold,0.564093,0.4097134165765678,0.19341695873967002,0.6930370985603544,0.1369545081943623,0.20689655172413793,0.5854915433403806,0.16666666666666666,0.2727272727272727,0.1859905168547194,0.16216216216216217,0.23376623376623376,2.3355563355563356,0.17117117117117117,0.4935064935064935,2.465309465309465
cross_project,PC1,101,LR_std_C1,LR_std_C1,single_candidate_balanced_threshold,0.568086,0.40926385526182313,0.1900172665120211,0.6879152823920266,0.11907562132260782,0.18947368421052632,0.5708559851001711,0.1592920353982301,0.23376623376623376,0.1778422344394582,0.15315315315315314,0.22077922077922077,2.2058032058032055,0.16216216216216217,0.4675324675324675,2.3355563355563356
cross_project,PC1,101,DT_leaf5,DT_leaf5,single_candidate_balanced_threshold,0.166667,0.3389145135846344,0.10600979853523876,0.5376145172656801,0.03456237686053144,0.13432835820895522,0.530944830363435,0.08307692307692308,0.35064935064935066,0.12725684374374088,0.15315315315315314,0.22077922077922077,2.2058032058032055,0.1036036036036036,0.2987012987012987,1.492160992160992
cross_project,PC1,101,ET_leaf5,ET_leaf5,single_candidate_balanced_threshold,0.547,0.44095510867863597,0.22863176614159852,0.7244601328903655,0.22869023116517467,0.2813688212927757,0.6680698177791201,0.1989247311827957,0.4805194805194805,0.16998314424025732,0.23423423423423423,0.33766233766233766,3.373581373581373,0.18018018018018017,0.5194805194805194,2.5950625950625947
cross_project,PC1,101,AQRPE_v2_balanced,ET_leaf5,balanced_objective,0.547,0.44095510867863597,0.22863176614159852,0.7244601328903655,0.22869023116517467,0.2813688212927757,0.6680698177791201,0.1989247311827957,0.4805194805194805,0.16998314424025732,0.23423423423423423,0.33766233766233766,3.373581373581373,0.18018018018018017,0.5194805194805194,2.5950625950625947
cross_project,PC1,101,AQRPE_v2_rank,ET_leaf5,rank_objective_fixed_threshold,0.5,0.3890147334249103,0.22863176614159852,0.7244601328903655,0.19810274982454815,0.24848484848484848,0.6635205879391926,0.16205533596837945,0.5324675324675324,0.16998314424025732,0.23423423423423423,0.33766233766233766,3.373581373581373,0.18018018018018017,0.5194805194805194,2.5950625950625947
cross_project,PC1,101,AQRPE_v2_mcc,ET_leaf5,mcc_objective,0.547,0.33679871830126257,0.22863176614159852,0.7244601328903655,0.22869023116517467,0.2813688212927757,0.6680698177791201,0.1989247311827957,0.4805194805194805,0.16998314424025732,0.23423423423423423,0.33766233766233766,3.373581373581373,0.18018018018018017,0.5194805194805194,2.5950625950625947
cross_project,PC1,101,AQRPE_v2_soft_top3,ET_leaf5|LR_std_C0.1|LR_std_C1,soft_top3_balanced_objective,0.5235,0.42229144590994416,0.20934534943770616,0.7181679754354173,0.2075332097353457,0.2661290322580645,0.6474252491694352,0.19298245614035087,0.42857142857142855,0.17494459197573753,0.18018018018018017,0.2597402597402597,2.5950625950625947,0.17117117117117117,0.4935064935064935,2.465309465309465
