experiment,target_project,seed,model,selected_candidate,selection_mode,threshold,selection_score,avg_precision,roc_auc,mcc,f1,balanced_accuracy,precision,recall,brier,precision_at_10pct,recall_at_10pct,lift_at_10pct,precision_at_20pct,recall_at_20pct,lift_at_20pct
within_project,CM1,7,LR_std_C0.1,LR_std_C0.1,single_candidate_balanced_threshold,0.731837,0.399981182974777,0.3299670493951137,0.7016666666666667,0.24459979523511427,0.3157894736842105,0.6166666666666667,0.3333333333333333,0.3,0.16063454214168382,0.3,0.3,2.9999999999999996,0.3,0.6,2.9999999999999996
within_project,CM1,7,LR_std_C1,LR_std_C1,single_candidate_balanced_threshold,0.773416,0.39867594658647626,0.40516356446112445,0.7016666666666667,0.3004803573066879,0.35294117647058826,0.6277777777777778,0.42857142857142855,0.3,0.1507920478307733,0.3,0.3,2.9999999999999996,0.25,0.5,2.5
within_project,CM1,7,DT_leaf5,DT_leaf5,single_candidate_balanced_threshold,0.218,0.20807139311938952,0.13638655462184873,0.6144444444444445,0.153704111387796,0.25,0.5888888888888889,0.21428571428571427,0.3,0.11417779097304942,0.1,0.1,1.0,0.2,0.4,2.0
within_project,CM1,7,ET_leaf5,ET_leaf5,single_candidate_balanced_threshold,0.641,0.4296927558544454,0.15905222244675243,0.6427777777777778,-0.06804138174397717,0.0,0.4777777777777778,0.0,0.0,0.15252812607781427,0.2,0.2,2.0,0.15,0.3,1.4999999999999998
within_project,CM1,7,AQRPE_v2_balanced,ET_leaf5,balanced_objective,0.641,0.4296927558544454,0.15905222244675243,0.6427777777777778,-0.06804138174397717,0.0,0.4777777777777778,0.0,0.0,0.15252812607781427,0.2,0.2,2.0,0.15,0.3,1.4999999999999998
within_project,CM1,7,AQRPE_v2_rank,LR_std_C0.1,rank_objective_fixed_threshold,0.5,0.3433765928642311,0.3299670493951137,0.7016666666666667,0.3333333333333333,0.4,0.7222222222222222,0.3,0.6,0.16063454214168382,0.3,0.3,2.9999999999999996,0.3,0.6,2.9999999999999996
within_project,CM1,7,AQRPE_v2_mcc,ET_leaf5,mcc_objective,0.641,0.36673230396086576,0.15905222244675243,0.6427777777777778,-0.06804138174397717,0.0,0.4777777777777778,0.0,0.0,0.15252812607781427,0.2,0.2,2.0,0.15,0.3,1.4999999999999998
within_project,CM1,7,AQRPE_v2_soft_top3,ET_leaf5|LR_std_C0.1|LR_std_C1,soft_top3_balanced_objective,0.7115,0.41431599634224003,0.3275803406215777,0.6916666666666667,0.16983672369508443,0.23529411764705882,0.5722222222222222,0.2857142857142857,0.2,0.14949392792167088,0.3,0.3,2.9999999999999996,0.25,0.5,2.5
within_project,JM1,7,LR_std_C0.1,LR_std_C0.1,single_candidate_balanced_threshold,0.5,0.38015008074271234,0.38311643817635144,0.712782200252509,0.24392345230582235,0.3865276663993585,0.654466521152982,0.2917675544794189,0.5724465558194775,0.20644587161348799,0.49056603773584906,0.3087885985748218,3.077398825796621,0.3648393194706994,0.4584323040380047,2.2886951133541973
within_project,JM1,7,LR_std_C1,LR_std_C1,single_candidate_balanced_threshold,0.51626,0.3799337553935896,0.3790811225656022,0.7105181785110526,0.24322412259043047,0.3853989813242784,0.6502268301555713,0.2998678996036988,0.5391923990498813,0.20616768443963743,0.4867924528301887,0.30641330166270786,3.053726527136647,0.3591682419659735,0.4513064133016627,2.2531195416440286
within_project,JM1,7,DT_leaf5,DT_leaf5,single_candidate_balanced_threshold,0.124,0.3506341533302524,0.2681856917222201,0.6350104855449273,0.19445342763688384,0.3515625,0.6244281098200338,0.2619324796274738,0.5344418052256532,0.16624729763278845,0.39245283018867927,0.24703087885985747,2.461919060637297,0.31190926275992437,0.3919239904988123,1.956656444059288
within_project,JM1,7,ET_leaf5,ET_leaf5,single_candidate_balanced_threshold,0.4765,0.4183490088504131,0.42496996479258664,0.754745244056408,0.3016615688717156,0.4288164665523156,0.6854256275277653,0.33557046979865773,0.5938242280285035,0.1676259723372398,0.5169811320754717,0.3254156769596199,3.243104916416439,0.387523629489603,0.48693586698337293,2.430997400194873
within_project,JM1,7,AQRPE_v2_balanced,ET_leaf5,balanced_objective,0.4765,0.4183490088504131,0.42496996479258664,0.754745244056408,0.3016615688717156,0.4288164665523156,0.6854256275277653,0.33557046979865773,0.5938242280285035,0.1676259723372398,0.5169811320754717,0.3254156769596199,3.243104916416439,0.387523629489603,0.48693586698337293,2.430997400194873
within_project,JM1,7,AQRPE_v2_rank,ET_leaf5,rank_objective_fixed_threshold,0.5,0.3656804174029186,0.42496996479258664,0.754745244056408,0.30505757816974277,0.4308263695450325,0.68003894630973,0.35365853658536583,0.5510688836104513,0.1676259723372398,0.5169811320754717,0.3254156769596199,3.243104916416439,0.387523629489603,0.48693586698337293,2.430997400194873
within_project,JM1,7,AQRPE_v2_mcc,ET_leaf5,mcc_objective,0.4765,0.30028604364563927,0.42496996479258664,0.754745244056408,0.3016615688717156,0.4288164665523156,0.6854256275277653,0.33557046979865773,0.5938242280285035,0.1676259723372398,0.5169811320754717,0.3254156769596199,3.243104916416439,0.387523629489603,0.48693586698337293,2.430997400194873
within_project,JM1,7,AQRPE_v2_soft_top3,ET_leaf5|LR_std_C0.1|LR_std_C1,soft_top3_balanced_objective,0.491861,0.39948286501441144,0.40260042753674097,0.7385520318418181,0.27658933912226424,0.4101694915254237,0.6709694849243544,0.3188405797101449,0.5748218527315915,0.18972258561109173,0.5018867924528302,0.3159144893111639,3.148415721776543,0.3742911153119093,0.47030878859857483,2.347987732871146
within_project,KC1,7,LR_std_C0.1,LR_std_C0.1,single_candidate_balanced_threshold,0.730852,0.5104173073451738,0.3828772374475123,0.7346692523163112,0.28403455228917884,0.3669724770642202,0.6202327084680026,0.45454545454545453,0.3076923076923077,0.19234960935531592,0.46511627906976744,0.3076923076923077,3.0196779964221823,0.35294117647058826,0.46153846153846156,2.2914027149321265
within_project,KC1,7,LR_std_C1,LR_std_C1,single_candidate_balanced_threshold,0.7115,0.491314490226896,0.3776700519796842,0.7311355311355312,0.29390149791472264,0.3898305084745763,0.6349062702003878,0.4339622641509434,0.35384615384615387,0.1907904956019068,0.4883720930232558,0.3230769230769231,3.170661896243291,0.32941176470588235,0.4307692307692308,2.1386425339366513
within_project,KC1,7,DT_leaf5,DT_leaf5,single_candidate_balanced_threshold,0.641,0.49348853444065466,0.26207749223778304,0.6305322128851542,0.2685810743328312,0.35185185185185186,0.6125404007756949,0.4418604651162791,0.2923076923076923,0.1700382950606149,0.4418604651162791,0.2923076923076923,2.8686940966010734,0.3058823529411765,0.4,1.9858823529411764
within_project,KC1,7,ET_leaf5,ET_leaf5,single_candidate_balanced_threshold,0.5235,0.5188363375672044,0.39399467171936986,0.7447317388493859,0.2595065576558708,0.3902439024390244,0.6523163111398406,0.32323232323232326,0.49230769230769234,0.16769182463968663,0.46511627906976744,0.3076923076923077,3.0196779964221823,0.32941176470588235,0.4307692307692308,2.1386425339366513
within_project,KC1,7,AQRPE_v2_balanced,ET_leaf5,balanced_objective,0.5235,0.5188363375672044,0.39399467171936986,0.7447317388493859,0.2595065576558708,0.3902439024390244,0.6523163111398406,0.32323232323232326,0.49230769230769234,0.1676918246396866,0.46511627906976744,0.3076923076923077,3.0196779964221823,0.32941176470588235,0.4307692307692308,2.1386425339366513
within_project,KC1,7,AQRPE_v2_rank,ET_leaf5,rank_objective_fixed_threshold,0.5,0.4997478677804201,0.39399467171936986,0.7447317388493859,0.28184291488238405,0.4090909090909091,0.6718810601163543,0.32432432432432434,0.5538461538461539,0.1676918246396866,0.46511627906976744,0.3076923076923077,3.0196779964221823,0.32941176470588235,0.4307692307692308,2.1386425339366513
within_project,KC1,7,AQRPE_v2_mcc,LR_std_C0.1,mcc_objective,0.730852,0.42913052772074445,0.3828772374475123,0.7346692523163112,0.28403455228917884,0.3669724770642202,0.6202327084680026,0.45454545454545453,0.3076923076923077,0.19234960935531592,0.46511627906976744,0.3076923076923077,3.0196779964221823,0.35294117647058826,0.46153846153846156,2.2914027149321265
within_project,KC1,7,AQRPE_v2_soft_top3,ET_leaf5|LR_std_C0.1|DT_leaf5,soft_top3_balanced_objective,0.594,0.5323639895188701,0.38393830271801477,0.7341521223874166,0.2442891324274155,0.35,0.613919413919414,0.38181818181818183,0.3230769230769231,0.15231949767685446,0.3953488372093023,0.26153846153846155,2.566726296958855,0.35294117647058826,0.46153846153846156,2.2914027149321265
within_project,KC2,7,LR_std_C0.1,LR_std_C0.1,single_candidate_balanced_threshold,0.609777,0.6790867685241465,0.6552446501578482,0.7732749178532312,0.4249726177437021,0.5454545454545454,0.7124863088718509,0.5454545454545454,0.5454545454545454,0.1657337219820212,0.8181818181818182,0.4090909090909091,3.9049586776859506,0.5238095238095238,0.5,2.5
within_project,KC2,7,LR_std_C1,LR_std_C1,single_candidate_balanced_threshold,0.503947,0.6881746654225529,0.6362350822570983,0.7732749178532311,0.3708873012228987,0.5185185185185185,0.7097480832420591,0.4375,0.6363636363636364,0.16557869144687506,0.8181818181818182,0.4090909090909091,3.9049586776859506,0.5714285714285714,0.5454545454545454,2.727272727272727
within_project,KC2,7,DT_leaf5,DT_leaf5,single_candidate_balanced_threshold,0.218,0.37639593262201954,0.4393084547848075,0.583789704271632,0.23656107737687027,0.4,0.6202081051478642,0.391304347826087,0.4090909090909091,0.1817061422581521,0.6363636363636364,0.3181818181818182,3.037190082644628,0.42857142857142855,0.4090909090909091,2.0454545454545454
within_project,KC2,7,ET_leaf5,ET_leaf5,single_candidate_balanced_threshold,0.558955,0.7222975314163816,0.6702496264214215,0.7760131434830231,0.3931649624664154,0.5306122448979592,0.7111171960569551,0.48148148148148145,0.5909090909090909,0.16105818408130432,0.9090909090909091,0.45454545454545453,4.338842975206611,0.5714285714285714,0.5454545454545454,2.727272727272727
within_project,KC2,7,AQRPE_v2_balanced,ET_leaf5,balanced_objective,0.558955,0.7222975314163816,0.6702496264214215,0.7760131434830231,0.3931649624664154,0.5306122448979592,0.7111171960569551,0.48148148148148145,0.5909090909090909,0.16105818408130432,0.9090909090909091,0.45454545454545453,4.338842975206611,0.5714285714285714,0.5454545454545454,2.727272727272727
within_project,KC2,7,AQRPE_v2_rank,LR_std_C0.1,rank_objective_fixed_threshold,0.5,0.5686727386340771,0.6552446501578482,0.7732749178532312,0.3708873012228987,0.5185185185185185,0.7097480832420591,0.4375,0.6363636363636364,0.1657337219820212,0.8181818181818182,0.4090909090909091,3.9049586776859506,0.5238095238095238,0.5,2.5
within_project,KC2,7,AQRPE_v2_mcc,ET_leaf5,mcc_objective,0.558955,0.7034650053120127,0.6702496264214215,0.7760131434830231,0.3931649624664154,0.5306122448979592,0.7111171960569551,0.48148148148148145,0.5909090909090909,0.16105818408130426,0.9090909090909091,0.45454545454545453,4.338842975206611,0.5714285714285714,0.5454545454545454,2.727272727272727
within_project,KC2,7,AQRPE_v2_soft_top3,ET_leaf5|LR_std_C1|LR_std_C0.1,soft_top3_balanced_objective,0.594,0.6959297113866811,0.6679986610333668,0.778751369112815,0.3715292101542077,0.5106382978723404,0.6944140197152245,0.48,0.5454545454545454,0.1616947126612933,0.8181818181818182,0.4090909090909091,3.9049586776859506,0.5714285714285714,0.5454545454545454,2.727272727272727
within_project,PC1,7,LR_std_C0.1,LR_std_C0.1,single_candidate_balanced_threshold,0.4295,0.4387786917602898,0.3289565809440226,0.8318840579710145,0.3316974076369384,0.30434782608695654,0.8144927536231884,0.18181818181818182,0.9333333333333333,0.17718393655235262,0.2608695652173913,0.4,3.8608695652173908,0.15555555555555556,0.4666666666666667,2.302222222222222
within_project,PC1,7,LR_std_C1,LR_std_C1,single_candidate_balanced_threshold,0.630209,0.44949201855100956,0.30768373225690304,0.8454106280193237,0.21669453555438456,0.2692307692307692,0.6608695652173913,0.1891891891891892,0.4666666666666667,0.1684012233639133,0.2608695652173913,0.4,3.8608695652173908,0.17777777777777778,0.5333333333333333,2.631111111111111
within_project,PC1,7,DT_leaf5,DT_leaf5,single_candidate_balanced_threshold,0.2415,0.532243495062262,0.3185008943780873,0.7809983896940418,0.36669585460143395,0.4117647058823529,0.7043478260869565,0.3684210526315789,0.4666666666666667,0.05408313191991005,0.30434782608695654,0.4666666666666667,4.504347826086956,0.2222222222222222,0.6666666666666666,3.2888888888888883
within_project,PC1,7,ET_leaf5,ET_leaf5,single_candidate_balanced_threshold,0.688,0.5090138111436712,0.45006491920097597,0.821256038647343,0.5256781640590517,0.5217391304347826,0.6951690821256038,0.75,0.4,0.10848190654586419,0.34782608695652173,0.5333333333333333,5.147826086956521,0.2222222222222222,0.6666666666666666,3.2888888888888883
within_project,PC1,7,AQRPE_v2_balanced,DT_leaf5,balanced_objective,0.2415,0.532243495062262,0.3185008943780873,0.7809983896940418,0.36669585460143395,0.4117647058823529,0.7043478260869565,0.3684210526315789,0.4666666666666667,0.05408313191991005,0.30434782608695654,0.4666666666666667,4.504347826086956,0.2222222222222222,0.6666666666666666,3.2888888888888883
within_project,PC1,7,AQRPE_v2_rank,ET_leaf5,rank_objective_fixed_threshold,0.5,0.46445435036276783,0.45006491920097597,0.821256038647343,0.3611575592573076,0.38461538461538464,0.7681159420289855,0.2702702702702703,0.6666666666666666,0.10848190654586419,0.34782608695652173,0.5333333333333333,5.147826086956521,0.2222222222222222,0.6666666666666666,3.2888888888888883
within_project,PC1,7,AQRPE_v2_mcc,DT_leaf5,mcc_objective,0.2415,0.4712503348740226,0.3185008943780873,0.7809983896940418,0.36669585460143395,0.4117647058823529,0.7043478260869565,0.3684210526315789,0.4666666666666667,0.05408313191991005,0.30434782608695654,0.4666666666666667,4.504347826086956,0.2222222222222222,0.6666666666666666,3.2888888888888883
within_project,PC1,7,AQRPE_v2_soft_top3,DT_leaf5|ET_leaf5|LR_std_C1,soft_top3_balanced_objective,0.594,0.575405651588835,0.47189287573989075,0.8840579710144928,0.6001048931409149,0.6153846153846154,0.7594202898550725,0.7272727272727273,0.5333333333333333,0.08135806562382142,0.391304347826087,0.6,5.791304347826087,0.24444444444444444,0.7333333333333333,3.6177777777777775
within_project,CM1,13,LR_std_C0.1,LR_std_C0.1,single_candidate_balanced_threshold,0.6175,0.42376571573768435,0.5904564771612826,0.9233333333333333,0.4418993202399135,0.5,0.7555555555555555,0.42857142857142855,0.6,0.16561012171683692,0.3,0.3,2.9999999999999996,0.4,0.8,4.0
within_project,CM1,13,LR_std_C1,LR_std_C1,single_candidate_balanced_threshold,0.4295,0.3885085620757147,0.5553306337746565,0.8588888888888888,0.3843711067980367,0.4,0.8055555555555556,0.2571428571428571,0.9,0.16198895880991537,0.4,0.4,4.0,0.4,0.8,4.0
within_project,CM1,13,DT_leaf5,DT_leaf5,single_candidate_balanced_threshold,0.03,0.3542689983799837,0.15058574879227055,0.6322222222222222,0.19245008972987526,0.2857142857142857,0.6388888888888888,0.2,0.5,0.11699284714286468,0.2,0.2,2.0,0.2,0.4,2.0
within_project,CM1,13,ET_leaf5,ET_leaf5,single_candidate_balanced_threshold,0.504355,0.4445503475604144,0.24289754191881852,0.7911111111111111,0.25,0.3333333333333333,0.6666666666666667,0.25,0.5,0.14495502324977497,0.2,0.2,2.0,0.25,0.5,2.5
within_project,CM1,13,AQRPE_v2_balanced,ET_leaf5,balanced_objective,0.504355,0.4445503475604144,0.24289754191881852,0.7911111111111111,0.25,0.3333333333333333,0.6666666666666667,0.25,0.5,0.14495502324977494,0.2,0.2,2.0,0.25,0.5,2.5
within_project,CM1,13,AQRPE_v2_rank,LR_std_C0.1,rank_objective_fixed_threshold,0.5,0.3420815363881402,0.5904564771612826,0.9233333333333333,0.5480980958129164,0.5405405405405406,0.9055555555555556,0.37037037037037035,1.0,0.16561012171683692,0.3,0.3,2.9999999999999996,0.4,0.8,4.0
within_project,CM1,13,AQRPE_v2_mcc,ET_leaf5,mcc_objective,0.504355,0.37227795760871,0.24289754191881852,0.7911111111111111,0.25,0.3333333333333333,0.6666666666666667,0.25,0.5,0.14495502324977497,0.2,0.2,2.0,0.25,0.5,2.5
within_project,CM1,13,AQRPE_v2_soft_top3,ET_leaf5|LR_std_C0.1|LR_std_C1,soft_top3_balanced_objective,0.600928,0.42855626948174086,0.46735387800605194,0.9066666666666667,0.36673230396086576,0.43478260869565216,0.7055555555555555,0.38461538461538464,0.5,0.1488891764440219,0.4,0.4,4.0,0.4,0.8,4.0
within_project,JM1,13,LR_std_C0.1,LR_std_C0.1,single_candidate_balanced_threshold,0.549075,0.3951833697858754,0.3444349230186423,0.7153452740151077,0.27185925316419235,0.4041944709246902,0.6580877789903918,0.3375796178343949,0.503562945368171,0.21367422891444188,0.4188679245283019,0.26365795724465557,2.627625151257115,0.3572778827977316,0.4489311163895487,2.2412610177406393
within_project,JM1,13,LR_std_C1,LR_std_C1,single_candidate_balanced_threshold,0.5705,0.3971584814651222,0.34058249790932443,0.7149108728681175,0.2624068064111457,0.3925619834710744,0.6452478012454259,0.3473491773308958,0.4513064133016627,0.21238946551922552,0.4188679245283019,0.26365795724465557,2.627625151257115,0.3534971644612476,0.44418052256532065,2.21754396993386
within_project,JM1,13,DT_leaf5,DT_leaf5,single_candidate_balanced_threshold,0.406,0.3485871875602515,0.2654927000594306,0.6413328411546938,0.19844493892726942,0.32320777642770354,0.5973716590699963,0.3308457711442786,0.3159144893111639,0.15911998443020905,0.33962264150943394,0.21377672209026127,2.1305068793976605,0.31758034026465026,0.3990498812351544,1.9922320157694569
within_project,JM1,13,ET_leaf5,ET_leaf5,single_candidate_balanced_threshold,0.540571,0.4432492687341542,0.4121816442897617,0.7704505574458069,0.3177219204528808,0.43651626442812175,0.6740579058868845,0.39097744360902253,0.49406175771971494,0.16941013759605375,0.4679245283018868,0.29453681710213775,2.935365033836777,0.391304347826087,0.4916864608076009,2.4547144480016523
within_project,JM1,13,AQRPE_v2_balanced,ET_leaf5,balanced_objective,0.540571,0.4432492687341542,0.4121816442897617,0.7704505574458069,0.3177219204528808,0.43651626442812175,0.6740579058868845,0.39097744360902253,0.49406175771971494,0.16941013759605375,0.4679245283018868,0.29453681710213775,2.935365033836777,0.391304347826087,0.4916864608076009,2.4547144480016523
within_project,JM1,13,AQRPE_v2_rank,ET_leaf5,rank_objective_fixed_threshold,0.5,0.4079522137925236,0.4121816442897617,0.7704505574458069,0.32895929265297913,0.4494995450409463,0.6962770965740086,0.36430678466076694,0.5866983372921615,0.16941013759605375,0.4679245283018868,0.29453681710213775,2.935365033836777,0.391304347826087,0.4916864608076009,2.4547144480016523
within_project,JM1,13,AQRPE_v2_mcc,ET_leaf5,mcc_objective,0.540571,0.33686272073294743,0.4121816442897617,0.7704505574458069,0.3177219204528808,0.43651626442812175,0.6740579058868845,0.39097744360902253,0.49406175771971494,0.16941013759605375,0.4679245283018868,0.29453681710213775,2.935365033836777,0.391304347826087,0.4916864608076009,2.4547144480016523
within_project,JM1,13,AQRPE_v2_soft_top3,ET_leaf5|LR_std_C1|LR_std_C0.1,soft_top3_balanced_objective,0.48496,0.41463840829453086,0.3697729239724178,0.7434101559992297,0.28096591034637713,0.41292356185973206,0.6791819135049539,0.3089622641509434,0.6223277909738717,0.19503383444571867,0.4490566037735849,0.2826603325415677,2.817003540536907,0.3761814744801512,0.47268408551068886,2.359846256774535
within_project,KC1,13,LR_std_C0.1,LR_std_C0.1,single_candidate_balanced_threshold,0.760003,0.48463690397709425,0.3637840017895594,0.7745959922430512,0.21930214103443493,0.3185840707964602,0.5964447317388494,0.375,0.27692307692307694,0.1937671522644571,0.4186046511627907,0.27692307692307694,2.717710196779964,0.3176470588235294,0.4153846153846154,2.0622624434389136
within_project,KC1,13,LR_std_C1,LR_std_C1,single_candidate_balanced_threshold,0.641,0.4938961072619379,0.3780467029051908,0.7794656324068089,0.26955080463778436,0.39751552795031053,0.6565179918121095,0.3333333333333333,0.49230769230769234,0.19353309427203114,0.4186046511627907,0.27692307692307694,2.717710196779964,0.3411764705882353,0.4461538461538462,2.215022624434389
within_project,KC1,13,DT_leaf5,DT_leaf5,single_candidate_balanced_threshold,0.5235,0.5352438822490762,0.2937738200650069,0.6503770739064856,0.2601942273955045,0.3795620437956204,0.6355742296918767,0.3611111111111111,0.4,0.16016057254150187,0.4418604651162791,0.2923076923076923,2.8686940966010734,0.3176470588235294,0.4153846153846154,2.0622624434389136
within_project,KC1,13,ET_leaf5,ET_leaf5,single_candidate_balanced_threshold,0.588478,0.5090982973761858,0.3564197692630685,0.7659771600948071,0.25313432466690866,0.3815789473684211,0.6418444300797242,0.3333333333333333,0.4461538461538462,0.17314735132840237,0.37209302325581395,0.24615384615384617,2.4157423971377456,0.3411764705882353,0.4461538461538462,2.215022624434389
within_project,KC1,13,AQRPE_v2_balanced,DT_leaf5,balanced_objective,0.5235,0.5352438822490762,0.2937738200650069,0.6503770739064856,0.2601942273955045,0.3795620437956204,0.6355742296918767,0.3611111111111111,0.4,0.16016057254150187,0.4418604651162791,0.2923076923076923,2.8686940966010734,0.3176470588235294,0.4153846153846154,2.0622624434389136
within_project,KC1,13,AQRPE_v2_rank,ET_leaf5,rank_objective_fixed_threshold,0.5,0.47477615049462585,0.3564197692630685,0.7659771600948071,0.2583442205048579,0.3917525773195876,0.6648567119155355,0.29457364341085274,0.5846153846153846,0.17314735132840237,0.37209302325581395,0.24615384615384617,2.4157423971377456,0.3411764705882353,0.4461538461538462,2.215022624434389
within_project,KC1,13,AQRPE_v2_mcc,DT_leaf5,mcc_objective,0.5235,0.4659717611045618,0.2937738200650069,0.6503770739064856,0.2601942273955045,0.3795620437956204,0.6355742296918767,0.3611111111111111,0.4,0.16016057254150187,0.4418604651162791,0.2923076923076923,2.8686940966010734,0.3176470588235294,0.4153846153846154,2.0622624434389136
within_project,KC1,13,AQRPE_v2_soft_top3,DT_leaf5|ET_leaf5|LR_std_C1,soft_top3_balanced_objective,0.594,0.5172365337505483,0.37547948301725786,0.7757164404223228,0.2680936824474013,0.3816793893129771,0.6348847231200172,0.3787878787878788,0.38461538461538464,0.15174249797451592,0.4186046511627907,0.27692307692307694,2.717710196779964,0.36470588235294116,0.47692307692307695,2.367782805429864
within_project,KC2,13,LR_std_C0.1,LR_std_C0.1,single_candidate_balanced_threshold,0.636272,0.6829445657070427,0.5838667875813772,0.781763417305586,0.448844089277905,0.55,0.7078313253012047,0.6111111111111112,0.5,0.17469908087538727,0.6363636363636364,0.3181818181818182,3.037190082644628,0.5714285714285714,0.5454545454545454,2.727272727272727
within_project,KC2,13,LR_std_C1,LR_std_C1,single_candidate_balanced_threshold,0.641,0.6963575091298168,0.5579609043795388,0.774644030668127,0.4446345583408636,0.5581395348837209,0.7185104052573932,0.5714285714285714,0.5454545454545454,0.1763258033695955,0.6363636363636364,0.3181818181818182,3.037190082644628,0.5714285714285714,0.5454545454545454,2.727272727272727
within_project,KC2,13,DT_leaf5,DT_leaf5,single_candidate_balanced_threshold,0.2885,0.6281185517378258,0.5178052889853706,0.7554764512595838,0.4264736708108159,0.5531914893617021,0.7231653888280394,0.52,0.5909090909090909,0.1489736366204813,0.7272727272727273,0.36363636363636365,3.4710743801652892,0.5714285714285714,0.5454545454545454,2.727272727272727
within_project,KC2,13,ET_leaf5,ET_leaf5,single_candidate_balanced_threshold,0.706326,0.6912269262098196,0.5843283756940643,0.7634173055859804,0.34880004452273433,0.4444444444444444,0.6456736035049289,0.5714285714285714,0.36363636363636365,0.17134448678947037,0.6363636363636364,0.3181818181818182,3.037190082644628,0.5238095238095238,0.5,2.5
within_project,KC2,13,AQRPE_v2_balanced,LR_std_C1,balanced_objective,0.641,0.6963575091298168,0.5579609043795388,0.774644030668127,0.4446345583408636,0.5581395348837209,0.7185104052573932,0.5714285714285714,0.5454545454545454,0.1763258033695955,0.6363636363636364,0.3181818181818182,3.037190082644628,0.5714285714285714,0.5454545454545454,2.727272727272727
within_project,KC2,13,AQRPE_v2_rank,ET_leaf5,rank_objective_fixed_threshold,0.5,0.6724045375842147,0.5843283756940643,0.7634173055859804,0.45800979924269086,0.5818181818181818,0.7612267250821467,0.48484848484848486,0.7272727272727273,0.17134448678947037,0.6363636363636364,0.3181818181818182,3.037190082644628,0.5238095238095238,0.5,2.5
within_project,KC2,13,AQRPE_v2_mcc,LR_std_C1,mcc_objective,0.641,0.6562571011583682,0.5579609043795388,0.774644030668127,0.4446345583408636,0.5581395348837209,0.7185104052573932,0.5714285714285714,0.5454545454545454,0.1763258033695955,0.6363636363636364,0.3181818181818182,3.037190082644628,0.5714285714285714,0.5454545454545454,2.727272727272727
within_project,KC2,13,AQRPE_v2_soft_top3,LR_std_C1|ET_leaf5|LR_std_C0.1,soft_top3_balanced_objective,0.6645,0.7180013848288277,0.5785630817901637,0.7735487404162104,0.4266689854520564,0.5365853658536586,0.7018072289156627,0.5789473684210527,0.5,0.172463958206398,0.6363636363636364,0.3181818181818182,3.037190082644628,0.5714285714285714,0.5454545454545454,2.727272727272727
within_project,PC1,13,LR_std_C0.1,LR_std_C0.1,single_candidate_balanced_threshold,0.4295,0.4035922559680055,0.4317104381804926,0.8822866344605476,0.31942658660502976,0.3058823529411765,0.7956521739130435,0.18571428571428572,0.8666666666666667,0.15684873988349957,0.30434782608695654,0.4666666666666667,4.504347826086956,0.24444444444444444,0.7333333333333333,3.6177777777777775
within_project,PC1,13,LR_std_C1,LR_std_C1,single_candidate_balanced_threshold,0.5235,0.4554887080606503,0.3980809438931036,0.884219001610306,0.3222694345775966,0.3333333333333333,0.770048309178744,0.21568627450980393,0.7333333333333333,0.155402136543594,0.2608695652173913,0.4,3.8608695652173908,0.24444444444444444,0.7333333333333333,3.6177777777777775
within_project,PC1,13,DT_leaf5,DT_leaf5,single_candidate_balanced_threshold,0.171,0.452379217251143,0.3917684287703263,0.78743961352657,0.3541216117038052,0.37735849056603776,0.7657004830917874,0.2631578947368421,0.6666666666666666,0.058121240840849166,0.391304347826087,0.6,5.791304347826087,0.2222222222222222,0.6666666666666666,3.2888888888888883
within_project,PC1,13,ET_leaf5,ET_leaf5,single_candidate_balanced_threshold,0.6175,0.5085098084346009,0.4602065946434669,0.8935587761674719,0.5495338726004237,0.5806451612903226,0.7830917874396135,0.5625,0.6,0.10661879843071435,0.43478260869565216,0.6666666666666666,6.434782608695651,0.28888888888888886,0.8666666666666667,4.275555555555555
within_project,PC1,13,AQRPE_v2_balanced,ET_leaf5,balanced_objective,0.6175,0.5085098084346009,0.4602065946434669,0.8935587761674719,0.5495338726004237,0.5806451612903226,0.7830917874396135,0.5625,0.6,0.10661879843071435,0.43478260869565216,0.6666666666666666,6.434782608695651,0.28888888888888886,0.8666666666666667,4.275555555555555
within_project,PC1,13,AQRPE_v2_rank,ET_leaf5,rank_objective_fixed_threshold,0.5,0.43870528221652594,0.4602065946434669,0.8935587761674719,0.4004669280829279,0.425531914893617,0.7801932367149758,0.3125,0.6666666666666666,0.10661879843071434,0.43478260869565216,0.6666666666666666,6.434782608695651,0.28888888888888886,0.8666666666666667,4.275555555555555
within_project,PC1,13,AQRPE_v2_mcc,ET_leaf5,mcc_objective,0.6175,0.443764792914761,0.4602065946434669,0.8935587761674719,0.5495338726004237,0.5806451612903226,0.7830917874396135,0.5625,0.6,0.10661879843071433,0.43478260869565216,0.6666666666666666,6.434782608695651,0.28888888888888886,0.8666666666666667,4.275555555555555
within_project,PC1,13,AQRPE_v2_soft_top3,ET_leaf5|LR_std_C1|DT_leaf5,soft_top3_balanced_objective,0.3825,0.4940101505456922,0.5328064209361614,0.9164251207729468,0.40931190049161525,0.4230769230769231,0.8038647342995169,0.2972972972972973,0.7333333333333333,0.07852043586504881,0.43478260869565216,0.6666666666666666,6.434782608695651,0.28888888888888886,0.8666666666666667,4.275555555555555
within_project,CM1,29,LR_std_C0.1,LR_std_C0.1,single_candidate_balanced_threshold,0.5235,0.3922487349289292,0.3605920618491776,0.808888888888889,0.26761546505252365,0.34782608695652173,0.65,0.3076923076923077,0.4,0.1354222138168851,0.4,0.4,4.0,0.3,0.6,2.9999999999999996
within_project,CM1,29,LR_std_C1,LR_std_C1,single_candidate_balanced_threshold,0.1945,0.40659828239052487,0.42098586598586596,0.8144444444444444,0.2161175729261621,0.2647058823529412,0.6777777777777778,0.15517241379310345,0.9,0.11534659142621241,0.4,0.4,4.0,0.3,0.6,2.9999999999999996
within_project,CM1,29,DT_leaf5,DT_leaf5,single_candidate_balanced_threshold,0.03,0.41203967029586047,0.2306060606060606,0.5861111111111111,0.11536088808075046,0.2222222222222222,0.5722222222222222,0.17647058823529413,0.3,0.09898995828521871,0.3,0.3,2.9999999999999996,0.15,0.3,1.4999999999999998
within_project,CM1,29,ET_leaf5,ET_leaf5,single_candidate_balanced_threshold,0.453,0.32931782771890755,0.17982252835269102,0.7166666666666667,0.17268844114653528,0.2702702702702703,0.6277777777777778,0.18518518518518517,0.5,0.15225669688569246,0.1,0.1,1.0,0.2,0.4,2.0
within_project,CM1,29,AQRPE_v2_balanced,DT_leaf5,balanced_objective,0.03,0.41203967029586047,0.2306060606060606,0.5861111111111111,0.11536088808075046,0.2222222222222222,0.5722222222222222,0.17647058823529413,0.3,0.09898995828521871,0.3,0.3,2.9999999999999996,0.15,0.3,1.4999999999999998
within_project,CM1,29,AQRPE_v2_rank,LR_std_C1,rank_objective_fixed_threshold,0.5,0.32387084112641923,0.42098586598586596,0.8144444444444444,0.4418993202399135,0.5,0.7555555555555555,0.42857142857142855,0.6,0.11534659142621241,0.4,0.4,4.0,0.3,0.6,2.9999999999999996
within_project,CM1,29,AQRPE_v2_mcc,DT_leaf5,mcc_objective,0.03,0.3333333333333333,0.2306060606060606,0.5861111111111111,0.11536088808075046,0.2222222222222222,0.5722222222222222,0.17647058823529413,0.3,0.09898995828521871,0.3,0.3,2.9999999999999996,0.15,0.3,1.4999999999999998
within_project,CM1,29,AQRPE_v2_soft_top3,DT_leaf5|LR_std_C1|LR_std_C0.1,soft_top3_balanced_objective,0.220929,0.44119548220688454,0.41194124085231165,0.8555555555555555,0.34020690871988585,0.36,0.7777777777777778,0.225,0.9,0.09203297623235972,0.3,0.3,2.9999999999999996,0.4,0.8,4.0
within_project,JM1,29,LR_std_C0.1,LR_std_C0.1,single_candidate_balanced_threshold,0.554378,0.40970304684008685,0.34113961334407167,0.6958191564486103,0.2529457881285452,0.38571428571428573,0.6411322248614411,0.33810375670840787,0.4489311163895487,0.20946628045453514,0.41132075471698115,0.2589073634204275,2.580280553937167,0.3440453686200378,0.4323040380047506,2.158251350416912
within_project,JM1,29,LR_std_C1,LR_std_C1,single_candidate_balanced_threshold,0.5705,0.4143313823155584,0.34218627927371364,0.6968559414521409,0.256206448229967,0.3860759493670886,0.6398621899809549,0.34724857685009486,0.4346793349168646,0.20868858399220383,0.4075471698113208,0.25653206650831356,2.556608255277193,0.34782608695652173,0.43705463182897863,2.181968398223691
within_project,JM1,29,DT_leaf5,DT_leaf5,single_candidate_balanced_threshold,0.265,0.3508070256391094,0.2839412382564794,0.6355994949819178,0.22073338205152274,0.36220472440944884,0.6259597483469217,0.3092436974789916,0.43705463182897863,0.15594586093843835,0.39622641509433965,0.2494061757719715,2.485591359297271,0.32514177693761814,0.4085510688836104,2.0396661113830152
within_project,JM1,29,ET_leaf5,ET_leaf5,single_candidate_balanced_threshold,0.583214,0.4323075488986717,0.37842567876643673,0.7433486336692987,0.27216574966572277,0.3831891223733004,0.6316080332113586,0.39948453608247425,0.3681710213776722,0.16952543580135057,0.4490566037735849,0.2826603325415677,2.817003540536907,0.34593572778827975,0.4346793349168646,2.170109874320301
within_project,JM1,29,AQRPE_v2_balanced,ET_leaf5,balanced_objective,0.583214,0.4323075488986717,0.37842567876643673,0.7433486336692987,0.27216574966572277,0.3831891223733004,0.6316080332113586,0.39948453608247425,0.3681710213776722,0.16952543580135057,0.4490566037735849,0.2826603325415677,2.817003540536907,0.34593572778827975,0.4346793349168646,2.170109874320301
within_project,JM1,29,AQRPE_v2_rank,ET_leaf5,rank_objective_fixed_threshold,0.5,0.40027905798632357,0.37842567876643673,0.7433486336692987,0.2722944616939409,0.40613718411552346,0.6631668485587725,0.32751091703056767,0.5344418052256532,0.16952543580135057,0.4490566037735849,0.2826603325415677,2.817003540536907,0.34593572778827975,0.4346793349168646,2.170109874320301
within_project,JM1,29,AQRPE_v2_mcc,ET_leaf5,mcc_objective,0.583214,0.3318860147610259,0.37842567876643673,0.7433486336692987,0.27216574966572277,0.3831891223733004,0.6316080332113586,0.39948453608247425,0.3681710213776722,0.16952543580135057,0.4490566037735849,0.2826603325415677,2.817003540536907,0.34593572778827975,0.4346793349168646,2.170109874320301
within_project,JM1,29,AQRPE_v2_soft_top3,ET_leaf5|LR_std_C1|LR_std_C0.1,soft_top3_balanced_objective,0.536239,0.42673277301527685,0.36248477594384565,0.7257115191200701,0.26147087496247234,0.3940298507462687,0.6482174573623505,0.339041095890411,0.47030878859857483,0.19180484309214443,0.42641509433962266,0.2684085510688836,2.674969748577063,0.3591682419659735,0.4513064133016627,2.2531195416440286
within_project,KC1,29,LR_std_C0.1,LR_std_C0.1,single_candidate_balanced_threshold,0.574207,0.3881980499730998,0.46558837089556687,0.7946347769877182,0.34979956035171117,0.4606741573033708,0.7145442792501616,0.36283185840707965,0.6307692307692307,0.17829170495465987,0.5348837209302325,0.35384615384615387,3.472629695885509,0.38823529411764707,0.5076923076923077,2.5205429864253395
within_project,KC1,29,LR_std_C1,LR_std_C1,single_candidate_balanced_threshold,0.265,0.3890446912352135,0.450034711101579,0.7925231631113984,0.32394660858410657,0.4067796610169492,0.7234432234432235,0.2608695652173913,0.9230769230769231,0.17670726714021773,0.5348837209302325,0.35384615384615387,3.472629695885509,0.4,0.5230769230769231,2.596923076923077
within_project,KC1,29,DT_leaf5,DT_leaf5,single_candidate_balanced_threshold,0.124,0.3567855854982029,0.3221561062345044,0.6723120017237665,0.26662107007878155,0.39779005524861877,0.6648782589959061,0.3103448275862069,0.5538461538461539,0.14673366477540714,0.4883720930232558,0.3230769230769231,3.170661896243291,0.3411764705882353,0.4461538461538462,2.215022624434389
within_project,KC1,29,ET_leaf5,ET_leaf5,single_candidate_balanced_threshold,0.5,0.422417230983649,0.49690328053089866,0.8165050635638871,0.35054966400120013,0.45989304812834225,0.7201249730661495,0.3524590163934426,0.6615384615384615,0.15273157648244684,0.5581395348837209,0.36923076923076925,3.623613595706619,0.4470588235294118,0.5846153846153846,2.9024434389140272
within_project,KC1,29,AQRPE_v2_balanced,ET_leaf5,balanced_objective,0.5,0.422417230983649,0.49690328053089866,0.8165050635638871,0.35054966400120013,0.45989304812834225,0.7201249730661495,0.3524590163934426,0.6615384615384615,0.15273157648244684,0.5581395348837209,0.36923076923076925,3.623613595706619,0.4470588235294118,0.5846153846153846,2.9024434389140272
within_project,KC1,29,AQRPE_v2_rank,ET_leaf5,rank_objective_fixed_threshold,0.5,0.3792698439376591,0.49690328053089866,0.8165050635638871,0.35054966400120013,0.45989304812834225,0.7201249730661495,0.3524590163934426,0.6615384615384615,0.15273157648244684,0.5581395348837209,0.36923076923076925,3.623613595706619,0.4470588235294118,0.5846153846153846,2.9024434389140272
within_project,KC1,29,AQRPE_v2_mcc,ET_leaf5,mcc_objective,0.6645,0.3042392204642714,0.49690328053089866,0.8165050635638871,0.35554981261723106,0.4462809917355372,0.6670760611937082,0.48214285714285715,0.4153846153846154,0.15273157648244684,0.5581395348837209,0.36923076923076925,3.623613595706619,0.4470588235294118,0.5846153846153846,2.9024434389140272
within_project,KC1,29,AQRPE_v2_soft_top3,ET_leaf5|LR_std_C1|LR_std_C0.1,soft_top3_balanced_objective,0.394295,0.40894555757094264,0.4870346025836308,0.805408317173023,0.3219740241680631,0.42231075697211157,0.7214177978883861,0.2849462365591398,0.8153846153846154,0.16602262116322755,0.5348837209302325,0.35384615384615387,3.472629695885509,0.4,0.5230769230769231,2.596923076923077
within_project,KC2,29,LR_std_C0.1,LR_std_C0.1,single_candidate_balanced_threshold,0.8525,0.5182699133003649,0.6977945007560589,0.8168127053669223,0.5504600653155819,0.5625,0.6985213581599123,0.9,0.4090909090909091,0.14124058550355043,0.8181818181818182,0.4090909090909091,3.9049586776859506,0.5714285714285714,0.5454545454545454,2.727272727272727
within_project,KC2,29,LR_std_C1,LR_std_C1,single_candidate_balanced_threshold,0.628072,0.5119755715198067,0.6413809986014251,0.7653340635268345,0.38851927009658077,0.5217391304347826,0.7004381161007667,0.5,0.5454545454545454,0.15970995069779836,0.9090909090909091,0.45454545454545453,4.338842975206611,0.47619047619047616,0.45454545454545453,2.2727272727272725
within_project,KC2,29,DT_leaf5,DT_leaf5,single_candidate_balanced_threshold,0.4295,0.6026502259021388,0.4501831904735716,0.7111171960569551,0.3276254640406363,0.46511627906976744,0.6610076670317634,0.47619047619047616,0.45454545454545453,0.17274891030243067,0.5454545454545454,0.2727272727272727,2.6033057851239665,0.47619047619047616,0.45454545454545453,2.2727272727272725
within_project,KC2,29,ET_leaf5,ET_leaf5,single_candidate_balanced_threshold,0.829,0.5470856444034917,0.6917882950766604,0.8028477546549835,0.46960267341894124,0.4666666666666667,0.6530668127053669,0.875,0.3181818181818182,0.145029360877946,0.9090909090909091,0.45454545454545453,4.338842975206611,0.5714285714285714,0.5454545454545454,2.727272727272727
within_project,KC2,29,AQRPE_v2_balanced,DT_leaf5,balanced_objective,0.4295,0.6026502259021388,0.4501831904735716,0.7111171960569551,0.3276254640406363,0.46511627906976744,0.6610076670317634,0.47619047619047616,0.45454545454545453,0.17274891030243067,0.5454545454545454,0.2727272727272727,2.6033057851239665,0.47619047619047616,0.45454545454545453,2.2727272727272725
within_project,KC2,29,AQRPE_v2_rank,ET_leaf5,rank_objective_fixed_threshold,0.5,0.5340700406180438,0.6917882950766604,0.8028477546549835,0.5084196828071379,0.6181818181818182,0.7899780941949617,0.5151515151515151,0.7727272727272727,0.14502936087794602,0.9090909090909091,0.45454545454545453,4.338842975206611,0.5714285714285714,0.5454545454545454,2.727272727272727
within_project,KC2,29,AQRPE_v2_mcc,DT_leaf5,mcc_objective,0.4295,0.5411242763937422,0.4501831904735716,0.7111171960569551,0.3276254640406363,0.46511627906976744,0.6610076670317634,0.47619047619047616,0.45454545454545453,0.17274891030243067,0.5454545454545454,0.2727272727272727,2.6033057851239665,0.47619047619047616,0.45454545454545453,2.2727272727272725
within_project,KC2,29,AQRPE_v2_soft_top3,DT_leaf5|ET_leaf5|LR_std_C0.1,soft_top3_balanced_objective,0.7585,0.5955762586274028,0.6205006333914184,0.8009309967141294,0.41764215857327397,0.5,0.6744249726177437,0.6428571428571429,0.4090909090909091,0.13828568271741454,0.6363636363636364,0.3181818181818182,3.037190082644628,0.5714285714285714,0.5454545454545454,2.727272727272727
within_project,PC1,29,LR_std_C0.1,LR_std_C0.1,single_candidate_balanced_threshold,0.735,0.4402123292352339,0.23422625610261003,0.8624798711755234,0.15164858246126126,0.20689655172413793,0.5734299516908212,0.21428571428571427,0.2,0.17241521124916806,0.21739130434782608,0.3333333333333333,3.2173913043478257,0.24444444444444444,0.7333333333333333,3.6177777777777775
within_project,PC1,29,LR_std_C1,LR_std_C1,single_candidate_balanced_threshold,0.5,0.4102794185831967,0.2741436171682185,0.8711755233494364,0.39115152352019716,0.37681159420289856,0.8342995169082126,0.24074074074074073,0.8666666666666667,0.15850382178743358,0.21739130434782608,0.3333333333333333,3.2173913043478257,0.28888888888888886,0.8666666666666667,4.275555555555555
within_project,PC1,29,DT_leaf5,DT_leaf5,single_candidate_balanced_threshold,0.03,0.41965619120469305,0.2546195546195546,0.721256038647343,0.2775055555797394,0.32,0.7014492753623188,0.22857142857142856,0.5333333333333333,0.06489427392903963,0.34782608695652173,0.5333333333333333,5.147826086956521,0.17777777777777778,0.5333333333333333,2.631111111111111
within_project,PC1,29,ET_leaf5,ET_leaf5,single_candidate_balanced_threshold,0.5,0.49685507225241893,0.47382749524551915,0.8631239935587762,0.2913789758408464,0.34285714285714286,0.6661835748792271,0.3,0.4,0.1017450536155483,0.30434782608695654,0.4666666666666667,4.504347826086956,0.24444444444444444,0.7333333333333333,3.6177777777777775
within_project,PC1,29,AQRPE_v2_balanced,ET_leaf5,balanced_objective,0.5,0.49685507225241893,0.47382749524551915,0.8631239935587762,0.2913789758408464,0.34285714285714286,0.6661835748792271,0.3,0.4,0.1017450536155483,0.30434782608695654,0.4666666666666667,4.504347826086956,0.24444444444444444,0.7333333333333333,3.6177777777777775
within_project,PC1,29,AQRPE_v2_rank,ET_leaf5,rank_objective_fixed_threshold,0.5,0.431688323619832,0.47382749524551915,0.8631239935587762,0.2913789758408464,0.34285714285714286,0.6661835748792271,0.3,0.4,0.1017450536155483,0.30434782608695654,0.4666666666666667,4.504347826086956,0.24444444444444444,0.7333333333333333,3.6177777777777775
within_project,PC1,29,AQRPE_v2_mcc,ET_leaf5,mcc_objective,0.5,0.42771845897117794,0.47382749524551915,0.8631239935587762,0.2913789758408464,0.34285714285714286,0.6661835748792271,0.3,0.4,0.1017450536155483,0.30434782608695654,0.4666666666666667,4.504347826086956,0.24444444444444444,0.7333333333333333,3.6177777777777775
within_project,PC1,29,AQRPE_v2_soft_top3,ET_leaf5|LR_std_C0.1|DT_leaf5,soft_top3_balanced_objective,0.4295,0.4961959850982523,0.4087538418628932,0.8982286634460547,0.4264271808126127,0.46153846153846156,0.763768115942029,0.375,0.6,0.0844836279312864,0.34782608695652173,0.5333333333333333,5.147826086956521,0.26666666666666666,0.8,3.9466666666666663
within_project,CM1,42,LR_std_C0.1,LR_std_C0.1,single_candidate_balanced_threshold,0.492559,0.41072601936556863,0.18118231481162517,0.6022222222222222,0.10639084227042907,0.2222222222222222,0.5777777777777777,0.15384615384615385,0.4,0.19430615035625767,0.1,0.1,1.0,0.15,0.3,1.4999999999999998
within_project,CM1,42,LR_std_C1,LR_std_C1,single_candidate_balanced_threshold,0.4295,0.4515273351133238,0.154863213841542,0.6133333333333333,0.08908708063747481,0.21052631578947367,0.5666666666666667,0.14285714285714285,0.4,0.1968634273730184,0.1,0.1,1.0,0.2,0.4,2.0
within_project,CM1,42,DT_leaf5,DT_leaf5,single_candidate_balanced_threshold,0.171,0.30767408389932105,0.1188888888888889,0.47500000000000003,-0.05255735165329335,0.10810810810810811,0.46111111111111114,0.07407407407407407,0.2,0.17244854259411213,0.2,0.2,2.0,0.1,0.2,1.0
within_project,CM1,42,ET_leaf5,ET_leaf5,single_candidate_balanced_threshold,0.359,0.40910132282044037,0.11845404423044174,0.48777777777777775,-0.09401267913629437,0.1111111111111111,0.42222222222222217,0.06818181818181818,0.3,0.2090102538044893,0.1,0.1,1.0,0.1,0.2,1.0
within_project,CM1,42,AQRPE_v2_balanced,LR_std_C1,balanced_objective,0.4295,0.4515273351133238,0.154863213841542,0.6133333333333333,0.08908708063747481,0.21052631578947367,0.5666666666666667,0.14285714285714285,0.4,0.1968634273730184,0.1,0.1,1.0,0.2,0.4,2.0
within_project,CM1,42,AQRPE_v2_rank,LR_std_C1,rank_objective_fixed_threshold,0.5,0.322912952836637,0.154863213841542,0.6133333333333333,0.14484136487558028,0.25,0.6000000000000001,0.18181818181818182,0.4,0.1968634273730184,0.1,0.1,1.0,0.2,0.4,2.0
within_project,CM1,42,AQRPE_v2_mcc,LR_std_C1,mcc_objective,0.4295,0.374645696313071,0.154863213841542,0.6133333333333333,0.08908708063747481,0.21052631578947367,0.5666666666666667,0.14285714285714285,0.4,0.1968634273730184,0.1,0.1,1.0,0.2,0.4,2.0
within_project,CM1,42,AQRPE_v2_soft_top3,LR_std_C1|LR_std_C0.1|ET_leaf5,soft_top3_balanced_objective,0.498515,0.4107047647467018,0.16854359595765056,0.5633333333333334,0.09760651021325908,0.21621621621621623,0.5722222222222222,0.14814814814814814,0.4,0.19356926891038007,0.1,0.1,1.0,0.15,0.3,1.4999999999999998
within_project,JM1,42,LR_std_C0.1,LR_std_C0.1,single_candidate_balanced_threshold,0.529985,0.39462082675544696,0.35714029668187586,0.7205013802400975,0.2578688659850356,0.39447004608294933,0.6528054182448482,0.32228915662650603,0.5083135391923991,0.2087137909933669,0.4490566037735849,0.2826603325415677,2.817003540536907,0.3534971644612476,0.44418052256532065,2.21754396993386
within_project,JM1,42,LR_std_C1,LR_std_C1,single_candidate_balanced_threshold,0.5235,0.39638123579366,0.3585760421944737,0.7199321649440414,0.2481207097684792,0.3877917414721723,0.6490996340758811,0.3116883116883117,0.5130641330166271,0.20814700219187443,0.4528301886792453,0.2850356294536817,2.840675839196881,0.3534971644612476,0.44418052256532065,2.21754396993386
within_project,JM1,42,DT_leaf5,DT_leaf5,single_candidate_balanced_threshold,0.142857,0.350695382440948,0.25193209787621484,0.6407855599066999,0.22281995737080276,0.37126715092816787,0.6407267124606792,0.28117359413202936,0.5463182897862233,0.1633195246815026,0.35094339622641507,0.2209026128266033,2.2015237753775825,0.30245746691871456,0.38004750593824227,1.8973638245423399
within_project,JM1,42,ET_leaf5,ET_leaf5,single_candidate_balanced_threshold,0.423457,0.4280300377809547,0.38347247303710424,0.7606257088442362,0.2753398098149459,0.4065620542082739,0.6817230532194902,0.290519877675841,0.6769596199524941,0.1682506311700566,0.44150943396226416,0.27790973871733965,2.769658943216959,0.3686200378071834,0.46318289786223277,2.312412161160977
within_project,JM1,42,AQRPE_v2_balanced,ET_leaf5,balanced_objective,0.423457,0.4280300377809547,0.38347247303710424,0.7606257088442362,0.2753398098149459,0.4065620542082739,0.6817230532194902,0.290519877675841,0.6769596199524941,0.1682506311700566,0.44150943396226416,0.27790973871733965,2.769658943216959,0.3686200378071834,0.46318289786223277,2.312412161160977
within_project,JM1,42,AQRPE_v2_rank,ET_leaf5,rank_objective_fixed_threshold,0.5,0.3919821344575491,0.38347247303710424,0.7606257088442362,0.28138481077548805,0.4134275618374558,0.6704773062849072,0.3291139240506329,0.5558194774346793,0.1682506311700566,0.44150943396226416,0.27790973871733965,2.769658943216959,0.3686200378071834,0.46318289786223277,2.312412161160977
within_project,JM1,42,AQRPE_v2_mcc,ET_leaf5,mcc_objective,0.423457,0.3060924761901354,0.38347247303710424,0.7606257088442362,0.2753398098149459,0.4065620542082739,0.6817230532194902,0.290519877675841,0.6769596199524941,0.1682506311700566,0.44150943396226416,0.27790973871733965,2.769658943216959,0.3686200378071834,0.46318289786223277,2.312412161160977
within_project,JM1,42,AQRPE_v2_soft_top3,ET_leaf5|LR_std_C1|LR_std_C0.1,soft_top3_balanced_objective,0.51657,0.418353613087011,0.3738891939921555,0.748318032997368,0.2788083201500822,0.4106813996316759,0.665296056151163,0.33533834586466166,0.5296912114014252,0.1909745257273327,0.4490566037735849,0.2826603325415677,2.817003540536907,0.3667296786389414,0.46080760095011875,2.3005536372575874
within_project,KC1,42,LR_std_C0.1,LR_std_C0.1,single_candidate_balanced_threshold,0.6645,0.47293445874911183,0.45143402317790593,0.7825037707390649,0.3738686776450184,0.46875,0.6845507433742728,0.47619047619047616,0.46153846153846156,0.17394865785847316,0.4883720930232558,0.3230769230769231,3.170661896243291,0.4470588235294118,0.5846153846153846,2.9024434389140272
within_project,KC1,42,LR_std_C1,LR_std_C1,single_candidate_balanced_threshold,0.7115,0.4767244921576055,0.4529694142858993,0.7825468648998062,0.41275768585915285,0.4915254237288136,0.6894634776987718,0.5471698113207547,0.4461538461538462,0.17076767458774414,0.5581395348837209,0.36923076923076925,3.623613595706619,0.4235294117647059,0.5538461538461539,2.749683257918552
within_project,KC1,42,DT_leaf5,DT_leaf5,single_candidate_balanced_threshold,0.218,0.47350805264675416,0.39220655403994775,0.7267614738202974,0.35454638358656554,0.46258503401360546,0.694311570782159,0.4146341463414634,0.5230769230769231,0.12026539838372644,0.4883720930232558,0.3230769230769231,3.170661896243291,0.4,0.5230769230769231,2.596923076923077
within_project,KC1,42,ET_leaf5,ET_leaf5,single_candidate_balanced_threshold,0.5705,0.5009855166206613,0.4665777753475287,0.8056237879767292,0.3991777949821022,0.5,0.7236802413273002,0.4367816091954023,0.5846153846153846,0.14950731368113965,0.4883720930232558,0.3230769230769231,3.170661896243291,0.43529411764705883,0.5692307692307692,2.8260633484162896
within_project,KC1,42,AQRPE_v2_balanced,ET_leaf5,balanced_objective,0.5705,0.5009855166206613,0.4665777753475287,0.8056237879767292,0.3991777949821022,0.5,0.7236802413273002,0.4367816091954023,0.5846153846153846,0.14950731368113962,0.4883720930232558,0.3230769230769231,3.170661896243291,0.43529411764705883,0.5692307692307692,2.8260633484162896
within_project,KC1,42,AQRPE_v2_rank,LR_std_C0.1,rank_objective_fixed_threshold,0.5,0.4262165718498949,0.45143402317790593,0.7825037707390649,0.32941956121676036,0.44221105527638194,0.7124111182934713,0.3283582089552239,0.676923076923077,0.17394865785847316,0.4883720930232558,0.3230769230769231,3.170661896243291,0.4470588235294118,0.5846153846153846,2.9024434389140272
within_project,KC1,42,AQRPE_v2_mcc,ET_leaf5,mcc_objective,0.5705,0.4147469076268092,0.4665777753475287,0.8056237879767292,0.3991777949821022,0.5,0.7236802413273002,0.4367816091954023,0.5846153846153846,0.14950731368113962,0.4883720930232558,0.3230769230769231,3.170661896243291,0.43529411764705883,0.5692307692307692,2.8260633484162896
within_project,KC1,42,AQRPE_v2_soft_top3,ET_leaf5|LR_std_C1|DT_leaf5,soft_top3_balanced_objective,0.4765,0.5012067351072175,0.4814353291395222,0.8045248868778281,0.41330317394185523,0.5103448275862069,0.7243912949795303,0.4625,0.5692307692307692,0.12397465511610664,0.5348837209302325,0.35384615384615387,3.472629695885509,0.43529411764705883,0.5692307692307692,2.8260633484162896
within_project,KC2,42,LR_std_C0.1,LR_std_C0.1,single_candidate_balanced_threshold,0.7115,0.7039885205964082,0.5404745184178661,0.7445235487404162,0.448844089277905,0.55,0.7078313253012047,0.6111111111111112,0.5,0.17074265877798936,0.7272727272727273,0.36363636363636365,3.4710743801652892,0.5238095238095238,0.5,2.5
within_project,KC2,42,LR_std_C1,LR_std_C1,single_candidate_balanced_threshold,0.735,0.6940190222720563,0.497068760194627,0.7384994523548741,0.3248275864741904,0.43243243243243246,0.6396495071193866,0.5333333333333333,0.36363636363636365,0.17396230341471225,0.6363636363636364,0.3181818181818182,3.037190082644628,0.5238095238095238,0.5,2.5
within_project,KC2,42,DT_leaf5,DT_leaf5,single_candidate_balanced_threshold,0.218,0.6188778611067086,0.36882096337796294,0.5966593647316538,0.23656107737687027,0.4,0.6202081051478642,0.391304347826087,0.4090909090909091,0.19315043438582694,0.45454545454545453,0.22727272727272727,2.1694214876033056,0.38095238095238093,0.36363636363636365,1.8181818181818181
within_project,KC2,42,ET_leaf5,ET_leaf5,single_candidate_balanced_threshold,0.7585,0.7601098629147847,0.5668080209469435,0.741511500547645,0.3248275864741904,0.43243243243243246,0.6396495071193866,0.5333333333333333,0.36363636363636365,0.1657502455493274,0.6363636363636364,0.3181818181818182,3.037190082644628,0.47619047619047616,0.45454545454545453,2.2727272727272725
within_project,KC2,42,AQRPE_v2_balanced,ET_leaf5,balanced_objective,0.7585,0.7601098629147847,0.5668080209469435,0.741511500547645,0.3248275864741904,0.43243243243243246,0.6396495071193866,0.5333333333333333,0.36363636363636365,0.16575024554932738,0.6363636363636364,0.3181818181818182,3.037190082644628,0.47619047619047616,0.45454545454545453,2.2727272727272725
within_project,KC2,42,AQRPE_v2_rank,ET_leaf5,rank_objective_fixed_threshold,0.5,0.6640729024777127,0.5668080209469435,0.741511500547645,0.36239168904308877,0.5098039215686274,0.6990690032858708,0.4482758620689655,0.5909090909090909,0.1657502455493274,0.6363636363636364,0.3181818181818182,3.037190082644628,0.47619047619047616,0.45454545454545453,2.2727272727272725
within_project,KC2,42,AQRPE_v2_mcc,ET_leaf5,mcc_objective,0.7585,0.7497771504927777,0.5668080209469435,0.741511500547645,0.3248275864741904,0.43243243243243246,0.6396495071193866,0.5333333333333333,0.36363636363636365,0.16575024554932738,0.6363636363636364,0.3181818181818182,3.037190082644628,0.47619047619047616,0.45454545454545453,2.2727272727272725
within_project,KC2,42,AQRPE_v2_soft_top3,ET_leaf5|LR_std_C0.1|LR_std_C1,soft_top3_balanced_objective,0.7585,0.7239677488925937,0.5365248151882719,0.7500000000000001,0.34880004452273433,0.4444444444444444,0.6456736035049289,0.5714285714285714,0.36363636363636365,0.16823695070932412,0.7272727272727273,0.36363636363636365,3.4710743801652892,0.5238095238095238,0.5,2.5
within_project,PC1,42,LR_std_C0.1,LR_std_C0.1,single_candidate_balanced_threshold,0.282,0.3353445695916363,0.2827625102153686,0.8239935587761674,0.2504410918162215,0.22388059701492538,0.748792270531401,0.12605042016806722,1.0,0.148377264911059,0.2608695652173913,0.4,3.8608695652173908,0.2,0.6,2.96
within_project,PC1,42,LR_std_C1,LR_std_C1,single_candidate_balanced_threshold,0.292993,0.37052599038669165,0.30759711727336353,0.8342995169082125,0.28673769569338037,0.25210084033613445,0.7850241545893719,0.14423076923076922,1.0,0.13983667679769135,0.2608695652173913,0.4,3.8608695652173908,0.2,0.6,2.96
within_project,PC1,42,DT_leaf5,DT_leaf5,single_candidate_balanced_threshold,0.406,0.5405077201330145,0.3095314279797038,0.8104669887278583,0.31451573532854066,0.36363636363636365,0.6710144927536232,0.3333333333333333,0.4,0.05750467794870522,0.30434782608695654,0.4666666666666667,4.504347826086956,0.26666666666666666,0.8,3.9466666666666663
within_project,PC1,42,ET_leaf5,ET_leaf5,single_candidate_balanced_threshold,0.532792,0.49544375030598814,0.41870668551739015,0.8764895330112722,0.47180490414884513,0.5,0.7971014492753623,0.4,0.6666666666666666,0.1036298669583292,0.391304347826087,0.6,5.791304347826087,0.24444444444444444,0.7333333333333333,3.6177777777777775
within_project,PC1,42,AQRPE_v2_balanced,DT_leaf5,balanced_objective,0.406,0.5405077201330145,0.3095314279797038,0.8104669887278583,0.31451573532854066,0.36363636363636365,0.6710144927536232,0.3333333333333333,0.4,0.05750467794870522,0.30434782608695654,0.4666666666666667,4.504347826086956,0.26666666666666666,0.8,3.9466666666666663
within_project,PC1,42,AQRPE_v2_rank,ET_leaf5,rank_objective_fixed_threshold,0.5,0.47400455686451115,0.41870668551739015,0.8764895330112722,0.46108217859443645,0.4782608695652174,0.8183574879227054,0.3548387096774194,0.7333333333333333,0.1036298669583292,0.391304347826087,0.6,5.791304347826087,0.24444444444444444,0.7333333333333333,3.6177777777777775
within_project,PC1,42,AQRPE_v2_mcc,DT_leaf5,mcc_objective,0.406,0.5009592846167241,0.3095314279797038,0.8104669887278583,0.31451573532854066,0.36363636363636365,0.6710144927536232,0.3333333333333333,0.4,0.05750467794870522,0.30434782608695654,0.4666666666666667,4.504347826086956,0.26666666666666666,0.8,3.9466666666666663
within_project,PC1,42,AQRPE_v2_soft_top3,DT_leaf5|ET_leaf5|LR_std_C1,soft_top3_balanced_objective,0.5235,0.4978948823680191,0.44490668486559515,0.9061191626409018,0.4107437477798389,0.45161290322580644,0.7115942028985507,0.4375,0.4666666666666667,0.07837461599350444,0.391304347826087,0.6,5.791304347826087,0.28888888888888886,0.8666666666666667,4.275555555555555
within_project,CM1,101,LR_std_C0.1,LR_std_C0.1,single_candidate_balanced_threshold,0.539624,0.4248880546850788,0.32881593497701567,0.8133333333333334,0.32673201960653564,0.4,0.6944444444444444,0.3333333333333333,0.5,0.15480964603857877,0.3,0.3,2.9999999999999996,0.3,0.6,2.9999999999999996
within_project,CM1,101,LR_std_C1,LR_std_C1,single_candidate_balanced_threshold,0.686567,0.39145540758118097,0.3775436507936508,0.7922222222222223,0.2872134789517764,0.36363636363636365,0.6555555555555556,0.3333333333333333,0.4,0.15132408775957407,0.4,0.4,4.0,0.3,0.6,2.9999999999999996
within_project,CM1,101,DT_leaf5,DT_leaf5,single_candidate_balanced_threshold,0.03,0.2257773937354321,0.1935714285714286,0.6288888888888888,0.1784344596771036,0.27586206896551724,0.6166666666666667,0.21052631578947367,0.4,0.10150656396372697,0.3,0.3,2.9999999999999996,0.2,0.4,2.0
within_project,CM1,101,ET_leaf5,ET_leaf5,single_candidate_balanced_threshold,0.42509,0.3625753918296138,0.25785271218714423,0.8044444444444445,0.3571037788198093,0.375,0.788888888888889,0.23684210526315788,0.9,0.15310282329386066,0.2,0.2,2.0,0.25,0.5,2.5
within_project,CM1,101,AQRPE_v2_balanced,LR_std_C0.1,balanced_objective,0.539624,0.4248880546850788,0.32881593497701567,0.8133333333333334,0.32673201960653564,0.4,0.6944444444444444,0.3333333333333333,0.5,0.15480964603857877,0.3,0.3,2.9999999999999996,0.3,0.6,2.9999999999999996
within_project,CM1,101,AQRPE_v2_rank,LR_std_C1,rank_objective_fixed_threshold,0.5,0.29046279780411105,0.3775436507936508,0.7922222222222223,0.3057762147373361,0.375,0.711111111111111,0.2727272727272727,0.6,0.15132408775957407,0.4,0.4,4.0,0.3,0.6,2.9999999999999996
within_project,CM1,101,AQRPE_v2_mcc,LR_std_C0.1,mcc_objective,0.539624,0.34837204032196417,0.32881593497701567,0.8133333333333334,0.32673201960653564,0.4,0.6944444444444444,0.3333333333333333,0.5,0.15480964603857877,0.3,0.3,2.9999999999999996,0.3,0.6,2.9999999999999996
within_project,CM1,101,AQRPE_v2_soft_top3,LR_std_C0.1|LR_std_C1|ET_leaf5,soft_top3_balanced_objective,0.5235,0.37608583923004835,0.3181837280366692,0.8155555555555556,0.3644054444067475,0.42857142857142855,0.7333333333333334,0.3333333333333333,0.6,0.14470079901777363,0.3,0.3,2.9999999999999996,0.3,0.6,2.9999999999999996
within_project,JM1,101,LR_std_C0.1,LR_std_C0.1,single_candidate_balanced_threshold,0.614946,0.43184672086490916,0.3635636909965507,0.7126548757783913,0.2610524282006426,0.37681159420289856,0.6287416276133616,0.3832923832923833,0.37054631828978624,0.21295530326681353,0.4528301886792453,0.2850356294536817,2.840675839196881,0.3553875236294896,0.44655581947743467,2.2294024938372496
within_project,JM1,101,LR_std_C1,LR_std_C1,single_candidate_balanced_threshold,0.6175,0.42845967198908286,0.3618552437450667,0.7132294408422674,0.2653073452677313,0.3818615751789976,0.6321408700862382,0.38369304556354916,0.38004750593824227,0.21233203017755042,0.44528301886792454,0.28028503562945367,2.793331241876933,0.3610586011342155,0.45368171021377673,2.2649780655474183
within_project,JM1,101,DT_leaf5,DT_leaf5,single_candidate_balanced_threshold,0.124,0.34183356922378133,0.294721242090904,0.6389714536389121,0.19775041538617774,0.3535031847133758,0.6255948941815925,0.26586826347305387,0.5273159144893111,0.1584803394977539,0.4339622641509434,0.27315914489311166,2.722314345897011,0.30812854442344045,0.38717339667458434,1.9329393962525088
within_project,JM1,101,ET_leaf5,ET_leaf5,single_candidate_balanced_threshold,0.5705,0.4626496979898897,0.4078004242890043,0.753566155228863,0.2979974299326563,0.4090909090909091,0.6481329310307933,0.41204819277108434,0.40617577197149646,0.17489820906857373,0.4679245283018868,0.29453681710213775,2.935365033836777,0.3818525519848771,0.47980997624703087,2.395421828484704
within_project,JM1,101,AQRPE_v2_balanced,ET_leaf5,balanced_objective,0.5705,0.4626496979898897,0.4078004242890043,0.753566155228863,0.2979974299326563,0.4090909090909091,0.6481329310307933,0.41204819277108434,0.40617577197149646,0.17489820906857373,0.4679245283018868,0.29453681710213775,2.935365033836777,0.3818525519848771,0.47980997624703087,2.395421828484704
within_project,JM1,101,AQRPE_v2_rank,ET_leaf5,rank_objective_fixed_threshold,0.5,0.41313950102594355,0.4078004242890043,0.753566155228863,0.31585362896310376,0.43954104148278905,0.6914451862789155,0.3497191011235955,0.5914489311163895,0.17489820906857373,0.4679245283018868,0.29453681710213775,2.935365033836777,0.3818525519848771,0.47980997624703087,2.395421828484704
within_project,JM1,101,AQRPE_v2_mcc,ET_leaf5,mcc_objective,0.5705,0.37068838354745404,0.4078004242890043,0.753566155228863,0.2979974299326563,0.4090909090909091,0.6481329310307933,0.41204819277108434,0.40617577197149646,0.17489820906857373,0.4679245283018868,0.29453681710213775,2.935365033836777,0.3818525519848771,0.47980997624703087,2.395421828484704
within_project,JM1,101,AQRPE_v2_soft_top3,ET_leaf5|LR_std_C0.1|LR_std_C1,soft_top3_balanced_objective,0.594,0.43851510683818096,0.3846416131997221,0.7364345937386318,0.2731381571627811,0.38802395209580837,0.6356422931244784,0.391304347826087,0.3847980997624703,0.19687880866979418,0.4679245283018868,0.29453681710213775,2.935365033836777,0.3780718336483932,0.4750593824228028,2.371704780677925
within_project,KC1,101,LR_std_C0.1,LR_std_C0.1,single_candidate_balanced_threshold,0.6645,0.4617720316891578,0.40914769113974025,0.7558931264813618,0.26857102899157026,0.3851851851851852,0.638375350140056,0.37142857142857144,0.4,0.18695384371861182,0.46511627906976744,0.3076923076923077,3.0196779964221823,0.32941176470588235,0.4307692307692308,2.1386425339366513
within_project,KC1,101,LR_std_C1,LR_std_C1,single_candidate_balanced_threshold,0.7585,0.46623809014344086,0.40953257085253747,0.7665804783451843,0.28773092189452965,0.3619047619047619,0.6167420814479638,0.475,0.2923076923076923,0.1845233724050966,0.46511627906976744,0.3076923076923077,3.0196779964221823,0.3411764705882353,0.4461538461538462,2.215022624434389
within_project,KC1,101,DT_leaf5,DT_leaf5,single_candidate_balanced_threshold,0.3355,0.4413005054247405,0.29924015898488876,0.6577246283128635,0.21594694721339253,0.3472222222222222,0.616677440206852,0.31645569620253167,0.38461538461538464,0.15395248675289042,0.3953488372093023,0.26153846153846155,2.566726296958855,0.3058823529411765,0.4,1.9858823529411764
within_project,KC1,101,ET_leaf5,ET_leaf5,single_candidate_balanced_threshold,0.594,0.46304240844314026,0.4210364749055936,0.784205990088343,0.3173493541134519,0.43243243243243246,0.6747252747252748,0.3855421686746988,0.49230769230769234,0.16095356254959872,0.46511627906976744,0.3076923076923077,3.0196779964221823,0.3764705882352941,0.49230769230769234,2.444162895927602
within_project,KC1,101,AQRPE_v2_balanced,LR_std_C1,balanced_objective,0.7585,0.46623809014344086,0.40953257085253747,0.7665804783451843,0.28773092189452965,0.3619047619047619,0.6167420814479638,0.475,0.2923076923076923,0.1845233724050966,0.46511627906976744,0.3076923076923077,3.0196779964221823,0.3411764705882353,0.4461538461538462,2.215022624434389
within_project,KC1,101,AQRPE_v2_rank,LR_std_C1,rank_objective_fixed_threshold,0.5,0.3933358891672145,0.40953257085253747,0.7665804783451843,0.28307107386697106,0.4075829383886256,0.6865115276879983,0.2945205479452055,0.6615384615384615,0.1845233724050966,0.46511627906976744,0.3076923076923077,3.0196779964221823,0.3411764705882353,0.4461538461538462,2.215022624434389
within_project,KC1,101,AQRPE_v2_mcc,LR_std_C1,mcc_objective,0.7585,0.384645168355089,0.40953257085253747,0.7665804783451843,0.28773092189452965,0.3619047619047619,0.6167420814479638,0.475,0.2923076923076923,0.1845233724050966,0.46511627906976744,0.3076923076923077,3.0196779964221823,0.3411764705882353,0.4461538461538462,2.215022624434389
within_project,KC1,101,AQRPE_v2_soft_top3,LR_std_C1|ET_leaf5|LR_std_C0.1,soft_top3_balanced_objective,0.641,0.47732296535317054,0.4362256984370918,0.7806291747468219,0.2693354716220049,0.38848920863309355,0.6418659771600949,0.36486486486486486,0.4153846153846154,0.17406914605073304,0.4418604651162791,0.2923076923076923,2.8686940966010734,0.32941176470588235,0.4307692307692308,2.1386425339366513
within_project,KC2,101,LR_std_C0.1,LR_std_C0.1,single_candidate_balanced_threshold,0.406,0.5922730744058571,0.6333149700733431,0.890197152245345,0.5230284943593165,0.6153846153846154,0.8159912376779846,0.46511627906976744,0.9090909090909091,0.1469909276163514,0.8181818181818182,0.4090909090909091,3.9049586776859506,0.6190476190476191,0.5909090909090909,2.9545454545454546
within_project,KC2,101,LR_std_C1,LR_std_C1,single_candidate_balanced_threshold,0.448312,0.6149185847975993,0.6148443286482267,0.8847207009857612,0.5939466456889808,0.6785714285714286,0.8414567360350493,0.5588235294117647,0.8636363636363636,0.14151717678640233,0.8181818181818182,0.4090909090909091,3.9049586776859506,0.6190476190476191,0.5909090909090909,2.9545454545454546
within_project,KC2,101,DT_leaf5,DT_leaf5,single_candidate_balanced_threshold,0.166667,0.43204554567411596,0.4620359559833245,0.7275465498357065,0.4040286729361515,0.5423728813559322,0.7371303395399781,0.43243243243243246,0.7272727272727273,0.1614190488971663,0.45454545454545453,0.22727272727272727,2.1694214876033056,0.47619047619047616,0.45454545454545453,2.2727272727272725
within_project,KC2,101,ET_leaf5,ET_leaf5,single_candidate_balanced_threshold,0.517102,0.6158297648578336,0.658969305417515,0.877053669222344,0.5742458736949841,0.6666666666666666,0.8247535596933188,0.5625,0.8181818181818182,0.1888740918436225,0.7272727272727273,0.36363636363636365,3.4710743801652892,0.6190476190476191,0.5909090909090909,2.9545454545454546
within_project,KC2,101,AQRPE_v2_balanced,ET_leaf5,balanced_objective,0.517102,0.6158297648578336,0.658969305417515,0.877053669222344,0.5742458736949841,0.6666666666666666,0.8247535596933188,0.5625,0.8181818181818182,0.1888740918436225,0.7272727272727273,0.36363636363636365,3.4710743801652892,0.6190476190476191,0.5909090909090909,2.9545454545454546
within_project,KC2,101,AQRPE_v2_rank,LR_std_C0.1,rank_objective_fixed_threshold,0.5,0.5510559610846433,0.6333149700733431,0.890197152245345,0.5439350997408309,0.6428571428571429,0.8127053669222344,0.5294117647058824,0.8181818181818182,0.1469909276163514,0.8181818181818182,0.4090909090909091,3.9049586776859506,0.6190476190476191,0.5909090909090909,2.9545454545454546
within_project,KC2,101,AQRPE_v2_mcc,ET_leaf5,mcc_objective,0.517102,0.5417363388859614,0.658969305417515,0.877053669222344,0.5742458736949841,0.6666666666666666,0.8247535596933188,0.5625,0.8181818181818182,0.1888740918436225,0.7272727272727273,0.36363636363636365,3.4710743801652892,0.6190476190476191,0.5909090909090909,2.9545454545454546
within_project,KC2,101,AQRPE_v2_soft_top3,ET_leaf5|LR_std_C1|LR_std_C0.1,soft_top3_balanced_objective,0.4295,0.5942725575791393,0.6204832856554219,0.8880065717415115,0.5230284943593165,0.6153846153846154,0.8159912376779846,0.46511627906976744,0.9090909090909091,0.15273319000243227,0.7272727272727273,0.36363636363636365,3.4710743801652892,0.6190476190476191,0.5909090909090909,2.9545454545454546
within_project,PC1,101,LR_std_C0.1,LR_std_C0.1,single_candidate_balanced_threshold,0.420564,0.3965675456104734,0.3496165567162006,0.8602254428341385,0.33892422596233085,0.3111111111111111,0.8193236714975846,0.18666666666666668,0.9333333333333333,0.16674005515998103,0.30434782608695654,0.4666666666666667,4.504347826086956,0.17777777777777778,0.5333333333333333,2.631111111111111
within_project,PC1,101,LR_std_C1,LR_std_C1,single_candidate_balanced_threshold,0.2885,0.3657028735438762,0.32503822770406,0.8644122383252819,0.21675425810041976,0.21052631578947367,0.7154589371980676,0.11864406779661017,0.9333333333333333,0.16340564617198322,0.30434782608695654,0.4666666666666667,4.504347826086956,0.24444444444444444,0.7333333333333333,3.6177777777777775
within_project,PC1,101,DT_leaf5,DT_leaf5,single_candidate_balanced_threshold,0.3355,0.3908523897586859,0.17960498313439488,0.7022544283413849,0.31354615549613907,0.35555555555555557,0.7135265700483091,0.26666666666666666,0.5333333333333333,0.08293292482483315,0.2608695652173913,0.4,3.8608695652173908,0.17777777777777778,0.5333333333333333,2.631111111111111
within_project,PC1,101,ET_leaf5,ET_leaf5,single_candidate_balanced_threshold,0.688,0.49740200296405335,0.4325169743136646,0.8859903381642512,0.3996343009378709,0.4166666666666667,0.6570048309178744,0.5555555555555556,0.3333333333333333,0.1195146866522063,0.34782608695652173,0.5333333333333333,5.147826086956521,0.24444444444444444,0.7333333333333333,3.6177777777777775
within_project,PC1,101,AQRPE_v2_balanced,ET_leaf5,balanced_objective,0.688,0.49740200296405335,0.4325169743136646,0.8859903381642512,0.3996343009378709,0.4166666666666667,0.6570048309178744,0.5555555555555556,0.3333333333333333,0.1195146866522063,0.34782608695652173,0.5333333333333333,5.147826086956521,0.24444444444444444,0.7333333333333333,3.6177777777777775
within_project,PC1,101,AQRPE_v2_rank,ET_leaf5,rank_objective_fixed_threshold,0.5,0.4783677128330164,0.4325169743136646,0.8859903381642512,0.33017866454997,0.37209302325581395,0.7183574879227053,0.2857142857142857,0.5333333333333333,0.1195146866522063,0.34782608695652173,0.5333333333333333,5.147826086956521,0.24444444444444444,0.7333333333333333,3.6177777777777775
within_project,PC1,101,AQRPE_v2_mcc,ET_leaf5,mcc_objective,0.688,0.4433697711665131,0.4325169743136646,0.8859903381642512,0.3996343009378709,0.4166666666666667,0.6570048309178744,0.5555555555555556,0.3333333333333333,0.11951468665220631,0.34782608695652173,0.5333333333333333,5.147826086956521,0.24444444444444444,0.7333333333333333,3.6177777777777775
within_project,PC1,101,AQRPE_v2_soft_top3,ET_leaf5|LR_std_C0.1|DT_leaf5,soft_top3_balanced_objective,0.266353,0.444813243680275,0.3771891948658468,0.8969404186795491,0.31788332421899557,0.2916666666666667,0.8048309178743962,0.1728395061728395,0.9333333333333333,0.09444856762725308,0.30434782608695654,0.4666666666666667,4.504347826086956,0.26666666666666666,0.8,3.9466666666666663
cross_project,CM1,7,LR_std_C0.1,LR_std_C0.1,single_candidate_balanced_threshold,0.531921,0.40457091218979013,0.2532772181226274,0.7553974819326393,0.23310679352639038,0.30275229357798167,0.6852870324076179,0.1952662721893491,0.673469387755102,0.24412744725934568,0.28,0.2857142857142857,2.845714285714286,0.26,0.5306122448979592,2.642448979591837
cross_project,CM1,7,LR_std_C1,LR_std_C1,single_candidate_balanced_threshold,0.5235,0.4017106046970222,0.25532599532596556,0.7646243352574883,0.20771191623129961,0.2809917355371901,0.6698786418799145,0.17616580310880828,0.6938775510204082,0.25115226936140006,0.28,0.2857142857142857,2.845714285714286,0.25,0.5102040816326531,2.5408163265306123
cross_project,CM1,7,DT_leaf5,DT_leaf5,single_candidate_balanced_threshold,0.171,0.34483667705737336,0.16368711386275359,0.6331075860188173,0.09451319506750916,0.21122112211221122,0.5793145766101541,0.12598425196850394,0.6530612244897959,0.18494595783861548,0.18,0.1836734693877551,1.8293877551020408,0.19,0.3877551020408163,1.9310204081632654
cross_project,CM1,7,ET_leaf5,ET_leaf5,single_candidate_balanced_threshold,0.453,0.434639478202617,0.2554896111827648,0.7776237443752556,0.3086804045418241,0.3699421965317919,0.7240807236034725,0.25806451612903225,0.6530612244897959,0.15269875448032838,0.3,0.30612244897959184,3.0489795918367344,0.26,0.5306122448979592,2.642448979591837
cross_project,CM1,7,AQRPE_v2_balanced,ET_leaf5,balanced_objective,0.453,0.434639478202617,0.2554896111827648,0.7776237443752556,0.3086804045418241,0.3699421965317919,0.7240807236034725,0.25806451612903225,0.6530612244897959,0.15269875448032838,0.3,0.30612244897959184,3.0489795918367344,0.26,0.5306122448979592,2.642448979591837
cross_project,CM1,7,AQRPE_v2_rank,ET_leaf5,rank_objective_fixed_threshold,0.5,0.3933435276753896,0.2554896111827648,0.7776237443752556,0.23215845905621998,0.3181818181818182,0.6452433980273624,0.25301204819277107,0.42857142857142855,0.15269875448032838,0.3,0.30612244897959184,3.0489795918367344,0.26,0.5306122448979592,2.642448979591837
cross_project,CM1,7,AQRPE_v2_mcc,ET_leaf5,mcc_objective,0.5705,0.31946644366531846,0.2554896111827648,0.7776237443752556,0.22509641772433758,0.2978723404255319,0.6083359847279669,0.3111111111111111,0.2857142857142857,0.15269875448032838,0.3,0.30612244897959184,3.0489795918367344,0.26,0.5306122448979592,2.642448979591837
cross_project,CM1,7,AQRPE_v2_soft_top3,ET_leaf5|LR_std_C0.1|LR_std_C1,soft_top3_balanced_objective,0.5,0.4211018080060822,0.25757712429337215,0.7786236989227762,0.24910728665480988,0.31336405529953915,0.6977182855324757,0.20238095238095238,0.6938775510204082,0.20950387549921104,0.24,0.24489795918367346,2.4391836734693877,0.25,0.5102040816326531,2.5408163265306123
cross_project,JM1,7,LR_std_C0.1,LR_std_C0.1,single_candidate_balanced_threshold,0.5705,0.4562238905809046,0.3159961053514876,0.6807094955696416,0.22633839002299286,0.37104885057471265,0.6360618405259485,0.2981240981240981,0.49120304327151687,0.23387987812871494,0.3883421650264951,0.24393723252496433,2.4382643590156166,0.3347216963271488,0.42035187826913933,2.1016002274387415
cross_project,JM1,7,LR_std_C1,LR_std_C1,single_candidate_balanced_threshold,0.5705,0.45906116699186317,0.31859644304971435,0.6846637430075634,0.22632130785410556,0.3724209078404402,0.6390315044036721,0.2916778884998653,0.514978601997147,0.23772043389491782,0.3936411809235428,0.24726581074655254,2.471535022783861,0.33547898523286634,0.4213029006181645,2.1063549790845304
cross_project,JM1,7,DT_leaf5,DT_leaf5,single_candidate_balanced_threshold,0.2415,0.42145982003178456,0.2391898835435784,0.6063210602961105,0.15560316644505107,0.3215997355808957,0.5973392491875167,0.24645390070921985,0.46267237280076084,0.20006500904592112,0.34367903103709313,0.21588207322872088,2.1578401929689863,0.27603180613404016,0.3466476462196862,1.7331069748900934
cross_project,JM1,7,ET_leaf5,ET_leaf5,single_candidate_balanced_threshold,0.4765,0.4886910603233667,0.3002151091606199,0.6590875514121559,0.18273786803127393,0.3424635591862886,0.6158398507834711,0.25821256038647344,0.5083214455539705,0.19351774073239836,0.3898561695685087,0.24488825487398955,2.4477702629494007,0.30897387353275274,0.3880171184022825,1.9399386714819151
cross_project,JM1,7,AQRPE_v2_balanced,ET_leaf5,balanced_objective,0.4765,0.4886910603233667,0.3002151091606199,0.6590875514121559,0.18273786803127393,0.3424635591862886,0.6158398507834711,0.25821256038647344,0.5083214455539705,0.19351774073239836,0.3898561695685087,0.24488825487398955,2.4477702629494007,0.30897387353275274,0.3880171184022825,1.9399386714819151
cross_project,JM1,7,AQRPE_v2_rank,ET_leaf5,rank_objective_fixed_threshold,0.5,0.42462215516544866,0.3002151091606199,0.6590875514121559,0.1971859983010282,0.34995625546806647,0.6201085284327711,0.2768549280177187,0.47551117451260105,0.19351774073239836,0.3898561695685087,0.24488825487398955,2.4477702629494007,0.30897387353275274,0.3880171184022825,1.9399386714819151
cross_project,JM1,7,AQRPE_v2_mcc,ET_leaf5,mcc_objective,0.4765,0.3962874812985653,0.3002151091606199,0.6590875514121559,0.18273786803127393,0.3424635591862886,0.6158398507834711,0.25821256038647344,0.5083214455539705,0.19351774073239836,0.3898561695685087,0.24488825487398955,2.4477702629494007,0.30897387353275274,0.3880171184022825,1.9399386714819151
cross_project,JM1,7,AQRPE_v2_soft_top3,ET_leaf5|LR_std_C1|LR_std_C0.1,soft_top3_balanced_objective,0.490219,0.4665009005563731,0.31370440487667534,0.6838847459604789,0.2114067551528082,0.36363636363636365,0.6363155735628123,0.2683257918552036,0.5639562529719448,0.21647431198902317,0.3890991672975019,0.24441274369947694,2.4430173109825084,0.33169254070427867,0.4165477888730385,2.082581220855585
cross_project,KC1,7,LR_std_C0.1,LR_std_C0.1,single_candidate_balanced_threshold,0.5235,0.40755758731455827,0.3884498544492171,0.7763583468958707,0.2949114130702645,0.40822320117474303,0.6526181145033703,0.39154929577464787,0.4263803680981595,0.1531238158056681,0.4549763033175355,0.294478527607362,2.9433896432413573,0.38388625592417064,0.49693251533742333,2.483485011484895
cross_project,KC1,7,LR_std_C1,LR_std_C1,single_candidate_balanced_threshold,0.5235,0.4096169934098878,0.39087177198595763,0.7800348554342478,0.2968188157340421,0.41201716738197425,0.6566412849371536,0.38605898123324395,0.44171779141104295,0.15286158132458819,0.4597156398104265,0.29754601226993865,2.9740499520251213,0.38388625592417064,0.49693251533742333,2.483485011484895
cross_project,KC1,7,DT_leaf5,DT_leaf5,single_candidate_balanced_threshold,0.312,0.3704780552563742,0.21582386755724767,0.5515975694097973,0.14050399456143878,0.2620232172470978,0.5656412470882121,0.2851985559566787,0.24233128834355827,0.16228875124618236,0.2890995260663507,0.18711656441717792,1.8702788358096123,0.24407582938388625,0.3159509202453988,1.5790059023638532
cross_project,KC1,7,ET_leaf5,ET_leaf5,single_candidate_balanced_threshold,0.525155,0.4609589899010305,0.3415691495704507,0.731073808876609,0.2544328000597403,0.3559322033898305,0.6164551713696843,0.3977272727272727,0.3220858895705521,0.14317033801128937,0.4075829383886256,0.26380368098159507,2.6367865554037158,0.33649289099526064,0.43558282208588955,2.1768819236472536
cross_project,KC1,7,AQRPE_v2_balanced,ET_leaf5,balanced_objective,0.525155,0.4609589899010305,0.3415691495704507,0.731073808876609,0.2544328000597403,0.3559322033898305,0.6164551713696843,0.3977272727272727,0.3220858895705521,0.14317033801128937,0.4075829383886256,0.26380368098159507,2.6367865554037158,0.33649289099526064,0.43558282208588955,2.1768819236472536
cross_project,KC1,7,AQRPE_v2_rank,ET_leaf5,rank_objective_fixed_threshold,0.5,0.41327809731284904,0.3415691495704507,0.731073808876609,0.25156638218021843,0.3667180277349769,0.6253083828523651,0.3684210526315789,0.36503067484662577,0.14317033801128937,0.4075829383886256,0.26380368098159507,2.6367865554037158,0.33649289099526064,0.43558282208588955,2.1768819236472536
cross_project,KC1,7,AQRPE_v2_mcc,ET_leaf5,mcc_objective,0.525155,0.3564159942944722,0.3415691495704507,0.731073808876609,0.2544328000597403,0.3559322033898305,0.6164551713696843,0.3977272727272727,0.3220858895705521,0.14317033801128937,0.4075829383886256,0.26380368098159507,2.6367865554037158,0.33649289099526064,0.43558282208588955,2.1768819236472536
cross_project,KC1,7,AQRPE_v2_soft_top3,ET_leaf5|LR_std_C1|LR_std_C0.1,soft_top3_balanced_objective,0.465388,0.42894395569228305,0.38144967000952906,0.7715566925530488,0.3105604365713467,0.4274193548387097,0.6712346324695746,0.3803827751196172,0.48773006134969327,0.14710470528895284,0.4265402843601896,0.27607361963190186,2.7594277905387727,0.3767772511848341,0.48773006134969327,2.437494548309249
cross_project,KC2,7,LR_std_C0.1,LR_std_C0.1,single_candidate_balanced_threshold,0.5235,0.3967451300492154,0.6361385705962561,0.8471455917126449,0.5150820007207124,0.6199261992619927,0.7961378223173066,0.5121951219512195,0.7850467289719626,0.16237420745013526,0.7169811320754716,0.35514018691588783,3.49779580320931,0.6095238095238096,0.5981308411214953,2.9735647530040055
cross_project,KC2,7,LR_std_C1,LR_std_C1,single_candidate_balanced_threshold,0.5235,0.39793379849566163,0.6233948191898017,0.8493975903614458,0.5237672151279358,0.6254545454545455,0.8030739781556131,0.5119047619047619,0.8037383177570093,0.1634336561032746,0.6792452830188679,0.3364485981308411,3.3137012872509253,0.6,0.5887850467289719,2.9271028037383173
cross_project,KC2,7,DT_leaf5,DT_leaf5,single_candidate_balanced_threshold,0.265,0.3304636685582538,0.37758253566225547,0.594752843148294,0.2562554193695305,0.4219409282700422,0.6372593176444095,0.38461538461538464,0.4672897196261682,0.17857260244808296,0.5849056603773585,0.2897196261682243,2.8534649973549637,0.4666666666666667,0.45794392523364486,2.2766355140186914
cross_project,KC2,7,ET_leaf5,ET_leaf5,single_candidate_balanced_threshold,0.511147,0.4285277268493354,0.6405410057038547,0.8427091543745074,0.5082792249724815,0.6140350877192983,0.7656570206057876,0.5785123966942148,0.6542056074766355,0.1403092281473631,0.7735849056603774,0.38317757009345793,3.7739375771468877,0.5714285714285714,0.5607476635514018,2.7877169559412547
cross_project,KC2,7,AQRPE_v2_balanced,ET_leaf5,balanced_objective,0.511147,0.4285277268493354,0.6405410057038547,0.8427091543745074,0.5082792249724815,0.6140350877192983,0.7656570206057876,0.5785123966942148,0.6542056074766355,0.1403092281473631,0.7735849056603774,0.38317757009345793,3.7739375771468877,0.5714285714285714,0.5607476635514018,2.7877169559412547
cross_project,KC2,7,AQRPE_v2_rank,ET_leaf5,rank_objective_fixed_threshold,0.5,0.390321455877669,0.6405410057038547,0.8427091543745074,0.47703759644600424,0.5925925925925926,0.7593401643959014,0.5294117647058824,0.6728971962616822,0.1403092281473631,0.7735849056603774,0.38317757009345793,3.7739375771468877,0.5714285714285714,0.5607476635514018,2.7877169559412547
cross_project,KC2,7,AQRPE_v2_mcc,ET_leaf5,mcc_objective,0.5423,0.31957170469453344,0.6405410057038547,0.8427091543745074,0.4642807520099052,0.5700483091787439,0.7263033442179934,0.59,0.5514018691588785,0.1403092281473631,0.7735849056603774,0.38317757009345793,3.7739375771468877,0.5714285714285714,0.5607476635514018,2.7877169559412547
cross_project,KC2,7,AQRPE_v2_soft_top3,ET_leaf5|LR_std_C1|LR_std_C0.1,soft_top3_balanced_objective,0.4765,0.41954262299489553,0.6406707310830578,0.8519873888075666,0.4983970336359345,0.6056338028169014,0.7922306046616372,0.4858757062146893,0.8037383177570093,0.15225004166076808,0.7358490566037735,0.3644859813084112,3.5898430611885024,0.5714285714285714,0.5607476635514018,2.7877169559412547
cross_project,PC1,7,LR_std_C0.1,LR_std_C0.1,single_candidate_balanced_threshold,0.514589,0.39383580330859524,0.18563283765991706,0.6834730192288332,0.15672708889615905,0.22393822393822393,0.6141837813349441,0.15934065934065933,0.37662337662337664,0.18702968035245762,0.16216216216216217,0.23376623376623376,2.3355563355563356,0.16666666666666666,0.4805194805194805,2.4004329004329
cross_project,PC1,7,LR_std_C1,LR_std_C1,single_candidate_balanced_threshold,0.5235,0.3954871959465694,0.1873422343711499,0.6827934662236989,0.1512878827350258,0.22026431718061673,0.6017756468337864,0.16666666666666666,0.3246753246753247,0.18003405520941004,0.15315315315315314,0.22077922077922077,2.2058032058032055,0.15315315315315314,0.44155844155844154,2.2058032058032055
cross_project,PC1,7,DT_leaf5,DT_leaf5,single_candidate_balanced_threshold,0.2415,0.35727915550024936,0.09773535534300366,0.510306553911205,0.007659322798427215,0.11578947368421053,0.5067137320044297,0.07260726072607261,0.2857142857142857,0.14126065094879744,0.13513513513513514,0.19480519480519481,1.9462969462969462,0.09009009009009009,0.2597402597402597,1.2975312975312974
cross_project,PC1,7,ET_leaf5,ET_leaf5,single_candidate_balanced_threshold,0.4765,0.4319362143028979,0.1932717291310331,0.698788130474177,0.20296487662471988,0.25,0.6706936474378334,0.16104868913857678,0.5584415584415584,0.16870867926878846,0.23423423423423423,0.33766233766233766,3.373581373581373,0.17567567567567569,0.5064935064935064,2.53018603018603
cross_project,PC1,7,AQRPE_v2_balanced,ET_leaf5,balanced_objective,0.4765,0.4319362143028979,0.1932717291310331,0.698788130474177,0.20296487662471988,0.25,0.6706936474378334,0.16104868913857678,0.5584415584415584,0.16870867926878846,0.23423423423423423,0.33766233766233766,3.373581373581373,0.17567567567567569,0.5064935064935064,2.53018603018603
cross_project,PC1,7,AQRPE_v2_rank,ET_leaf5,rank_objective_fixed_threshold,0.5,0.39160364870180664,0.1932717291310331,0.698788130474177,0.20655649576711485,0.2545454545454545,0.67049859055673,0.16600790513833993,0.5454545454545454,0.16870867926878846,0.23423423423423423,0.33766233766233766,3.373581373581373,0.17567567567567569,0.5064935064935064,2.53018603018603
cross_project,PC1,7,AQRPE_v2_mcc,ET_leaf5,mcc_objective,0.633721,0.3148763816042385,0.1932717291310331,0.698788130474177,0.21111142506484437,0.2717391304347826,0.6226089801671197,0.2336448598130841,0.3246753246753247,0.16870867926878846,0.23423423423423423,0.33766233766233766,3.373581373581373,0.17567567567567569,0.5064935064935064,2.53018603018603
cross_project,PC1,7,AQRPE_v2_soft_top3,ET_leaf5|LR_std_C1|LR_std_C0.1,soft_top3_balanced_objective,0.464921,0.41747997263067077,0.19913433926992852,0.7060492801771872,0.1847478869054863,0.23699421965317918,0.6557686499546964,0.1524163568773234,0.5324675324675324,0.17533773043536954,0.18018018018018017,0.2597402597402597,2.5950625950625947,0.17117117117117117,0.4935064935064935,2.465309465309465
cross_project,CM1,13,LR_std_C0.1,LR_std_C0.1,single_candidate_balanced_threshold,0.5705,0.3848247499612139,0.25557765959046885,0.7599881823553474,0.2780940271842635,0.3493975903614458,0.6979228216899231,0.24786324786324787,0.5918367346938775,0.23106695559218537,0.28,0.2857142857142857,2.845714285714286,0.25,0.5102040816326531,2.5408163265306123
cross_project,CM1,13,LR_std_C1,LR_std_C1,single_candidate_balanced_threshold,0.587225,0.38820888327924113,0.2582268875838092,0.7696695604745238,0.2844385256810558,0.35294117647058826,0.7047861460842689,0.24793388429752067,0.6122448979591837,0.23721336190370948,0.26,0.2653061224489796,2.642448979591837,0.26,0.5306122448979592,2.642448979591837
cross_project,CM1,13,DT_leaf5,DT_leaf5,single_candidate_balanced_threshold,0.1945,0.3528936404373527,0.1461235748370425,0.6359029135039316,0.1602838683231181,0.2557077625570776,0.6275851097677378,0.16470588235294117,0.5714285714285714,0.15189947670096457,0.16,0.16326530612244897,1.6261224489795918,0.15,0.30612244897959184,1.5244897959183672
cross_project,CM1,13,ET_leaf5,ET_leaf5,single_candidate_balanced_threshold,0.5,0.4393411735971071,0.2660879934256913,0.7781237216490159,0.2857433481198534,0.3611111111111111,0.6884687059679105,0.2736842105263158,0.5306122448979592,0.16010925135560283,0.32,0.32653061224489793,3.2522448979591836,0.27,0.5510204081632653,2.7440816326530615
cross_project,CM1,13,AQRPE_v2_balanced,ET_leaf5,balanced_objective,0.5,0.4393411735971071,0.2660879934256913,0.7781237216490159,0.2857433481198534,0.3611111111111111,0.6884687059679105,0.2736842105263158,0.5306122448979592,0.16010925135560283,0.32,0.32653061224489793,3.2522448979591836,0.27,0.5510204081632653,2.7440816326530615
cross_project,CM1,13,AQRPE_v2_rank,ET_leaf5,rank_objective_fixed_threshold,0.5,0.3950120851626327,0.2660879934256913,0.7781237216490159,0.2857433481198534,0.3611111111111111,0.6884687059679105,0.2736842105263158,0.5306122448979592,0.16010925135560283,0.32,0.32653061224489793,3.2522448979591836,0.27,0.5510204081632653,2.7440816326530615
cross_project,CM1,13,AQRPE_v2_mcc,ET_leaf5,mcc_objective,0.594,0.3315758094364575,0.2660879934256913,0.7781237216490159,0.22509641772433758,0.2978723404255319,0.6083359847279669,0.3111111111111111,0.2857142857142857,0.16010925135560283,0.32,0.32653061224489793,3.2522448979591836,0.27,0.5510204081632653,2.7440816326530615
cross_project,CM1,13,AQRPE_v2_soft_top3,ET_leaf5|LR_std_C1|LR_std_C0.1,soft_top3_balanced_objective,0.508563,0.4090170133959375,0.26126781447775527,0.7822598972773964,0.27001407267899413,0.3333333333333333,0.7075587473296668,0.2214765100671141,0.673469387755102,0.20476576873379415,0.3,0.30612244897959184,3.0489795918367344,0.25,0.5102040816326531,2.5408163265306123
cross_project,JM1,13,LR_std_C0.1,LR_std_C0.1,single_candidate_balanced_threshold,0.582479,0.4535072069881795,0.32042477112301393,0.6852569218873625,0.22922105248256497,0.3741032370953631,0.6396214920770483,0.2959579180509413,0.5083214455539705,0.2393821294145536,0.3898561695685087,0.24488825487398955,2.4477702629494007,0.33434305187429003,0.4198763670946267,2.099222851615847
cross_project,JM1,13,LR_std_C1,LR_std_C1,single_candidate_balanced_threshold,0.586658,0.4489463981421357,0.3241140406400286,0.6929049372161191,0.23816332995200984,0.3816433271469546,0.6476061903921727,0.29576359832635984,0.5378031383737518,0.24579057789407407,0.3959121877365632,0.24869234427009035,2.485793878684537,0.33964407421431275,0.42653352353780316,2.13250611313637
cross_project,JM1,13,DT_leaf5,DT_leaf5,single_candidate_balanced_threshold,0.406,0.394452010401766,0.23893948631987133,0.604493719812847,0.1538313514923059,0.31082900557799575,0.5890527355642565,0.26098191214470284,0.38421302900618165,0.2011425317726988,0.336109008327025,0.21112696148359486,2.1103106733000656,0.27489587277546385,0.34522111269614836,1.7259748474214098
cross_project,JM1,13,ET_leaf5,ET_leaf5,single_candidate_balanced_threshold,0.6175,0.4751346978697403,0.30380013771863795,0.6693121125388155,0.2053037921490553,0.32639920752847945,0.5992086322090906,0.3405684754521964,0.3133618640038041,0.19991065793217513,0.37698713096139286,0.23680456490727533,2.3669700795122357,0.3070806512684589,0.3856395625297194,1.9280517923674425
cross_project,JM1,13,AQRPE_v2_balanced,ET_leaf5,balanced_objective,0.6175,0.4751346978697403,0.30380013771863795,0.6693121125388155,0.2053037921490553,0.32639920752847945,0.5992086322090906,0.3405684754521964,0.3133618640038041,0.19991065793217513,0.37698713096139286,0.23680456490727533,2.3669700795122357,0.3070806512684589,0.3856395625297194,1.9280517923674425
cross_project,JM1,13,AQRPE_v2_rank,ET_leaf5,rank_objective_fixed_threshold,0.5,0.4174722835580368,0.30380013771863795,0.6693121125388155,0.17753567431747028,0.33863453815261046,0.612408639936522,0.25570111596312467,0.5011887779362815,0.19991065793217513,0.37698713096139286,0.23680456490727533,2.3669700795122357,0.3070806512684589,0.3856395625297194,1.9280517923674425
cross_project,JM1,13,AQRPE_v2_mcc,ET_leaf5,mcc_objective,0.6175,0.3942523786150614,0.30380013771863795,0.6693121125388155,0.2053037921490553,0.32639920752847945,0.5992086322090906,0.3405684754521964,0.3133618640038041,0.19991065793217513,0.37698713096139286,0.23680456490727533,2.3669700795122357,0.3070806512684589,0.3856395625297194,1.9280517923674425
cross_project,JM1,13,AQRPE_v2_soft_top3,ET_leaf5|LR_std_C0.1|LR_std_C1,soft_top3_balanced_objective,0.641,0.4583959150391751,0.3201987372516327,0.6929499996209104,0.2373298105146481,0.3669603524229075,0.625804660557798,0.34181370537546163,0.3961008083689967,0.2229048441399547,0.38455715367146104,0.24155967665240133,2.4144995991811564,0.3373722074971602,0.42368045649072755,2.118241858199003
cross_project,KC1,13,LR_std_C0.1,LR_std_C0.1,single_candidate_balanced_threshold,0.540748,0.3919953453195601,0.3920187401085202,0.7791643297812676,0.2661579016213136,0.3744,0.628410275643518,0.391304347826087,0.3588957055214724,0.1515865876506997,0.4597156398104265,0.29754601226993865,2.9740499520251213,0.3815165876777251,0.4938650306748466,2.468154857093013
cross_project,KC1,13,LR_std_C1,LR_std_C1,single_candidate_balanced_threshold,0.5235,0.38528844285405983,0.3934715396841599,0.7823660061452917,0.29754368103194373,0.41002949852507375,0.6534593932470607,0.39488636363636365,0.4263803680981595,0.15071644931989203,0.4549763033175355,0.294478527607362,2.9433896432413573,0.3815165876777251,0.4938650306748466,2.468154857093013
cross_project,KC1,13,DT_leaf5,DT_leaf5,single_candidate_balanced_threshold,0.2415,0.3601973928731934,0.23116831726708137,0.5854259210195817,0.17764426888146567,0.314002828854314,0.5945303118408692,0.29133858267716534,0.34049079754601225,0.1651806798623486,0.3222748815165877,0.2085889570552147,2.0849009972959616,0.26303317535545023,0.34049079754601225,1.7016471374989097
cross_project,KC1,13,ET_leaf5,ET_leaf5,single_candidate_balanced_threshold,0.5,0.4365881143958914,0.349563952778055,0.7466641319345282,0.27637662059611773,0.38412698412698415,0.6342648187207746,0.3980263157894737,0.37116564417177916,0.138532092607979,0.4312796208530806,0.2791411042944785,2.7900880993225368,0.36018957345971564,0.4662576687116564,2.3301834675660746
cross_project,KC1,13,AQRPE_v2_balanced,ET_leaf5,balanced_objective,0.5,0.4365881143958914,0.349563952778055,0.7466641319345282,0.27637662059611773,0.38412698412698415,0.6342648187207746,0.3980263157894737,0.37116564417177916,0.138532092607979,0.4312796208530806,0.2791411042944785,2.7900880993225368,0.36018957345971564,0.4662576687116564,2.3301834675660746
cross_project,KC1,13,AQRPE_v2_rank,ET_leaf5,rank_objective_fixed_threshold,0.5,0.3825378893206337,0.349563952778055,0.7466641319345282,0.27637662059611773,0.38412698412698415,0.6342648187207746,0.3980263157894737,0.37116564417177916,0.138532092607979,0.4312796208530806,0.2791411042944785,2.7900880993225368,0.36018957345971564,0.4662576687116564,2.3301834675660746
cross_project,KC1,13,AQRPE_v2_mcc,ET_leaf5,mcc_objective,0.5,0.3266536490401747,0.349563952778055,0.7466641319345282,0.27637662059611773,0.38412698412698415,0.6342648187207746,0.3980263157894737,0.37116564417177916,0.138532092607979,0.4312796208530806,0.2791411042944785,2.7900880993225368,0.36018957345971564,0.4662576687116564,2.3301834675660746
cross_project,KC1,13,AQRPE_v2_soft_top3,ET_leaf5|LR_std_C0.1|LR_std_C1,soft_top3_balanced_objective,0.435709,0.4074501833125241,0.38171501933107144,0.7754327682371683,0.3101974330522433,0.42947903430749684,0.6773179896018635,0.3665943600867679,0.5184049079754601,0.14439026208963873,0.44075829383886256,0.2852760736196319,2.851408716890065,0.36729857819905215,0.4754601226993865,2.3761739307417207
cross_project,KC2,13,LR_std_C0.1,LR_std_C0.1,single_candidate_balanced_threshold,0.547,0.4013775424921341,0.6370226166915345,0.8466726719963968,0.5009068197487426,0.6111111111111112,0.777885373268776,0.5310344827586206,0.719626168224299,0.1592165001005761,0.7358490566037735,0.3644859813084112,3.5898430611885024,0.5904761904761905,0.5794392523364486,2.88064085447263
cross_project,KC2,13,LR_std_C1,LR_std_C1,single_candidate_balanced_threshold,0.532651,0.4026337972492126,0.6384103590750042,0.8515369890778065,0.5063304903296929,0.6131386861313869,0.7925233644859813,0.5029940119760479,0.7850467289719626,0.15880533699718835,0.7358490566037735,0.3644859813084112,3.5898430611885024,0.5904761904761905,0.5794392523364486,2.88064085447263
cross_project,KC2,13,DT_leaf5,DT_leaf5,single_candidate_balanced_threshold,0.142857,0.37616035130137426,0.3326085361028407,0.5591712644972413,0.15808756337120486,0.36363636363636365,0.5914761851142889,0.2976190476190476,0.4672897196261682,0.1924938554814865,0.4716981132075472,0.2336448598130841,2.3011814494798095,0.3619047619047619,0.35514018691588783,1.765554072096128
cross_project,KC2,13,ET_leaf5,ET_leaf5,single_candidate_balanced_threshold,0.5235,0.44227982830647816,0.6304362892663794,0.8379574372255376,0.4513228300766369,0.5662100456621004,0.7294786623128026,0.5535714285714286,0.5794392523364486,0.1425995774779622,0.7169811320754716,0.35514018691588783,3.49779580320931,0.5619047619047619,0.5514018691588785,2.7412550066755674
cross_project,KC2,13,AQRPE_v2_balanced,ET_leaf5,balanced_objective,0.5235,0.44227982830647816,0.6304362892663794,0.8379574372255376,0.4513228300766369,0.5662100456621004,0.7294786623128026,0.5535714285714286,0.5794392523364486,0.14259957747796223,0.7169811320754716,0.35514018691588783,3.49779580320931,0.5619047619047619,0.5514018691588785,2.7412550066755674
cross_project,KC2,13,AQRPE_v2_rank,ET_leaf5,rank_objective_fixed_threshold,0.5,0.4175446391064234,0.6304362892663794,0.8379574372255376,0.4722655570979522,0.5882352941176471,0.7536088278347033,0.5343511450381679,0.6542056074766355,0.1425995774779622,0.7169811320754716,0.35514018691588783,3.49779580320931,0.5619047619047619,0.5514018691588785,2.7412550066755674
cross_project,KC2,13,AQRPE_v2_mcc,ET_leaf5,mcc_objective,0.641,0.3346954648638764,0.6304362892663794,0.8379574372255376,0.42635983503295505,0.475,0.6594978043013174,0.7169811320754716,0.35514018691588783,0.1425995774779622,0.7169811320754716,0.35514018691588783,3.49779580320931,0.5619047619047619,0.5514018691588785,2.7412550066755674
cross_project,KC2,13,AQRPE_v2_soft_top3,ET_leaf5|LR_std_C1|LR_std_C0.1,soft_top3_balanced_objective,0.5235,0.4199984087814302,0.6419323355145223,0.8511766692939986,0.5082572778352685,0.616600790513834,0.7825582704650378,0.5342465753424658,0.7289719626168224,0.15079727086896952,0.7358490566037735,0.3644859813084112,3.5898430611885024,0.580952380952381,0.5700934579439252,2.834178905206943
cross_project,PC1,13,LR_std_C0.1,LR_std_C0.1,single_candidate_balanced_threshold,0.547,0.3988790271424974,0.1742716423065619,0.6764509715091112,0.1676502639187597,0.23423423423423423,0.6111761300714789,0.1793103448275862,0.33766233766233766,0.19022898506432628,0.15315315315315314,0.22077922077922077,2.2058032058032055,0.16216216216216217,0.4675324675324675,2.3355563355563356
cross_project,PC1,13,LR_std_C1,LR_std_C1,single_candidate_balanced_threshold,0.594,0.39776910106564445,0.18003431715313992,0.6785777207288834,0.12065775413564546,0.1871345029239766,0.5661054062216853,0.1702127659574468,0.2077922077922078,0.18339413953022582,0.15315315315315314,0.22077922077922077,2.2058032058032055,0.15765765765765766,0.45454545454545453,2.2706797706797706
cross_project,PC1,13,DT_leaf5,DT_leaf5,single_candidate_balanced_threshold,0.2415,0.36673435137077975,0.10100596628844674,0.5827859156347529,0.0833958285132499,0.166189111747851,0.5705791301721534,0.10661764705882353,0.37662337662337664,0.14332663098993026,0.0990990990990991,0.14285714285714285,1.4272844272844272,0.1036036036036036,0.2987012987012987,1.492160992160992
cross_project,PC1,13,ET_leaf5,ET_leaf5,single_candidate_balanced_threshold,0.453698,0.4332459686531796,0.20594500929636606,0.7022739857042183,0.23745881365795296,0.2727272727272727,0.701707691533273,0.17454545454545456,0.6233766233766234,0.15860607406358482,0.23423423423423423,0.33766233766233766,3.373581373581373,0.18018018018018017,0.5194805194805194,2.5950625950625947
cross_project,PC1,13,AQRPE_v2_balanced,ET_leaf5,balanced_objective,0.453698,0.4332459686531796,0.20594500929636606,0.7022739857042183,0.23745881365795296,0.2727272727272727,0.701707691533273,0.17454545454545456,0.6233766233766234,0.15860607406358482,0.23423423423423423,0.33766233766233766,3.373581373581373,0.18018018018018017,0.5194805194805194,2.5950625950625947
cross_project,PC1,13,AQRPE_v2_rank,ET_leaf5,rank_objective_fixed_threshold,0.5,0.4057284356309184,0.20594500929636606,0.7022739857042183,0.22094442196255246,0.2702702702702703,0.6730154535387094,0.182648401826484,0.5194805194805194,0.15860607406358482,0.23423423423423423,0.33766233766233766,3.373581373581373,0.18018018018018017,0.5194805194805194,2.5950625950625947
cross_project,PC1,13,AQRPE_v2_mcc,ET_leaf5,mcc_objective,0.5705,0.31545587334119934,0.20594500929636606,0.7022739857042183,0.22255235862005632,0.2807017543859649,0.650137169032518,0.2119205298013245,0.4155844155844156,0.15860607406358482,0.23423423423423423,0.33766233766233766,3.373581373581373,0.18018018018018017,0.5194805194805194,2.5950625950625947
cross_project,PC1,13,AQRPE_v2_soft_top3,ET_leaf5|LR_std_C0.1|LR_std_C1,soft_top3_balanced_objective,0.5,0.41931234257623395,0.1877236990891982,0.7057975938789892,0.20703214086852822,0.26148409893992935,0.6583798952984999,0.1796116504854369,0.4805194805194805,0.1740036414805632,0.1891891891891892,0.2727272727272727,2.7248157248157248,0.17567567567567569,0.5064935064935064,2.53018603018603
cross_project,CM1,29,LR_std_C0.1,LR_std_C0.1,single_candidate_balanced_threshold,0.5235,0.39811227789081305,0.24862870271420517,0.7492613972092178,0.2112935917136921,0.2857142857142857,0.670810417708286,0.1813186813186813,0.673469387755102,0.24853200564921973,0.28,0.2857142857142857,2.845714285714286,0.24,0.4897959183673469,2.4391836734693877
cross_project,CM1,29,LR_std_C1,LR_std_C1,single_candidate_balanced_threshold,0.510717,0.39648544515663603,0.24916717206616912,0.7596245625198855,0.216850074326758,0.28346456692913385,0.6791509476841961,0.17560975609756097,0.7346938775510204,0.2562351727622953,0.28,0.2857142857142857,2.845714285714286,0.24,0.4897959183673469,2.4391836734693877
cross_project,CM1,29,DT_leaf5,DT_leaf5,single_candidate_balanced_threshold,0.218,0.35310647804436024,0.16293455422855418,0.6485387027862369,0.15996391595878812,0.25316455696202533,0.6301759010954048,0.1595744680851064,0.6122448979591837,0.14990463368837054,0.22,0.22448979591836735,2.235918367346939,0.19,0.3877551020408163,1.9310204081632654
cross_project,CM1,29,ET_leaf5,ET_leaf5,single_candidate_balanced_threshold,0.5235,0.4153846540092612,0.26767760769313487,0.7878960047270578,0.2653468774413679,0.34532374100719426,0.6714012999409118,0.26666666666666666,0.4897959183673469,0.17375142927246187,0.3,0.30612244897959184,3.0489795918367344,0.27,0.5510204081632653,2.7440816326530615
cross_project,CM1,29,AQRPE_v2_balanced,ET_leaf5,balanced_objective,0.5235,0.4153846540092612,0.26767760769313487,0.7878960047270578,0.2653468774413679,0.34532374100719426,0.6714012999409118,0.26666666666666666,0.4897959183673469,0.17375142927246187,0.3,0.30612244897959184,3.0489795918367344,0.27,0.5510204081632653,2.7440816326530615
cross_project,CM1,29,AQRPE_v2_rank,ET_leaf5,rank_objective_fixed_threshold,0.5,0.38553753279517056,0.26767760769313487,0.7878960047270578,0.2954244075901565,0.36046511627906974,0.7138766419708196,0.25203252032520324,0.6326530612244898,0.17375142927246187,0.3,0.30612244897959184,3.0489795918367344,0.27,0.5510204081632653,2.7440816326530615
cross_project,CM1,29,AQRPE_v2_mcc,ET_leaf5,mcc_objective,0.599308,0.30721038217856245,0.26767760769313487,0.7878960047270578,0.23517836890174046,0.2988505747126437,0.6048134175719285,0.34210526315789475,0.2653061224489796,0.17375142927246187,0.3,0.30612244897959184,3.0489795918367344,0.27,0.5510204081632653,2.7440816326530615
cross_project,CM1,29,AQRPE_v2_soft_top3,ET_leaf5|LR_std_C0.1|LR_std_C1,soft_top3_balanced_objective,0.544302,0.4083413004478133,0.2473281079587918,0.7731694013908459,0.26717721416702694,0.3333333333333333,0.7029225944275259,0.22377622377622378,0.6530612244897959,0.22119854191969776,0.26,0.2653061224489796,2.642448979591837,0.24,0.4897959183673469,2.4391836734693877
cross_project,JM1,29,LR_std_C0.1,LR_std_C0.1,single_candidate_balanced_threshold,0.641,0.4282116325056627,0.32940705736652437,0.694846968373174,0.24576555012910842,0.38064516129032255,0.638277865668029,0.3304165208260413,0.4488825487398954,0.240252322346183,0.39894019682059045,0.25059438896814074,2.504805686552105,0.3415372964786066,0.42891107941036616,2.1443929922508422
cross_project,JM1,29,LR_std_C1,LR_std_C1,single_candidate_balanced_threshold,0.547,0.43483152939052194,0.3316803546571734,0.6996714513773868,0.2314763839362828,0.37766281192939744,0.6496623767856995,0.27769075855896175,0.5901093675701379,0.24606539642854297,0.40348221044663135,0.25344745601521634,2.533323398353457,0.34948882998864067,0.43889681407513076,2.194317884531627
cross_project,JM1,29,DT_leaf5,DT_leaf5,single_candidate_balanced_threshold,0.1005,0.35706401683990996,0.20056718738529622,0.5665678592055148,0.08298375762471494,0.27963272120200333,0.5551771370149404,0.1976401179941003,0.47788873038516405,0.21492246820545488,0.2778198334595004,0.1745126010461246,1.7443333718493788,0.24233244982961,0.3043271516880647,1.5215205266524825
cross_project,JM1,29,ET_leaf5,ET_leaf5,single_candidate_balanced_threshold,0.6175,0.46172473146205556,0.2957931110926173,0.6579819161828134,0.1997227531362888,0.3251207729468599,0.5985736035484159,0.33038782523318605,0.3200190204469805,0.20009714218742883,0.3762301286903861,0.23632905373276272,2.362217127545344,0.3063233623627414,0.38468854018069426,1.9232970407216536
cross_project,JM1,29,AQRPE_v2_balanced,ET_leaf5,balanced_objective,0.6175,0.46172473146205556,0.2957931110926173,0.6579819161828134,0.1997227531362888,0.3251207729468599,0.5985736035484159,0.33038782523318605,0.3200190204469805,0.20009714218742883,0.3762301286903861,0.23632905373276272,2.362217127545344,0.3063233623627414,0.38468854018069426,1.9232970407216536
cross_project,JM1,29,AQRPE_v2_rank,ET_leaf5,rank_objective_fixed_threshold,0.5,0.42925986568016766,0.2957931110926173,0.6579819161828134,0.17534616169290526,0.33773584905660375,0.6119840381423272,0.2522903453136011,0.5106990014265336,0.20009714218742883,0.3762301286903861,0.23632905373276272,2.362217127545344,0.3063233623627414,0.38468854018069426,1.9232970407216536
cross_project,JM1,29,AQRPE_v2_mcc,ET_leaf5,mcc_objective,0.6645,0.3823036429285627,0.2957931110926173,0.6579819161828134,0.19845952626239619,0.29859154929577464,0.5847078758931683,0.36627505183137526,0.25202092249167857,0.20009714218742883,0.3762301286903861,0.23632905373276272,2.362217127545344,0.3063233623627414,0.38468854018069426,1.9232970407216536
cross_project,JM1,29,AQRPE_v2_soft_top3,ET_leaf5|LR_std_C1|LR_std_C0.1,soft_top3_balanced_objective,0.415395,0.4379730290006215,0.3236692287437847,0.6960802946944201,0.19513845204257835,0.34872364039955606,0.6331753193551639,0.2274504126248733,0.7470280551592963,0.222676328903449,0.38682816048448143,0.24298621017593913,2.4287584550818324,0.3373722074971602,0.42368045649072755,2.118241858199003
cross_project,KC1,29,LR_std_C0.1,LR_std_C0.1,single_candidate_balanced_threshold,0.5,0.3938856456651831,0.39143109634403156,0.7816090273166132,0.30121246654969536,0.4164305949008499,0.6601208069394314,0.3868421052631579,0.450920245398773,0.15402333323174455,0.45023696682464454,0.29141104294478526,2.9127293344575933,0.3767772511848341,0.48773006134969327,2.437494548309249
cross_project,KC1,29,LR_std_C1,LR_std_C1,single_candidate_balanced_threshold,0.495698,0.39163620373699415,0.3920382512546283,0.7831831991989788,0.31100124377069455,0.426812585499316,0.6694376679546776,0.3851851851851852,0.4785276073619632,0.1533856886144581,0.43601895734597157,0.2822085889570552,2.820748408106301,0.3791469194312796,0.49079754601226994,2.4528247027011307
cross_project,KC1,29,DT_leaf5,DT_leaf5,single_candidate_balanced_threshold,0.218,0.3736721328661401,0.2464439835169124,0.6113541663082487,0.19842594991616275,0.32848837209302323,0.6034867477092789,0.31215469613259667,0.34662576687116564,0.1597536765621227,0.3412322274881517,0.22085889570552147,2.207542232431018,0.2914691943127962,0.3773006134969325,1.8856089902014945
cross_project,KC1,29,ET_leaf5,ET_leaf5,single_candidate_balanced_threshold,0.468811,0.43535247065678695,0.34910125559518546,0.7506898829779546,0.28025337107254666,0.4,0.6503402963916196,0.3676092544987147,0.4386503067484663,0.13819853812765837,0.44549763033175355,0.2883435582822086,2.882069025673829,0.34834123222748814,0.450920245398773,2.253532695606664
cross_project,KC1,29,AQRPE_v2_balanced,ET_leaf5,balanced_objective,0.468811,0.43535247065678695,0.34910125559518546,0.7506898829779546,0.28025337107254666,0.4,0.6503402963916196,0.3676092544987147,0.4386503067484663,0.13819853812765837,0.44549763033175355,0.2883435582822086,2.882069025673829,0.34834123222748814,0.450920245398773,2.253532695606664
cross_project,KC1,29,AQRPE_v2_rank,ET_leaf5,rank_objective_fixed_threshold,0.5,0.39262696005488296,0.34910125559518546,0.7506898829779546,0.2906982137556264,0.4,0.6449838109755048,0.4012345679012346,0.3987730061349693,0.13819853812765837,0.44549763033175355,0.2883435582822086,2.882069025673829,0.34834123222748814,0.450920245398773,2.253532695606664
cross_project,KC1,29,AQRPE_v2_mcc,ET_leaf5,mcc_objective,0.5,0.3195870366870683,0.34910125559518546,0.7506898829779546,0.2906982137556264,0.4,0.6449838109755048,0.4012345679012346,0.3987730061349693,0.13819853812765837,0.44549763033175355,0.2883435582822086,2.882069025673829,0.34834123222748814,0.450920245398773,2.253532695606664
cross_project,KC1,29,AQRPE_v2_soft_top3,ET_leaf5|LR_std_C0.1|LR_std_C1,soft_top3_balanced_objective,0.456902,0.41210466203737955,0.38646412669993635,0.7793793805848693,0.2924726786050501,0.4137022397891963,0.6633999015927523,0.3625866050808314,0.4815950920245399,0.14595262388371152,0.44549763033175355,0.2883435582822086,2.882069025673829,0.3696682464454976,0.4785276073619632,2.3915040851336027
cross_project,KC2,29,LR_std_C0.1,LR_std_C0.1,single_candidate_balanced_threshold,0.5235,0.3825113079448154,0.6408279901155808,0.8483841909694854,0.5180385770165467,0.6222222222222222,0.797342641594415,0.5153374233128835,0.7850467289719626,0.16075458783548066,0.7358490566037735,0.3644859813084112,3.5898430611885024,0.6095238095238096,0.5981308411214953,2.9735647530040055
cross_project,KC2,29,LR_std_C1,LR_std_C1,single_candidate_balanced_threshold,0.50751,0.3827757553311761,0.6420997773140985,0.8534286679427993,0.5123125383215971,0.6164874551971327,0.7982547010471794,0.5,0.8037383177570093,0.16027141574791817,0.7358490566037735,0.3644859813084112,3.5898430611885024,0.6190476190476191,0.6074766355140186,3.0200267022696927
cross_project,KC2,29,DT_leaf5,DT_leaf5,single_candidate_balanced_threshold,0.406,0.3452332775566272,0.3199129756335364,0.5615471230717262,0.17686619781788857,0.31521739130434784,0.5776826933903839,0.37662337662337664,0.27102803738317754,0.1888150705796412,0.4528301886792453,0.22429906542056074,2.2091341915006173,0.3619047619047619,0.35514018691588783,1.765554072096128
cross_project,KC2,29,ET_leaf5,ET_leaf5,single_candidate_balanced_threshold,0.463723,0.42504546839895346,0.6203743433198967,0.8489021506587097,0.5082572778352685,0.616600790513834,0.7825582704650378,0.5342465753424658,0.7289719626168224,0.13955276265482905,0.6792452830188679,0.3364485981308411,3.3137012872509253,0.580952380952381,0.5700934579439252,2.834178905206943
cross_project,KC2,29,AQRPE_v2_balanced,ET_leaf5,balanced_objective,0.463723,0.42504546839895346,0.6203743433198967,0.8489021506587097,0.5082572778352685,0.616600790513834,0.7825582704650378,0.5342465753424658,0.7289719626168224,0.13955276265482905,0.6792452830188679,0.3364485981308411,3.3137012872509253,0.580952380952381,0.5700934579439252,2.834178905206943
cross_project,KC2,29,AQRPE_v2_rank,ET_leaf5,rank_objective_fixed_threshold,0.5,0.3845358485746204,0.6203743433198967,0.8489021506587097,0.5125093318288944,0.6192468619246861,0.7759148744510753,0.5606060606060606,0.6915887850467289,0.13955276265482905,0.6792452830188679,0.3364485981308411,3.3137012872509253,0.580952380952381,0.5700934579439252,2.834178905206943
cross_project,KC2,29,AQRPE_v2_mcc,ET_leaf5,mcc_objective,0.5705,0.3082193275634926,0.6203743433198967,0.8489021506587097,0.47964919589252764,0.5757575757575758,0.7253912847652291,0.6263736263736264,0.5327102803738317,0.13955276265482905,0.6792452830188679,0.3364485981308411,3.3137012872509253,0.580952380952381,0.5700934579439252,2.834178905206943
cross_project,KC2,29,AQRPE_v2_soft_top3,ET_leaf5|LR_std_C1|LR_std_C0.1,soft_top3_balanced_objective,0.485133,0.40828774400057527,0.6416917221559436,0.8566490260105843,0.5136094470235821,0.6181818181818182,0.797196261682243,0.5059523809523809,0.794392523364486,0.15081918558121357,0.7358490566037735,0.3644859813084112,3.5898430611885024,0.5904761904761905,0.5794392523364486,2.88064085447263
cross_project,PC1,29,LR_std_C0.1,LR_std_C0.1,single_candidate_balanced_threshold,0.5235,0.3962693796911673,0.1814953044868612,0.6785777207288836,0.168260141784367,0.23430962343096234,0.6168957011980267,0.1728395061728395,0.36363636363636365,0.18620040231652646,0.17117117117117117,0.24675324675324675,2.465309465309465,0.16666666666666666,0.4805194805194805,2.4004329004329
cross_project,PC1,29,LR_std_C1,LR_std_C1,single_candidate_balanced_threshold,0.524874,0.3999986496167205,0.16517936456438373,0.6721723044397463,0.1571276456219741,0.22522522522522523,0.6041981274539414,0.1724137931034483,0.3246753246753247,0.17850123868700837,0.17117117117117117,0.24675324675324675,2.465309465309465,0.14864864864864866,0.42857142857142855,2.140926640926641
cross_project,PC1,29,DT_leaf5,DT_leaf5,single_candidate_balanced_threshold,0.265,0.35287089744733485,0.09970722073026214,0.5472541024866606,0.04723426893490436,0.14250614250614252,0.542478354978355,0.08787878787878788,0.37662337662337664,0.14052386335730388,0.16216216216216217,0.23376623376623376,2.3355563355563356,0.10810810810810811,0.3116883116883117,1.557037557037557
cross_project,PC1,29,ET_leaf5,ET_leaf5,single_candidate_balanced_threshold,0.453333,0.43519111799970805,0.22486471616331016,0.7077355783751133,0.22257493353717886,0.25118483412322273,0.7026829759387899,0.1536231884057971,0.6883116883116883,0.17510296931235286,0.22522522522522523,0.3246753246753247,3.2438282438282435,0.17117117117117117,0.4935064935064935,2.465309465309465
cross_project,PC1,29,AQRPE_v2_balanced,ET_leaf5,balanced_objective,0.453333,0.43519111799970805,0.22486471616331016,0.7077355783751133,0.22257493353717886,0.25118483412322273,0.7026829759387899,0.1536231884057971,0.6883116883116883,0.17510296931235286,0.22522522522522523,0.3246753246753247,3.2438282438282435,0.17117117117117117,0.4935064935064935,2.465309465309465
cross_project,PC1,29,AQRPE_v2_rank,ET_leaf5,rank_objective_fixed_threshold,0.5,0.3937649330476818,0.22486471616331016,0.7077355783751133,0.1888282720226633,0.2404692082111437,0.6581911305748515,0.1553030303030303,0.5324675324675324,0.17510296931235286,0.22522522522522523,0.3246753246753247,3.2438282438282435,0.17117117117117117,0.4935064935064935,2.465309465309465
cross_project,PC1,29,AQRPE_v2_mcc,ET_leaf5,mcc_objective,0.453333,0.3168945512939103,0.22486471616331016,0.7077355783751133,0.22257493353717886,0.25118483412322273,0.7026829759387899,0.1536231884057971,0.6883116883116883,0.17510296931235286,0.22522522522522523,0.3246753246753247,3.2438282438282435,0.17117117117117117,0.4935064935064935,2.465309465309465
cross_project,PC1,29,AQRPE_v2_soft_top3,ET_leaf5|LR_std_C1|LR_std_C0.1,soft_top3_balanced_objective,0.502334,0.4188758741044517,0.1983533738158006,0.7034820799355683,0.19295767916625178,0.25,0.6489794120608074,0.17061611374407584,0.4675324675324675,0.17735895013331063,0.18018018018018017,0.2597402597402597,2.5950625950625947,0.16666666666666666,0.4805194805194805,2.4004329004329
cross_project,CM1,42,LR_std_C0.1,LR_std_C0.1,single_candidate_balanced_threshold,0.547,0.40845870950141355,0.23951611985357127,0.7374437525567021,0.2645028406784592,0.3333333333333333,0.6982864415253852,0.22627737226277372,0.6326530612244898,0.23429375014302,0.26,0.2653061224489796,2.642448979591837,0.26,0.5306122448979592,2.642448979591837
cross_project,CM1,42,LR_std_C1,LR_std_C1,single_candidate_balanced_threshold,0.5235,0.4110014153897074,0.2446303876345381,0.7486250624971591,0.20645685769776065,0.28205128205128205,0.6674696604699786,0.1783783783783784,0.673469387755102,0.24156180253248843,0.24,0.24489795918367346,2.4391836734693877,0.25,0.5102040816326531,2.5408163265306123
cross_project,CM1,42,DT_leaf5,DT_leaf5,single_candidate_balanced_threshold,0.171,0.358052925764893,0.10497081812048731,0.5322712603972547,0.05231009288000618,0.1897810218978102,0.5437025589745921,0.11555555555555555,0.5306122448979592,0.18984010664234083,0.08,0.08163265306122448,0.8130612244897959,0.09,0.1836734693877551,0.9146938775510204
cross_project,CM1,42,ET_leaf5,ET_leaf5,single_candidate_balanced_threshold,0.5,0.44761118045039416,0.27238203286643664,0.7834871142220807,0.23722287486345264,0.31901840490797545,0.667310576791964,0.22807017543859648,0.5306122448979592,0.17095420178997717,0.34,0.3469387755102041,3.455510204081633,0.25,0.5102040816326531,2.5408163265306123
cross_project,CM1,42,AQRPE_v2_balanced,ET_leaf5,balanced_objective,0.5,0.44761118045039416,0.27238203286643664,0.7834871142220807,0.23722287486345264,0.31901840490797545,0.667310576791964,0.22807017543859648,0.5306122448979592,0.1709542017899772,0.34,0.3469387755102041,3.455510204081633,0.25,0.5102040816326531,2.5408163265306123
cross_project,CM1,42,AQRPE_v2_rank,ET_leaf5,rank_objective_fixed_threshold,0.5,0.39865846242411984,0.27238203286643664,0.7834871142220807,0.23722287486345264,0.31901840490797545,0.667310576791964,0.22807017543859648,0.5306122448979592,0.17095420178997717,0.34,0.3469387755102041,3.455510204081633,0.25,0.5102040816326531,2.5408163265306123
cross_project,CM1,42,AQRPE_v2_mcc,ET_leaf5,mcc_objective,0.5,0.3379720842072828,0.27238203286643664,0.7834871142220807,0.23722287486345264,0.31901840490797545,0.667310576791964,0.22807017543859648,0.5306122448979592,0.1709542017899772,0.34,0.3469387755102041,3.455510204081633,0.25,0.5102040816326531,2.5408163265306123
cross_project,CM1,42,AQRPE_v2_soft_top3,ET_leaf5|LR_std_C1|LR_std_C0.1,soft_top3_balanced_objective,0.547,0.42807910352176415,0.2503562460016166,0.7678514612972137,0.23722287486345264,0.31901840490797545,0.667310576791964,0.22807017543859648,0.5306122448979592,0.21135111431301964,0.26,0.2653061224489796,2.642448979591837,0.26,0.5306122448979592,2.642448979591837
cross_project,JM1,42,LR_std_C0.1,LR_std_C0.1,single_candidate_balanced_threshold,0.5235,0.4174262582355806,0.3146237400651222,0.6804462745834801,0.21397659472372685,0.3653039017565677,0.6372585000995699,0.27136258660508084,0.5587256300523062,0.2361881420050243,0.3906131718395155,0.24536376604850213,2.4525232149162925,0.33055660734570236,0.41512125534950073,2.0754490933869016
cross_project,JM1,42,LR_std_C1,LR_std_C1,single_candidate_balanced_threshold,0.5235,0.41629478244203094,0.3181907164401032,0.689295275819398,0.2239183568963108,0.3724137931034483,0.645531156605007,0.27195095248522005,0.5905848787446505,0.2407270661533088,0.39288417865253594,0.24679029957203993,2.4667820708169685,0.3332071185157137,0.41844983357108895,2.0920907241471633
cross_project,JM1,42,DT_leaf5,DT_leaf5,single_candidate_balanced_threshold,0.3825,0.33780822260245696,0.21577879549341716,0.5932525773917888,0.11451011331302374,0.27611044417767105,0.5647359782137836,0.23834196891191708,0.3281027104136947,0.2043428289661677,0.3020439061317184,0.18972895863052783,1.896427834789924,0.24233244982961,0.3043271516880647,1.5215205266524825
cross_project,JM1,42,ET_leaf5,ET_leaf5,single_candidate_balanced_threshold,0.582069,0.4151094145826004,0.31071623556383193,0.6700601613088453,0.20373141093714695,0.3394152561002418,0.6081487006242728,0.31561733442354867,0.367094626723728,0.19675840001697265,0.3906131718395155,0.24536376604850213,2.4525232149162925,0.30670200681560017,0.38516405135520687,1.9256744165445483
cross_project,JM1,42,AQRPE_v2_balanced,LR_std_C0.1,balanced_objective,0.5235,0.4174262582355806,0.3146237400651222,0.6804462745834801,0.21397659472372685,0.3653039017565677,0.6372585000995699,0.27136258660508084,0.5587256300523062,0.2361881420050243,0.3906131718395155,0.24536376604850213,2.4525232149162925,0.33055660734570236,0.41512125534950073,2.0754490933869016
cross_project,JM1,42,AQRPE_v2_rank,ET_leaf5,rank_objective_fixed_threshold,0.5,0.36056137321648873,0.31071623556383193,0.6700602041438307,0.18250122518916195,0.3400409276944065,0.6125490316016391,0.26508907205530446,0.4740846409890632,0.19675840001697265,0.3906131718395155,0.24536376604850213,2.4525232149162925,0.30670200681560017,0.38516405135520687,1.9256744165445483
cross_project,JM1,42,AQRPE_v2_mcc,ET_leaf5,mcc_objective,0.631452,0.32085103739147497,0.31071623556383193,0.6700601613088453,0.21214652190882613,0.3305785123966942,0.6015182732120752,0.3492063492063492,0.31383737517831667,0.19675840001697265,0.3906131718395155,0.24536376604850213,2.4525232149162925,0.30670200681560017,0.38516405135520687,1.9256744165445483
cross_project,JM1,42,AQRPE_v2_soft_top3,LR_std_C0.1|LR_std_C1|ET_leaf5,soft_top3_balanced_objective,0.449965,0.42750699825814337,0.3202335050962771,0.6892446020315006,0.19800639800870967,0.3544869268164499,0.6334068210345309,0.24491648511256353,0.6414645744174988,0.21924290560872828,0.3853141559424678,0.24203518782691394,2.4192525511480483,0.3290420295342673,0.4132192106514503,2.065939590095324
cross_project,KC1,42,LR_std_C0.1,LR_std_C0.1,single_candidate_balanced_threshold,0.514298,0.41226063648163497,0.3889784921943654,0.7787290669547774,0.2914409398512267,0.4058394160583942,0.651496409511783,0.3871866295264624,0.4263803680981595,0.15495714181003786,0.44549763033175355,0.2883435582822086,2.882069025673829,0.3791469194312796,0.49079754601226994,2.4528247027011307
cross_project,KC1,42,LR_std_C1,LR_std_C1,single_candidate_balanced_threshold,0.5,0.4119019462322075,0.3910189735590419,0.7817724659273507,0.30847675463671576,0.4246575342465753,0.6679039256233893,0.38366336633663367,0.4754601226993865,0.15434561862008786,0.4549763033175355,0.294478527607362,2.9433896432413573,0.3767772511848341,0.48773006134969327,2.437494548309249
cross_project,KC1,42,DT_leaf5,DT_leaf5,single_candidate_balanced_threshold,0.3355,0.38793237027395794,0.2070808999392906,0.5389551627676522,0.11642521706544133,0.24302134646962234,0.5548878467049055,0.26148409893992935,0.22699386503067484,0.16477028861843088,0.26540284360189575,0.17177914110429449,1.716977291890792,0.23459715639810427,0.30368098159509205,1.517685284796325
cross_project,KC1,42,ET_leaf5,ET_leaf5,single_candidate_balanced_threshold,0.4765,0.44596865978490413,0.3502013945083242,0.7417635542220494,0.27708365363657733,0.3875968992248062,0.6373150993190632,0.39184952978056425,0.3834355828220859,0.13623905775974832,0.4265402843601896,0.27607361963190186,2.7594277905387727,0.34360189573459715,0.4447852760736196,2.2228723868229
cross_project,KC1,42,AQRPE_v2_balanced,ET_leaf5,balanced_objective,0.4765,0.44596865978490413,0.3502013945083242,0.7417635542220494,0.27708365363657733,0.3875968992248062,0.6373150993190632,0.39184952978056425,0.3834355828220859,0.13623905775974832,0.4265402843601896,0.27607361963190186,2.7594277905387727,0.34360189573459715,0.4447852760736196,2.2228723868229
cross_project,KC1,42,AQRPE_v2_rank,ET_leaf5,rank_objective_fixed_threshold,0.5,0.4116116881436368,0.3502013945083242,0.7417635542220494,0.2727314234183206,0.3739565943238731,0.6266305151929092,0.41025641025641024,0.34355828220858897,0.13623905775974832,0.4265402843601896,0.27607361963190186,2.7594277905387727,0.34360189573459715,0.4447852760736196,2.2228723868229
cross_project,KC1,42,AQRPE_v2_mcc,ET_leaf5,mcc_objective,0.4765,0.33062760396966934,0.3502013945083242,0.7417635542220494,0.27708365363657733,0.3875968992248062,0.6373150993190632,0.39184952978056425,0.3834355828220859,0.13623905775974832,0.4265402843601896,0.27607361963190186,2.7594277905387727,0.34360189573459715,0.4447852760736196,2.2228723868229
cross_project,KC1,42,AQRPE_v2_soft_top3,ET_leaf5|LR_std_C0.1|LR_std_C1,soft_top3_balanced_objective,0.4765,0.43520426167693044,0.38251830575410256,0.7750680420742595,0.2866174210131691,0.4039829302987198,0.651891242787196,0.376657824933687,0.43558282208588955,0.14537136728271918,0.44549763033175355,0.2883435582822086,2.882069025673829,0.3696682464454976,0.4785276073619632,2.3915040851336027
cross_project,KC2,42,LR_std_C0.1,LR_std_C0.1,single_candidate_balanced_threshold,0.517599,0.40996977476453544,0.6398965523285182,0.8483616709829974,0.5121453401691624,0.6176470588235294,0.7949330030401982,0.509090909090909,0.7850467289719626,0.16132869187397214,0.7358490566037735,0.3644859813084112,3.5898430611885024,0.6,0.5887850467289719,2.9271028037383173
cross_project,KC2,42,LR_std_C1,LR_std_C1,single_candidate_balanced_threshold,0.520673,0.40655000979256695,0.6411417232188877,0.8530908681454791,0.516504265915824,0.6204379562043796,0.7984010809593514,0.5089820359281437,0.794392523364486,0.1610954443770742,0.7358490566037735,0.3644859813084112,3.5898430611885024,0.5904761904761905,0.5794392523364486,2.88064085447263
cross_project,KC2,42,DT_leaf5,DT_leaf5,single_candidate_balanced_threshold,0.218,0.37022419611057267,0.32827408798095903,0.5754081747550951,0.1878568613381745,0.36283185840707965,0.5976128814322711,0.3445378151260504,0.38317757009345793,0.18634017158756125,0.37735849056603776,0.18691588785046728,1.8409451595838477,0.3238095238095238,0.3177570093457944,1.579706275033378
cross_project,KC2,42,ET_leaf5,ET_leaf5,single_candidate_balanced_threshold,0.480253,0.4516613796829103,0.6312041134613806,0.8470780317531809,0.48939823270675803,0.6024096385542169,0.7697443981533612,0.528169014084507,0.7009345794392523,0.14364889884426704,0.6981132075471698,0.34579439252336447,3.405748545230118,0.5904761904761905,0.5794392523364486,2.88064085447263
cross_project,KC2,42,AQRPE_v2_balanced,ET_leaf5,balanced_objective,0.480253,0.4516613796829103,0.6312041134613806,0.8470780317531809,0.48939823270675803,0.6024096385542169,0.7697443981533612,0.528169014084507,0.7009345794392523,0.14364889884426704,0.6981132075471698,0.34579439252336447,3.405748545230118,0.5904761904761905,0.5794392523364486,2.88064085447263
cross_project,KC2,42,AQRPE_v2_rank,ET_leaf5,rank_objective_fixed_threshold,0.5,0.4102873139788795,0.6312041134613806,0.8470780317531809,0.4976694666246321,0.6075949367088608,0.766569080058552,0.5538461538461539,0.6728971962616822,0.14364889884426701,0.6981132075471698,0.34579439252336447,3.405748545230118,0.5904761904761905,0.5794392523364486,2.88064085447263
cross_project,KC2,42,AQRPE_v2_mcc,ET_leaf5,mcc_objective,0.5,0.34102111273924735,0.6312041134613806,0.8470780317531809,0.4976694666246321,0.6075949367088608,0.766569080058552,0.5538461538461539,0.6728971962616822,0.14364889884426704,0.6981132075471698,0.34579439252336447,3.405748545230118,0.5904761904761905,0.5794392523364486,2.88064085447263
cross_project,KC2,42,AQRPE_v2_soft_top3,ET_leaf5|LR_std_C0.1|LR_std_C1,soft_top3_balanced_objective,0.500301,0.42721644418422106,0.6450657530169566,0.8578200653079608,0.5197596410749231,0.6240601503759399,0.7962842022294787,0.5220125786163522,0.7757009345794392,0.15240816729899623,0.7169811320754716,0.35514018691588783,3.49779580320931,0.6,0.5887850467289719,2.9271028037383173
cross_project,PC1,42,LR_std_C0.1,LR_std_C0.1,single_candidate_balanced_threshold,0.547,0.406000041508789,0.1883575672660941,0.6807799758381154,0.1669719057877573,0.2336448598130841,0.6080740964461895,0.18248175182481752,0.3246753246753247,0.18742907093453245,0.16216216216216217,0.23376623376623376,2.3355563355563356,0.16216216216216217,0.4675324675324675,2.3355563355563356
cross_project,PC1,42,LR_std_C1,LR_std_C1,single_candidate_balanced_threshold,0.536534,0.4045375699135489,0.19165588746578602,0.6798235679049632,0.1682494048891157,0.2347417840375587,0.6085585925702205,0.18382352941176472,0.3246753246753247,0.18033880357448084,0.16216216216216217,0.23376623376623376,2.3355563355563356,0.15765765765765766,0.45454545454545453,2.2706797706797706
cross_project,PC1,42,DT_leaf5,DT_leaf5,single_candidate_balanced_threshold,0.3355,0.3615776089732035,0.16636394445589828,0.7173814557535487,0.2326498204982275,0.275,0.6892995570321152,0.18106995884773663,0.5714285714285714,0.11456625287848696,0.1891891891891892,0.2727272727272727,2.7248157248157248,0.16216216216216217,0.4675324675324675,2.3355563355563356
cross_project,PC1,42,ET_leaf5,ET_leaf5,single_candidate_balanced_threshold,0.5,0.45502969276070826,0.19857692484747053,0.7139962750427866,0.18711214431520612,0.24024024024024024,0.655089096949562,0.15625,0.5194805194805194,0.1600084508862191,0.25225225225225223,0.36363636363636365,3.6330876330876323,0.16216216216216217,0.4675324675324675,2.3355563355563356
cross_project,PC1,42,AQRPE_v2_balanced,ET_leaf5,balanced_objective,0.5,0.45502969276070826,0.19857692484747053,0.7139962750427866,0.18711214431520612,0.24024024024024024,0.655089096949562,0.15625,0.5194805194805194,0.1600084508862191,0.25225225225225223,0.36363636363636365,3.6330876330876323,0.16216216216216217,0.4675324675324675,2.3355563355563356
cross_project,PC1,42,AQRPE_v2_rank,ET_leaf5,rank_objective_fixed_threshold,0.5,0.42667541600324205,0.19857692484747053,0.7139962750427866,0.18711214431520612,0.24024024024024024,0.655089096949562,0.15625,0.5194805194805194,0.1600084508862191,0.25225225225225223,0.36363636363636365,3.6330876330876323,0.16216216216216217,0.4675324675324675,2.3355563355563356
cross_project,PC1,42,AQRPE_v2_mcc,ET_leaf5,mcc_objective,0.5705,0.34259137309553556,0.19857692484747053,0.7139962750427866,0.21110495726716214,0.2693877551020408,0.6488787375415282,0.19642857142857142,0.42857142857142855,0.1600084508862191,0.25225225225225223,0.36363636363636365,3.6330876330876323,0.16216216216216217,0.4675324675324675,2.3355563355563356
cross_project,PC1,42,AQRPE_v2_soft_top3,ET_leaf5|LR_std_C0.1|LR_std_C1,soft_top3_balanced_objective,0.510719,0.43164146133886705,0.20289367387789653,0.70570950367462,0.2103778984291144,0.2656826568265683,0.6572158461693345,0.18556701030927836,0.4675324675324675,0.17225793037845,0.1891891891891892,0.2727272727272727,2.7248157248157248,0.16666666666666666,0.4805194805194805,2.4004329004329
cross_project,CM1,101,LR_std_C0.1,LR_std_C0.1,single_candidate_balanced_threshold,0.5705,0.415968706185313,0.22611149956323787,0.7388073269396845,0.24668736253550747,0.32222222222222224,0.6823326212444889,0.22137404580152673,0.5918367346938775,0.24200165621335945,0.26,0.2653061224489796,2.642448979591837,0.25,0.5102040816326531,2.5408163265306123
cross_project,CM1,101,LR_std_C1,LR_std_C1,single_candidate_balanced_threshold,0.511088,0.4092673766159173,0.22468047114260667,0.7454888414162992,0.22754865466194307,0.291497975708502,0.6869460479069134,0.18181818181818182,0.7346938775510204,0.24816152803778044,0.28,0.2857142857142857,2.845714285714286,0.23,0.46938775510204084,2.337551020408163
cross_project,CM1,101,DT_leaf5,DT_leaf5,single_candidate_balanced_threshold,0.312,0.3697833874376083,0.12872563640916318,0.5067269669560475,0.0436567986862686,0.17708333333333334,0.5331575837461934,0.11888111888111888,0.3469387755102041,0.17301064094313914,0.2,0.20408163265306123,2.0326530612244897,0.14,0.2857142857142857,1.422857142857143
cross_project,CM1,101,ET_leaf5,ET_leaf5,single_candidate_balanced_threshold,0.4765,0.4526730919872475,0.2619319216821004,0.7801236307440571,0.26415857930838027,0.3372093023255814,0.6912413072133086,0.23577235772357724,0.5918367346938775,0.166775148562383,0.32,0.32653061224489793,3.2522448979591836,0.28,0.5714285714285714,2.845714285714286
cross_project,CM1,101,AQRPE_v2_balanced,ET_leaf5,balanced_objective,0.4765,0.4526730919872475,0.2619319216821004,0.7801236307440571,0.26415857930838027,0.3372093023255814,0.6912413072133086,0.23577235772357724,0.5918367346938775,0.16677514856238299,0.32,0.32653061224489793,3.2522448979591836,0.28,0.5714285714285714,2.845714285714286
cross_project,CM1,101,AQRPE_v2_rank,ET_leaf5,rank_objective_fixed_threshold,0.5,0.4134729540006083,0.2619319216821004,0.7801236307440571,0.3056312848112491,0.37583892617449666,0.7055361119949093,0.28,0.5714285714285714,0.16677514856238299,0.32,0.32653061224489793,3.2522448979591836,0.28,0.5714285714285714,2.845714285714286
cross_project,CM1,101,AQRPE_v2_mcc,ET_leaf5,mcc_objective,0.554583,0.34737347996391166,0.2619319216821004,0.7801236307440571,0.2624083275709327,0.33962264150943394,0.6402436252897595,0.3157894736842105,0.3673469387755102,0.16677514856238299,0.32,0.32653061224489793,3.2522448979591836,0.28,0.5714285714285714,2.845714285714286
cross_project,CM1,101,AQRPE_v2_soft_top3,ET_leaf5|LR_std_C0.1|LR_std_C1,soft_top3_balanced_objective,0.5,0.43950694413886565,0.23765950171700687,0.7649425026135175,0.24211908138972538,0.3076923076923077,0.693263942548066,0.19767441860465115,0.6938775510204082,0.21395837600446155,0.26,0.2653061224489796,2.642448979591837,0.26,0.5306122448979592,2.642448979591837
cross_project,JM1,101,LR_std_C0.1,LR_std_C0.1,single_candidate_balanced_threshold,0.5705,0.4146721397907724,0.3188782115847525,0.6866450538463611,0.22771188482931964,0.37317581653926335,0.639188794470586,0.2940049274568848,0.5106990014265336,0.23727522365188194,0.3936411809235428,0.24726581074655254,2.471535022783861,0.3339644074214313,0.4194008559201141,2.0968454757929527
cross_project,JM1,101,LR_std_C1,LR_std_C1,single_candidate_balanced_threshold,0.594,0.4215879109491857,0.3232752988724923,0.6933880301830729,0.23640309130645468,0.3797292606733773,0.6445744800378901,0.29898879475266465,0.5202092249167856,0.24438067251662818,0.3951551854655564,0.24821683309557774,2.4810409267176445,0.33888678530859523,0.42558250118877794,2.127751361490581
cross_project,JM1,101,DT_leaf5,DT_leaf5,single_candidate_balanced_threshold,0.265,0.38115846840085904,0.22039298785508313,0.5898115359156577,0.11786173234495412,0.29163810829335163,0.5725218793610032,0.2279667827484597,0.4046600095102235,0.20963931390220675,0.30431491294473884,0.19115549215406563,1.9106866906906,0.24422567209390383,0.3067047075606277,1.5334074057669551
cross_project,JM1,101,ET_leaf5,ET_leaf5,single_candidate_balanced_threshold,0.453,0.44017019246962286,0.2933999345591153,0.663151327908111,0.1636883674320224,0.3321534758601161,0.6083170849524422,0.23649193548387096,0.557774607703281,0.1976565538922618,0.3709311127933384,0.2330004755111745,2.3289464637770996,0.30480878455130633,0.3827864954826438,1.9137875374300757
cross_project,JM1,101,AQRPE_v2_balanced,ET_leaf5,balanced_objective,0.453,0.44017019246962286,0.2933999345591153,0.663151327908111,0.1636883674320224,0.3321534758601161,0.6083170849524422,0.23649193548387096,0.557774607703281,0.1976565538922618,0.3709311127933384,0.2330004755111745,2.3289464637770996,0.30480878455130633,0.3827864954826438,1.9137875374300757
cross_project,JM1,101,AQRPE_v2_rank,ET_leaf5,rank_objective_fixed_threshold,0.5,0.3650066474279657,0.2933999345591153,0.663151327908111,0.1848924224430571,0.34311140408701385,0.6158037194731657,0.26254728877679695,0.4950071326676177,0.1976565538922618,0.3709311127933384,0.2330004755111745,2.3289464637770996,0.30480878455130633,0.3827864954826438,1.9137875374300757
cross_project,JM1,101,AQRPE_v2_mcc,ET_leaf5,mcc_objective,0.453,0.3379242871837979,0.2933999345591153,0.663151327908111,0.1636883674320224,0.3321534758601161,0.6083170849524422,0.23649193548387096,0.557774607703281,0.1976565538922618,0.3709311127933384,0.2330004755111745,2.3289464637770996,0.30480878455130633,0.3827864954826438,1.9137875374300757
cross_project,JM1,101,AQRPE_v2_soft_top3,ET_leaf5|LR_std_C1|LR_std_C0.1,soft_top3_balanced_objective,0.430713,0.42637527297821165,0.31415493430830693,0.6909856300188949,0.19611319514117947,0.3519011867280213,0.6336761460061324,0.23606823720552397,0.6909177365668093,0.22076948218554904,0.3762301286903861,0.23632905373276272,2.362217127545344,0.3335857629685725,0.4189253447456015,2.094468099970058
cross_project,KC1,101,LR_std_C0.1,LR_std_C0.1,single_candidate_balanced_threshold,0.5235,0.41584271923432586,0.3924586946901756,0.7790955135241149,0.28784600321837656,0.39939485627836613,0.6455274594070103,0.3940298507462687,0.4049079754601227,0.15323545323637025,0.45023696682464454,0.29141104294478526,2.9127293344575933,0.3815165876777251,0.4938650306748466,2.468154857093013
cross_project,KC1,101,LR_std_C1,LR_std_C1,single_candidate_balanced_threshold,0.5235,0.41126327762119763,0.3950593569669689,0.7829991157110956,0.29137524914248203,0.40416047548291234,0.6494190187489892,0.3919308357348703,0.4171779141104294,0.15229957738022995,0.4597156398104265,0.29754601226993865,2.9740499520251213,0.3791469194312796,0.49079754601226994,2.4528247027011307
cross_project,KC1,101,DT_leaf5,DT_leaf5,single_candidate_balanced_threshold,0.453,0.3494339814728285,0.23363785782445762,0.6019641880197778,0.15242687654539994,0.2585278276481149,0.565841674437169,0.3116883116883117,0.22085889570552147,0.15946331077185244,0.33649289099526064,0.21779141104294478,2.1768819236472536,0.28199052132701424,0.36503067484662577,1.8242883726339665
cross_project,KC1,101,ET_leaf5,ET_leaf5,single_candidate_balanced_threshold,0.549919,0.4404165119192176,0.34396638578166644,0.750859343011193,0.2234676112868079,0.31226765799256506,0.5929397960974301,0.39622641509433965,0.25766871165644173,0.140721626553088,0.3933649289099526,0.254601226993865,2.5448056290524237,0.3459715639810427,0.44785276073619634,2.238202541214782
cross_project,KC1,101,AQRPE_v2_balanced,ET_leaf5,balanced_objective,0.549919,0.4404165119192176,0.34396638578166644,0.750859343011193,0.2234676112868079,0.31226765799256506,0.5929397960974301,0.39622641509433965,0.25766871165644173,0.140721626553088,0.3933649289099526,0.254601226993865,2.5448056290524237,0.3459715639810427,0.44785276073619634,2.238202541214782
cross_project,KC1,101,AQRPE_v2_rank,ET_leaf5,rank_objective_fixed_threshold,0.5,0.3923459689489896,0.34396638578166644,0.750859343011193,0.24792429682453768,0.36363636363636365,0.6234942142731799,0.3653250773993808,0.3619631901840491,0.140721626553088,0.3933649289099526,0.254601226993865,2.5448056290524237,0.3459715639810427,0.44785276073619634,2.238202541214782
cross_project,KC1,101,AQRPE_v2_mcc,ET_leaf5,mcc_objective,0.5705,0.339265920978127,0.34396638578166644,0.750859343011193,0.2060220776394468,0.26582278481012656,0.5727895357999373,0.42567567567567566,0.19325153374233128,0.140721626553088,0.3933649289099526,0.254601226993865,2.5448056290524237,0.3459715639810427,0.44785276073619634,2.238202541214782
cross_project,KC1,101,AQRPE_v2_soft_top3,ET_leaf5|LR_std_C0.1|LR_std_C1,soft_top3_balanced_objective,0.509782,0.4242691495753093,0.38380665026798627,0.7807505445086347,0.2824644083978053,0.3945371775417299,0.6424599747444336,0.39039039039039036,0.3987730061349693,0.1463058276275801,0.4312796208530806,0.2791411042944785,2.7900880993225368,0.37203791469194314,0.4815950920245399,2.406834239525485
cross_project,KC2,101,LR_std_C0.1,LR_std_C0.1,single_candidate_balanced_threshold,0.526159,0.38606109492659174,0.6404424628961762,0.8483166310100214,0.5107577950982859,0.6171003717472119,0.7926697443981534,0.5123456790123457,0.7757009345794392,0.16037494544133452,0.7358490566037735,0.3644859813084112,3.5898430611885024,0.6,0.5887850467289719,2.9271028037383173
cross_project,KC2,101,LR_std_C1,LR_std_C1,single_candidate_balanced_threshold,0.5235,0.38814730820973975,0.638175557555001,0.852685508388695,0.5136094470235821,0.6181818181818182,0.797196261682243,0.5059523809523809,0.794392523364486,0.16040025640516778,0.7358490566037735,0.3644859813084112,3.5898430611885024,0.6,0.5887850467289719,2.9271028037383173
cross_project,KC2,101,DT_leaf5,DT_leaf5,single_candidate_balanced_threshold,0.1475,0.3363266599474492,0.3288783167542536,0.5465375520774687,0.15887305868451362,0.3609022556390977,0.5905641256615246,0.3018867924528302,0.4485981308411215,0.19782894880358023,0.49056603773584906,0.24299065420560748,2.3932287074590017,0.3619047619047619,0.35514018691588783,1.765554072096128
cross_project,KC2,101,ET_leaf5,ET_leaf5,single_candidate_balanced_threshold,0.518908,0.4296047000929895,0.6323778870419037,0.8471455917126449,0.45907095964192485,0.5714285714285714,0.7318883008670194,0.5636363636363636,0.5794392523364486,0.14243833047271928,0.6981132075471698,0.34579439252336447,3.405748545230118,0.580952380952381,0.5700934579439252,2.834178905206943
cross_project,KC2,101,AQRPE_v2_balanced,ET_leaf5,balanced_objective,0.518908,0.4296047000929895,0.6323778870419037,0.8471455917126449,0.45907095964192485,0.5714285714285714,0.7318883008670194,0.5636363636363636,0.5794392523364486,0.14243833047271928,0.6981132075471698,0.34579439252336447,3.405748545230118,0.580952380952381,0.5700934579439252,2.834178905206943
cross_project,KC2,101,AQRPE_v2_rank,ET_leaf5,rank_objective_fixed_threshold,0.5,0.37820401017551886,0.6323778870419037,0.8471455917126449,0.45538767279155173,0.5714285714285714,0.7352099988740006,0.5470085470085471,0.5981308411214953,0.14243833047271928,0.6981132075471698,0.34579439252336447,3.405748545230118,0.580952380952381,0.5700934579439252,2.834178905206943
cross_project,KC2,101,AQRPE_v2_mcc,ET_leaf5,mcc_objective,0.518908,0.31975467633230165,0.6323778870419037,0.8471455917126449,0.45907095964192485,0.5714285714285714,0.7318883008670194,0.5636363636363636,0.5794392523364486,0.14243833047271928,0.6981132075471698,0.34579439252336447,3.405748545230118,0.580952380952381,0.5700934579439252,2.834178905206943
cross_project,KC2,101,AQRPE_v2_soft_top3,ET_leaf5|LR_std_C1|LR_std_C0.1,soft_top3_balanced_objective,0.547,0.4088013602855998,0.6413596210184289,0.8572345456592727,0.5194586488633613,0.6239316239316239,0.7760612543632474,0.5748031496062992,0.6822429906542056,0.1518239739446805,0.7358490566037735,0.3644859813084112,3.5898430611885024,0.5904761904761905,0.5794392523364486,2.88064085447263
cross_project,PC1,101,LR_std_C0.1,LR_std_C0.1,single_candidate_balanced_threshold,0.564093,0.40971341657659754,0.19341695873967002,0.6930370985603544,0.1369545081943623,0.20689655172413793,0.5854915433403806,0.16666666666666666,0.2727272727272727,0.18599051685159693,0.16216216216216217,0.23376623376623376,2.3355563355563356,0.17117117117117117,0.4935064935064935,2.465309465309465
cross_project,PC1,101,LR_std_C1,LR_std_C1,single_candidate_balanced_threshold,0.568082,0.4092620217162827,0.1900172665120211,0.6879152823920266,0.11907562132260782,0.18947368421052632,0.5708559851001711,0.1592920353982301,0.23376623376623376,0.17784065770743057,0.15315315315315314,0.22077922077922077,2.2058032058032055,0.16216216216216217,0.4675324675324675,2.3355563355563356
cross_project,PC1,101,DT_leaf5,DT_leaf5,single_candidate_balanced_threshold,0.166667,0.3391291702348637,0.10652388682395716,0.5384010369475486,0.03513524189426352,0.13466334164588528,0.5314293264874661,0.08333333333333333,0.35064935064935066,0.12601849087328706,0.16216216216216217,0.23376623376623376,2.3355563355563356,0.1036036036036036,0.2987012987012987,1.492160992160992
cross_project,PC1,101,ET_leaf5,ET_leaf5,single_candidate_balanced_threshold,0.547,0.4423034000026957,0.22295267763843504,0.724403503473271,0.21306027610183187,0.2692307692307692,0.6555673009161381,0.1912568306010929,0.45454545454545453,0.16923955592212392,0.24324324324324326,0.35064935064935066,3.503334503334503,0.17567567567567569,0.5064935064935064,2.53018603018603
cross_project,PC1,101,AQRPE_v2_balanced,ET_leaf5,balanced_objective,0.547,0.4423034000026957,0.22295267763843504,0.724403503473271,0.21306027610183187,0.2692307692307692,0.6555673009161381,0.1912568306010929,0.45454545454545453,0.16923955592212392,0.24324324324324326,0.35064935064935066,3.503334503334503,0.17567567567567569,0.5064935064935064,2.53018603018603
cross_project,PC1,101,AQRPE_v2_rank,ET_leaf5,rank_objective_fixed_threshold,0.5,0.39296855434415334,0.22295267763843504,0.724403503473271,0.2114828134717949,0.26031746031746034,0.6707880297996577,0.1722689075630252,0.5324675324675324,0.16923955592212392,0.24324324324324326,0.35064935064935066,3.503334503334503,0.17567567567567569,0.5064935064935064,2.53018603018603
cross_project,PC1,101,AQRPE_v2_mcc,ET_leaf5,mcc_objective,0.547,0.3376357502926145,0.22295267763843504,0.724403503473271,0.21306027610183187,0.2692307692307692,0.6555673009161381,0.1912568306010929,0.45454545454545453,0.16923955592212392,0.24324324324324326,0.35064935064935066,3.503334503334503,0.17567567567567569,0.5064935064935064,2.53018603018603
cross_project,PC1,101,AQRPE_v2_soft_top3,ET_leaf5|LR_std_C0.1|LR_std_C1,soft_top3_balanced_objective,0.5235,0.42413866816641627,0.21017921135678094,0.7188978657001914,0.19541627659804287,0.256,0.6394782543038358,0.18497109826589594,0.4155844155844156,0.17466653060555967,0.18018018018018017,0.2597402597402597,2.5950625950625947,0.17567567567567569,0.5064935064935064,2.53018603018603
